event-id,visible,timestamp,location-long,location-lat,behavioural-classification,comments,lat-lower,lat-upper,long-lower,long-upper,sensor-type,individual-taxon-canonical-name,tag-local-identifier,individual-local-identifier,study-name
16890709982,true,2016-10-04 19:48:55.000,7.29281767955801,47.25,"stationary","migration",47.25,47.25,7.29281767955801,7.29281767955801,"solar-geolocator","Apus melba","16QJ","F53194","Switzerland Biel - Long term study on migratory movement of Alpine swifts (Apus melba)"
16890709914,true,2016-10-05 07:31:18.000,-2.54416961130747,45.0,"movement","migration",34.65,49.95,-4.08317580340264,-0.63157894736842,"solar-geolocator","Apus melba","16QJ","F53194","Switzerland Biel - Long term study on migratory movement of Alpine swifts (Apus melba)"
16890709913,true,2016-10-05 20:06:55.000,-2.56684491978608,45.0,"stationary","migration",34.65,49.95,-4.08317580340264,-0.652173913043503,"solar-geolocator","Apus melba","16QJ","F53194","Switzerland Biel - Long term study on migratory movement of Alpine swifts (Apus melba)"
16890709911,true,2016-10-06 07:41:19.000,-2.62773722627737,45.0,"stationary","migration",34.65,49.95,-4.08317580340264,-0.662983425414391,"solar-geolocator","Apus melba","16QJ","F53194","Switzerland Biel - Long term study on migratory movement of Alpine swifts (Apus melba)"
16890709910,true,2016-10-06 20:06:57.000,-2.69662921348318,45.0,"stationary","migration",34.65,49.95,-4.25675675675675,-0.662983425414391,"solar-geolocator","Apus melba","16QJ","F53194","Switzerland Biel - Long term study on migratory movement of Alpine swifts (Apus melba)"
16890709909,true,2016-10-07 07:41:20.000,-2.7355623100304,45.0,"stationary","migration",34.65,49.95,-4.35233160621762,-0.662983425414391,"solar-geolocator","Apus melba","16QJ","F53194","Switzerland Biel - Long term study on migratory movement of Alpine swifts (Apus melba)"
16890709907,true,2016-10-07 20:22:57.000,-2.99999999999998,44.55,"movement","migration",34.2,49.95,-7.20000000000002,-0.662983425414391,"solar-geolocator","Apus melba","16QJ","F53194","Switzerland Biel - Long term study on migratory movement of Alpine swifts (Apus melba)"
16890709904,true,2016-10-08 07:59:20.000,-3.31491712707185,44.1,"movement","migration",27.0,49.95,-7.91788856304986,-1.73076923076926,"solar-geolocator","Apus melba","16QJ","F53194","Switzerland Biel - Long term study on migratory movement of Alpine swifts (Apus melba)"
16890709900,true,2016-10-08 20:20:58.000,-3.46153846153846,44.1,"stationary","migration",27.0,49.95,-8.90262751159197,-1.73076923076926,"solar-geolocator","Apus melba","16QJ","F53194","Switzerland Biel - Long term study on migratory movement of Alpine swifts (Apus melba)"
16890709845,true,2016-10-09 07:57:21.000,-7.05882352941181,40.05,"movement","migration",26.55,49.5,-10.125,-2.07692307692307,"solar-geolocator","Apus melba","16QJ","F53194","Switzerland Biel - Long term study on migratory movement of Alpine swifts (Apus melba)"
16890708600,true,2016-10-09 20:36:58.000,-9.32374100719426,36.0,"movement","migration",26.1,46.35,-11.25,-6.06741573033711,"solar-geolocator","Apus melba","16QJ","F53194","Switzerland Biel - Long term study on migratory movement of Alpine swifts (Apus melba)"
16890708599,true,2016-10-10 08:09:22.000,-9.34351145038166,36.0,"stationary","migration",26.1,45.0,-11.25,-7.15231788079473,"solar-geolocator","Apus melba","16QJ","F53194","Switzerland Biel - Long term study on migratory movement of Alpine swifts (Apus melba)"
16890708596,true,2016-10-10 20:38:59.000,-9.62264150943398,36.0,"stationary","migration",24.3,45.0,-11.6883116883117,-7.15231788079473,"solar-geolocator","Apus melba","16QJ","F53194","Switzerland Biel - Long term study on migratory movement of Alpine swifts (Apus melba)"
16890708579,true,2016-10-11 08:15:22.000,-10.0,35.1,"movement","migration",22.05,45.0,-13.732970027248,-7.20000000000002,"solar-geolocator","Apus melba","16QJ","F53194","Switzerland Biel - Long term study on migratory movement of Alpine swifts (Apus melba)"
16890707454,true,2016-10-11 20:49:00.000,-13.029490616622,28.8,"movement","migration",19.35,43.2,-14.4198895027624,-9.34351145038166,"solar-geolocator","Apus melba","16QJ","F53194","Switzerland Biel - Long term study on migratory movement of Alpine swifts (Apus melba)"
16890707446,true,2016-10-12 08:27:23.000,-13.8278145695365,25.2,"movement","migration",19.35,40.95,-15.0607287449393,-10.2531645569621,"solar-geolocator","Apus melba","16QJ","F53194","Switzerland Biel - Long term study on migratory movement of Alpine swifts (Apus melba)"
16890707440,true,2016-10-12 20:59:02.000,-13.901464713715,25.2,"movement","migration",19.35,32.85,-15.1472650771389,-12.4309392265193,"solar-geolocator","Apus melba","16QJ","F53194","Switzerland Biel - Long term study on migratory movement of Alpine swifts (Apus melba)"
16890707441,true,2016-10-13 08:31:24.000,-13.901464713715,24.75,"stationary","migration",19.35,31.95,-15.1472650771389,-12.4309392265193,"solar-geolocator","Apus melba","16QJ","F53194","Switzerland Biel - Long term study on migratory movement of Alpine swifts (Apus melba)"
16890707442,true,2016-10-13 20:59:01.000,-13.8666666666667,24.75,"stationary","migration",18.9,31.95,-15.1472650771389,-12.9281767955801,"solar-geolocator","Apus melba","16QJ","F53194","Switzerland Biel - Long term study on migratory movement of Alpine swifts (Apus melba)"
16890707443,true,2016-10-14 08:25:25.000,-13.8659058487874,24.3,"stationary","migration",18.9,30.6,-15.1472650771389,-12.7001356852103,"solar-geolocator","Apus melba","16QJ","F53194","Switzerland Biel - Long term study on migratory movement of Alpine swifts (Apus melba)"
16890707444,true,2016-10-14 20:55:02.000,-13.8659058487874,23.85,"stationary","migration",18.9,30.6,-15.1472650771389,-11.4437086092716,"solar-geolocator","Apus melba","16QJ","F53194","Switzerland Biel - Long term study on migratory movement of Alpine swifts (Apus melba)"
16890707445,true,2016-10-15 08:27:25.000,-13.8659058487874,23.85,"stationary","migration",17.55,30.6,-15.1472650771389,-11.4437086092716,"solar-geolocator","Apus melba","16QJ","F53194","Switzerland Biel - Long term study on migratory movement of Alpine swifts (Apus melba)"
16890707447,true,2016-10-15 20:53:03.000,-13.732970027248,22.5,"movement","migration",12.6,28.8,-15.1472650771389,-10.6017925736236,"solar-geolocator","Apus melba","16QJ","F53194","Switzerland Biel - Long term study on migratory movement of Alpine swifts (Apus melba)"
16890707847,true,2016-10-16 08:19:26.000,-10.6426735218509,13.5,"movement","migration",12.15,26.1,-13.8659058487874,-10.5747126436782,"solar-geolocator","Apus melba","16QJ","F53194","Switzerland Biel - Long term study on migratory movement of Alpine swifts (Apus melba)"
16890707848,true,2016-10-16 20:45:04.000,-10.6426735218509,13.5,"stationary","migration",12.15,24.3,-13.3333333333333,-10.5747126436782,"solar-geolocator","Apus melba","16QJ","F53194","Switzerland Biel - Long term study on migratory movement of Alpine swifts (Apus melba)"
16890707854,true,2016-10-17 08:13:27.000,-10.6290115532735,13.05,"stationary","non-breeding site",12.15,15.75,-11.0911424903723,-10.5747126436782,"solar-geolocator","Apus melba","16QJ","F53194","Switzerland Biel - Long term study on migratory movement of Alpine swifts (Apus melba)"
16890707855,true,2016-10-17 20:39:04.000,-10.6290115532735,13.05,"stationary","non-breeding site",12.15,15.75,-11.0911424903723,-10.2857142857143,"solar-geolocator","Apus melba","16QJ","F53194","Switzerland Biel - Long term study on migratory movement of Alpine swifts (Apus melba)"
16890707856,true,2016-10-18 08:13:28.000,-10.6290115532735,13.05,"stationary","non-breeding site",12.15,15.75,-11.0911424903723,-10.2857142857143,"solar-geolocator","Apus melba","16QJ","F53194","Switzerland Biel - Long term study on migratory movement of Alpine swifts (Apus melba)"
16890707857,true,2016-10-18 20:41:05.000,-10.6290115532735,13.05,"stationary","non-breeding site",12.15,16.2,-11.0911424903723,-10.2457956015524,"solar-geolocator","Apus melba","16QJ","F53194","Switzerland Biel - Long term study on migratory movement of Alpine swifts (Apus melba)"
16890707858,true,2016-10-19 08:15:28.000,-10.6290115532735,13.05,"stationary","non-breeding site",12.15,16.2,-11.0911424903723,-10.2457956015524,"solar-geolocator","Apus melba","16QJ","F53194","Switzerland Biel - Long term study on migratory movement of Alpine swifts (Apus melba)"
16890707859,true,2016-10-19 20:41:06.000,-10.6290115532735,13.05,"stationary","non-breeding site",12.15,15.75,-11.0911424903723,-10.2457956015524,"solar-geolocator","Apus melba","16QJ","F53194","Switzerland Biel - Long term study on migratory movement of Alpine swifts (Apus melba)"
16890707860,true,2016-10-20 08:11:29.000,-10.6290115532735,13.05,"stationary","non-breeding site",12.15,15.75,-11.0911424903723,-10.259067357513,"solar-geolocator","Apus melba","16QJ","F53194","Switzerland Biel - Long term study on migratory movement of Alpine swifts (Apus melba)"
16890707861,true,2016-10-20 20:43:06.000,-10.6290115532735,13.05,"stationary","non-breeding site",12.15,15.75,-11.0911424903723,-10.2857142857143,"solar-geolocator","Apus melba","16QJ","F53194","Switzerland Biel - Long term study on migratory movement of Alpine swifts (Apus melba)"
16890707862,true,2016-10-21 08:13:30.000,-10.6290115532735,13.05,"stationary","non-breeding site",12.15,15.75,-11.0627400768246,-10.2857142857143,"solar-geolocator","Apus melba","16QJ","F53194","Switzerland Biel - Long term study on migratory movement of Alpine swifts (Apus melba)"
16890707863,true,2016-10-21 20:43:07.000,-10.6290115532735,13.05,"stationary","non-breeding site",12.15,15.75,-11.0627400768246,-10.2857142857143,"solar-geolocator","Apus melba","16QJ","F53194","Switzerland Biel - Long term study on migratory movement of Alpine swifts (Apus melba)"
16890707864,true,2016-10-22 08:11:31.000,-10.6290115532735,13.05,"stationary","non-breeding site",11.7,15.75,-11.0627400768246,-10.2857142857143,"solar-geolocator","Apus melba","16QJ","F53194","Switzerland Biel - Long term study on migratory movement of Alpine swifts (Apus melba)"
16890707865,true,2016-10-22 20:39:08.000,-10.6290115532735,13.05,"stationary","non-breeding site",11.7,16.2,-11.0627400768246,-10.2457956015524,"solar-geolocator","Apus melba","16QJ","F53194","Switzerland Biel - Long term study on migratory movement of Alpine swifts (Apus melba)"
16890707866,true,2016-10-23 08:15:31.000,-10.6290115532735,13.05,"stationary","non-breeding site",11.7,16.2,-11.0627400768246,-10.2457956015524,"solar-geolocator","Apus melba","16QJ","F53194","Switzerland Biel - Long term study on migratory movement of Alpine swifts (Apus melba)"
16890707867,true,2016-10-23 20:39:09.000,-10.6290115532735,13.05,"stationary","non-breeding site",11.7,16.2,-11.0627400768246,-10.2193548387097,"solar-geolocator","Apus melba","16QJ","F53194","Switzerland Biel - Long term study on migratory movement of Alpine swifts (Apus melba)"
16890707868,true,2016-10-24 08:13:32.000,-10.6290115532735,13.05,"stationary","non-breeding site",11.7,16.2,-11.0627400768246,-10.2193548387097,"solar-geolocator","Apus melba","16QJ","F53194","Switzerland Biel - Long term study on migratory movement of Alpine swifts (Apus melba)"
16890707869,true,2016-10-24 20:33:09.000,-10.6290115532735,13.05,"stationary","non-breeding site",11.7,16.2,-11.0627400768246,-10.2193548387097,"solar-geolocator","Apus melba","16QJ","F53194","Switzerland Biel - Long term study on migratory movement of Alpine swifts (Apus melba)"
16890707870,true,2016-10-25 08:15:33.000,-10.6290115532735,13.05,"stationary","non-breeding site",11.7,16.2,-11.0485933503836,-10.2193548387097,"solar-geolocator","Apus melba","16QJ","F53194","Switzerland Biel - Long term study on migratory movement of Alpine swifts (Apus melba)"
16890707871,true,2016-10-25 20:43:10.000,-10.6290115532735,13.05,"stationary","non-breeding site",11.7,16.2,-11.0485933503836,-10.2193548387097,"solar-geolocator","Apus melba","16QJ","F53194","Switzerland Biel - Long term study on migratory movement of Alpine swifts (Apus melba)"
16890707872,true,2016-10-26 08:11:33.000,-10.6290115532735,13.05,"stationary","non-breeding site",11.7,16.2,-11.0485933503836,-10.2193548387097,"solar-geolocator","Apus melba","16QJ","F53194","Switzerland Biel - Long term study on migratory movement of Alpine swifts (Apus melba)"
16890707873,true,2016-10-26 20:35:11.000,-10.6290115532735,13.5,"stationary","non-breeding site",11.7,16.2,-11.0485933503836,-10.2193548387097,"solar-geolocator","Apus melba","16QJ","F53194","Switzerland Biel - Long term study on migratory movement of Alpine swifts (Apus melba)"
16890707874,true,2016-10-27 08:11:34.000,-10.6290115532735,13.5,"stationary","non-breeding site",11.7,16.2,-11.0485933503836,-10.2193548387097,"solar-geolocator","Apus melba","16QJ","F53194","Switzerland Biel - Long term study on migratory movement of Alpine swifts (Apus melba)"
16890707849,true,2016-10-27 20:35:13.000,-10.6426735218509,13.5,"stationary","non-breeding site",11.7,16.2,-11.0485933503836,-10.2193548387097,"solar-geolocator","Apus melba","16QJ","F53194","Switzerland Biel - Long term study on migratory movement of Alpine swifts (Apus melba)"
16890707850,true,2016-10-28 08:13:35.000,-10.6426735218509,13.5,"stationary","non-breeding site",11.7,16.2,-11.0485933503836,-10.2193548387097,"solar-geolocator","Apus melba","16QJ","F53194","Switzerland Biel - Long term study on migratory movement of Alpine swifts (Apus melba)"
16890707851,true,2016-10-28 20:37:12.000,-10.6426735218509,13.5,"stationary","non-breeding site",11.7,16.2,-11.0485933503836,-10.2193548387097,"solar-geolocator","Apus melba","16QJ","F53194","Switzerland Biel - Long term study on migratory movement of Alpine swifts (Apus melba)"
16890707852,true,2016-10-29 08:13:36.000,-10.6426735218509,13.5,"stationary","non-breeding site",11.7,16.2,-11.0627400768246,-10.2193548387097,"solar-geolocator","Apus melba","16QJ","F53194","Switzerland Biel - Long term study on migratory movement of Alpine swifts (Apus melba)"
16890707875,true,2016-10-29 20:39:13.000,-10.6290115532735,13.5,"stationary","non-breeding site",11.7,16.2,-11.0627400768246,-10.2193548387097,"solar-geolocator","Apus melba","16QJ","F53194","Switzerland Biel - Long term study on migratory movement of Alpine swifts (Apus melba)"
16890707853,true,2016-10-30 07:15:36.000,-10.6426735218509,13.5,"stationary","non-breeding site",12.15,16.2,-11.0627400768246,-10.2193548387097,"solar-geolocator","Apus melba","16QJ","F53194","Switzerland Biel - Long term study on migratory movement of Alpine swifts (Apus melba)"
16890707813,true,2016-10-30 19:39:14.000,-10.6701030927835,13.95,"stationary","non-breeding site",12.15,16.2,-11.0627400768246,-10.2193548387097,"solar-geolocator","Apus melba","16QJ","F53194","Switzerland Biel - Long term study on migratory movement of Alpine swifts (Apus melba)"
16890707815,true,2016-10-31 07:11:37.000,-10.6701030927835,13.95,"stationary","non-breeding site",12.15,16.2,-11.0627400768246,-10.2193548387097,"solar-geolocator","Apus melba","16QJ","F53194","Switzerland Biel - Long term study on migratory movement of Alpine swifts (Apus melba)"
16890707817,true,2016-10-31 19:37:15.000,-10.6701030927835,13.95,"stationary","non-breeding site",12.15,16.2,-11.0627400768246,-10.2193548387097,"solar-geolocator","Apus melba","16QJ","F53194","Switzerland Biel - Long term study on migratory movement of Alpine swifts (Apus melba)"
16890707818,true,2016-11-01 07:13:38.000,-10.6701030927835,13.95,"stationary","non-breeding site",12.15,16.2,-11.0627400768246,-10.2193548387097,"solar-geolocator","Apus melba","16QJ","F53194","Switzerland Biel - Long term study on migratory movement of Alpine swifts (Apus melba)"
16890707819,true,2016-11-01 19:35:15.000,-10.6701030927835,13.95,"stationary","non-breeding site",12.15,16.2,-11.0627400768246,-10.2193548387097,"solar-geolocator","Apus melba","16QJ","F53194","Switzerland Biel - Long term study on migratory movement of Alpine swifts (Apus melba)"
16890707820,true,2016-11-02 07:19:39.000,-10.6701030927835,13.95,"stationary","non-breeding site",12.15,16.2,-11.0627400768246,-10.2193548387097,"solar-geolocator","Apus melba","16QJ","F53194","Switzerland Biel - Long term study on migratory movement of Alpine swifts (Apus melba)"
16890707821,true,2016-11-02 19:37:16.000,-10.6701030927835,13.95,"stationary","non-breeding site",11.7,16.2,-11.0627400768246,-10.2193548387097,"solar-geolocator","Apus melba","16QJ","F53194","Switzerland Biel - Long term study on migratory movement of Alpine swifts (Apus melba)"
16890707822,true,2016-11-03 07:19:39.000,-10.6701030927835,13.95,"stationary","non-breeding site",12.15,16.2,-11.0627400768246,-10.2193548387097,"solar-geolocator","Apus melba","16QJ","F53194","Switzerland Biel - Long term study on migratory movement of Alpine swifts (Apus melba)"
16890707780,true,2016-11-03 19:31:17.000,-10.6838709677419,14.4,"stationary","non-breeding site",12.15,16.2,-11.0627400768246,-10.2193548387097,"solar-geolocator","Apus melba","16QJ","F53194","Switzerland Biel - Long term study on migratory movement of Alpine swifts (Apus melba)"
16890707781,true,2016-11-04 07:15:40.000,-10.6838709677419,14.4,"stationary","non-breeding site",12.15,16.2,-11.0485933503836,-10.2193548387097,"solar-geolocator","Apus melba","16QJ","F53194","Switzerland Biel - Long term study on migratory movement of Alpine swifts (Apus melba)"
16890707782,true,2016-11-04 19:29:17.000,-10.6838709677419,14.4,"stationary","non-breeding site",11.7,16.2,-11.0485933503836,-10.2193548387097,"solar-geolocator","Apus melba","16QJ","F53194","Switzerland Biel - Long term study on migratory movement of Alpine swifts (Apus melba)"
16890707783,true,2016-11-05 07:13:41.000,-10.6838709677419,13.95,"stationary","non-breeding site",11.7,16.2,-11.0485933503836,-10.2193548387097,"solar-geolocator","Apus melba","16QJ","F53194","Switzerland Biel - Long term study on migratory movement of Alpine swifts (Apus melba)"
16890707784,true,2016-11-05 19:35:18.000,-10.6838709677419,13.95,"stationary","non-breeding site",11.25,16.2,-11.0485933503836,-10.2193548387097,"solar-geolocator","Apus melba","16QJ","F53194","Switzerland Biel - Long term study on migratory movement of Alpine swifts (Apus melba)"
16890707785,true,2016-11-06 07:11:42.000,-10.6838709677419,13.5,"stationary","non-breeding site",11.25,16.2,-11.0485933503836,-10.2193548387097,"solar-geolocator","Apus melba","16QJ","F53194","Switzerland Biel - Long term study on migratory movement of Alpine swifts (Apus melba)"
16890707685,true,2016-11-06 19:43:19.000,-10.9923664122138,12.15,"movement","non-breeding site",10.8,15.75,-11.0485933503836,-10.2193548387097,"solar-geolocator","Apus melba","16QJ","F53194","Switzerland Biel - Long term study on migratory movement of Alpine swifts (Apus melba)"
16890707686,true,2016-11-07 07:11:42.000,-10.9923664122138,12.15,"stationary","non-breeding site",10.8,15.75,-11.0485933503836,-10.2193548387097,"solar-geolocator","Apus melba","16QJ","F53194","Switzerland Biel - Long term study on migratory movement of Alpine swifts (Apus melba)"
16890707606,true,2016-11-07 19:43:20.000,-11.0063694267516,12.15,"stationary","non-breeding site",10.8,15.75,-11.0485933503836,-10.2193548387097,"solar-geolocator","Apus melba","16QJ","F53194","Switzerland Biel - Long term study on migratory movement of Alpine swifts (Apus melba)"
16890707607,true,2016-11-08 07:09:43.000,-11.0063694267516,11.7,"stationary","non-breeding site",10.8,15.3,-11.0627400768246,-10.2193548387097,"solar-geolocator","Apus melba","16QJ","F53194","Switzerland Biel - Long term study on migratory movement of Alpine swifts (Apus melba)"
16890707608,true,2016-11-08 19:43:20.000,-11.0063694267516,11.7,"stationary","non-breeding site",10.8,15.3,-11.0627400768246,-10.2193548387097,"solar-geolocator","Apus melba","16QJ","F53194","Switzerland Biel - Long term study on migratory movement of Alpine swifts (Apus melba)"
16890707609,true,2016-11-09 07:09:44.000,-11.0063694267516,11.7,"stationary","non-breeding site",10.8,15.3,-11.0485933503836,-10.5747126436782,"solar-geolocator","Apus melba","16QJ","F53194","Switzerland Biel - Long term study on migratory movement of Alpine swifts (Apus melba)"
16890707610,true,2016-11-09 19:39:21.000,-11.0063694267516,11.7,"stationary","non-breeding site",10.8,15.3,-11.0485933503836,-10.5747126436782,"solar-geolocator","Apus melba","16QJ","F53194","Switzerland Biel - Long term study on migratory movement of Alpine swifts (Apus melba)"
16890707611,true,2016-11-10 07:11:45.000,-11.0063694267516,11.7,"stationary","non-breeding site",10.8,15.3,-11.0485933503836,-10.5747126436782,"solar-geolocator","Apus melba","16QJ","F53194","Switzerland Biel - Long term study on migratory movement of Alpine swifts (Apus melba)"
16890707612,true,2016-11-10 19:41:22.000,-11.0063694267516,11.7,"stationary","non-breeding site",10.8,14.85,-11.0485933503836,-10.5747126436782,"solar-geolocator","Apus melba","16QJ","F53194","Switzerland Biel - Long term study on migratory movement of Alpine swifts (Apus melba)"
16890707613,true,2016-11-11 07:15:45.000,-11.0063694267516,11.7,"stationary","non-breeding site",10.8,14.85,-11.0485933503836,-10.5747126436782,"solar-geolocator","Apus melba","16QJ","F53194","Switzerland Biel - Long term study on migratory movement of Alpine swifts (Apus melba)"
16890707614,true,2016-11-11 19:43:23.000,-11.0063694267516,11.7,"stationary","non-breeding site",10.8,14.85,-11.0485933503836,-10.5747126436782,"solar-geolocator","Apus melba","16QJ","F53194","Switzerland Biel - Long term study on migratory movement of Alpine swifts (Apus melba)"
16890707615,true,2016-11-12 07:15:46.000,-11.0063694267516,11.7,"stationary","non-breeding site",10.8,14.4,-11.0485933503836,-10.5747126436782,"solar-geolocator","Apus melba","16QJ","F53194","Switzerland Biel - Long term study on migratory movement of Alpine swifts (Apus melba)"
16890707616,true,2016-11-12 19:43:34.000,-11.0063694267516,11.7,"stationary","non-breeding site",10.8,14.4,-11.0485933503836,-10.5747126436782,"solar-geolocator","Apus melba","16QJ","F53194","Switzerland Biel - Long term study on migratory movement of Alpine swifts (Apus melba)"
16890707617,true,2016-11-13 07:13:47.000,-11.0063694267516,11.7,"stationary","non-breeding site",10.8,14.4,-11.0485933503836,-10.5747126436782,"solar-geolocator","Apus melba","16QJ","F53194","Switzerland Biel - Long term study on migratory movement of Alpine swifts (Apus melba)"
16890707618,true,2016-11-13 19:43:24.000,-11.0063694267516,11.7,"stationary","non-breeding site",10.8,14.4,-11.0485933503836,-10.5747126436782,"solar-geolocator","Apus melba","16QJ","F53194","Switzerland Biel - Long term study on migratory movement of Alpine swifts (Apus melba)"
16890707619,true,2016-11-14 07:11:47.000,-11.0063694267516,11.7,"stationary","non-breeding site",10.8,14.4,-11.0485933503836,-10.5747126436782,"solar-geolocator","Apus melba","16QJ","F53194","Switzerland Biel - Long term study on migratory movement of Alpine swifts (Apus melba)"
16890707620,true,2016-11-14 19:37:25.000,-11.0063694267516,11.7,"stationary","non-breeding site",10.8,14.4,-11.0485933503836,-10.5747126436782,"solar-geolocator","Apus melba","16QJ","F53194","Switzerland Biel - Long term study on migratory movement of Alpine swifts (Apus melba)"
16890707621,true,2016-11-15 07:15:48.000,-11.0063694267516,11.7,"stationary","non-breeding site",10.8,14.4,-11.0485933503836,-10.5747126436782,"solar-geolocator","Apus melba","16QJ","F53194","Switzerland Biel - Long term study on migratory movement of Alpine swifts (Apus melba)"
16890707622,true,2016-11-15 19:35:26.000,-11.0063694267516,11.7,"stationary","non-breeding site",10.8,14.4,-11.0485933503836,-10.5882352941177,"solar-geolocator","Apus melba","16QJ","F53194","Switzerland Biel - Long term study on migratory movement of Alpine swifts (Apus melba)"
16890707623,true,2016-11-16 07:15:49.000,-11.0063694267516,11.25,"stationary","non-breeding site",10.8,14.4,-11.0485933503836,-10.6017925736236,"solar-geolocator","Apus melba","16QJ","F53194","Switzerland Biel - Long term study on migratory movement of Alpine swifts (Apus melba)"
16890707624,true,2016-11-16 19:41:26.000,-11.0063694267516,11.25,"stationary","non-breeding site",10.8,14.4,-11.0627400768246,-10.6017925736236,"solar-geolocator","Apus melba","16QJ","F53194","Switzerland Biel - Long term study on migratory movement of Alpine swifts (Apus melba)"
16890707625,true,2016-11-17 07:15:50.000,-11.0063694267516,11.25,"stationary","non-breeding site",10.8,14.4,-11.0911424903723,-10.6290115532735,"solar-geolocator","Apus melba","16QJ","F53194","Switzerland Biel - Long term study on migratory movement of Alpine swifts (Apus melba)"
16890707626,true,2016-11-17 19:41:27.000,-11.0063694267516,11.25,"stationary","non-breeding site",10.8,14.4,-11.4503816793893,-10.6290115532735,"solar-geolocator","Apus melba","16QJ","F53194","Switzerland Biel - Long term study on migratory movement of Alpine swifts (Apus melba)"
16890707627,true,2016-11-18 07:13:50.000,-11.0063694267516,11.25,"stationary","non-breeding site",10.8,13.95,-11.4503816793893,-10.6290115532735,"solar-geolocator","Apus melba","16QJ","F53194","Switzerland Biel - Long term study on migratory movement of Alpine swifts (Apus melba)"
16890707628,true,2016-11-18 19:41:28.000,-11.0063694267516,11.25,"stationary","non-breeding site",10.8,13.5,-11.4649681528663,-10.6290115532735,"solar-geolocator","Apus melba","16QJ","F53194","Switzerland Biel - Long term study on migratory movement of Alpine swifts (Apus melba)"
16890707629,true,2016-11-19 07:17:51.000,-11.0063694267516,11.25,"stationary","non-breeding site",10.8,13.5,-11.4649681528663,-10.6290115532735,"solar-geolocator","Apus melba","16QJ","F53194","Switzerland Biel - Long term study on migratory movement of Alpine swifts (Apus melba)"
16890707630,true,2016-11-19 19:45:29.000,-11.0063694267516,11.25,"stationary","non-breeding site",10.35,13.05,-11.4649681528663,-10.6426735218509,"solar-geolocator","Apus melba","16QJ","F53194","Switzerland Biel - Long term study on migratory movement of Alpine swifts (Apus melba)"
16890707631,true,2016-11-20 07:15:52.000,-11.0063694267516,11.25,"stationary","non-breeding site",10.35,13.05,-11.4649681528663,-10.6426735218509,"solar-geolocator","Apus melba","16QJ","F53194","Switzerland Biel - Long term study on migratory movement of Alpine swifts (Apus melba)"
16890707632,true,2016-11-20 19:45:29.000,-11.0063694267516,11.25,"stationary","non-breeding site",10.35,13.05,-11.4649681528663,-10.6290115532735,"solar-geolocator","Apus melba","16QJ","F53194","Switzerland Biel - Long term study on migratory movement of Alpine swifts (Apus melba)"
16890707633,true,2016-11-21 07:13:53.000,-11.0063694267516,11.25,"stationary","non-breeding site",10.35,13.05,-11.4649681528663,-10.6290115532735,"solar-geolocator","Apus melba","16QJ","F53194","Switzerland Biel - Long term study on migratory movement of Alpine swifts (Apus melba)"
16890707634,true,2016-11-21 19:37:31.000,-11.0063694267516,11.25,"stationary","non-breeding site",10.35,13.05,-11.4649681528663,-10.6290115532735,"solar-geolocator","Apus melba","16QJ","F53194","Switzerland Biel - Long term study on migratory movement of Alpine swifts (Apus melba)"
16890707635,true,2016-11-22 07:17:53.000,-11.0063694267516,11.25,"stationary","non-breeding site",10.35,13.05,-11.4649681528663,-10.6290115532735,"solar-geolocator","Apus melba","16QJ","F53194","Switzerland Biel - Long term study on migratory movement of Alpine swifts (Apus melba)"
16890707636,true,2016-11-22 19:43:31.000,-11.0063694267516,11.25,"stationary","non-breeding site",10.35,13.05,-11.4649681528663,-10.6290115532735,"solar-geolocator","Apus melba","16QJ","F53194","Switzerland Biel - Long term study on migratory movement of Alpine swifts (Apus melba)"
16890707637,true,2016-11-23 07:15:54.000,-11.0063694267516,11.25,"stationary","non-breeding site",10.35,13.05,-11.4649681528663,-10.6290115532735,"solar-geolocator","Apus melba","16QJ","F53194","Switzerland Biel - Long term study on migratory movement of Alpine swifts (Apus melba)"
16890707638,true,2016-11-23 19:39:31.000,-11.0063694267516,11.25,"stationary","non-breeding site",10.35,13.05,-11.4649681528663,-10.6017925736236,"solar-geolocator","Apus melba","16QJ","F53194","Switzerland Biel - Long term study on migratory movement of Alpine swifts (Apus melba)"
16890707639,true,2016-11-24 07:17:55.000,-11.0063694267516,11.25,"stationary","non-breeding site",10.35,13.05,-11.4649681528663,-10.6017925736236,"solar-geolocator","Apus melba","16QJ","F53194","Switzerland Biel - Long term study on migratory movement of Alpine swifts (Apus melba)"
16890707640,true,2016-11-24 19:43:32.000,-11.0063694267516,11.25,"stationary","non-breeding site",10.35,13.05,-11.4649681528663,-10.6017925736236,"solar-geolocator","Apus melba","16QJ","F53194","Switzerland Biel - Long term study on migratory movement of Alpine swifts (Apus melba)"
16890707641,true,2016-11-25 07:19:56.000,-11.0063694267516,11.25,"stationary","non-breeding site",10.35,13.05,-11.4649681528663,-10.6017925736236,"solar-geolocator","Apus melba","16QJ","F53194","Switzerland Biel - Long term study on migratory movement of Alpine swifts (Apus melba)"
16890707642,true,2016-11-25 19:45:33.000,-11.0063694267516,11.25,"stationary","non-breeding site",10.35,12.6,-11.4649681528663,-10.6290115532735,"solar-geolocator","Apus melba","16QJ","F53194","Switzerland Biel - Long term study on migratory movement of Alpine swifts (Apus melba)"
16890707643,true,2016-11-26 07:21:56.000,-11.0063694267516,11.25,"stationary","non-breeding site",10.35,12.6,-11.4649681528663,-10.6290115532735,"solar-geolocator","Apus melba","16QJ","F53194","Switzerland Biel - Long term study on migratory movement of Alpine swifts (Apus melba)"
16890707644,true,2016-11-26 19:37:35.000,-11.0063694267516,11.25,"stationary","non-breeding site",10.35,12.6,-11.4649681528663,-10.6290115532735,"solar-geolocator","Apus melba","16QJ","F53194","Switzerland Biel - Long term study on migratory movement of Alpine swifts (Apus melba)"
16890707645,true,2016-11-27 07:17:57.000,-11.0063694267516,11.25,"stationary","non-breeding site",10.35,12.6,-11.4649681528663,-10.6290115532735,"solar-geolocator","Apus melba","16QJ","F53194","Switzerland Biel - Long term study on migratory movement of Alpine swifts (Apus melba)"
16890707646,true,2016-11-27 19:43:34.000,-11.0063694267516,11.25,"stationary","non-breeding site",10.35,12.6,-11.4649681528663,-10.6290115532735,"solar-geolocator","Apus melba","16QJ","F53194","Switzerland Biel - Long term study on migratory movement of Alpine swifts (Apus melba)"
16890707647,true,2016-11-28 07:21:58.000,-11.0063694267516,11.25,"stationary","non-breeding site",10.35,12.6,-11.4649681528663,-10.6290115532735,"solar-geolocator","Apus melba","16QJ","F53194","Switzerland Biel - Long term study on migratory movement of Alpine swifts (Apus melba)"
16890707648,true,2016-11-28 19:41:35.000,-11.0063694267516,11.25,"stationary","non-breeding site",10.35,12.6,-11.4649681528663,-10.6290115532735,"solar-geolocator","Apus melba","16QJ","F53194","Switzerland Biel - Long term study on migratory movement of Alpine swifts (Apus melba)"
16890707649,true,2016-11-29 07:21:58.000,-11.0063694267516,11.25,"stationary","non-breeding site",10.35,12.6,-11.4649681528663,-10.6290115532735,"solar-geolocator","Apus melba","16QJ","F53194","Switzerland Biel - Long term study on migratory movement of Alpine swifts (Apus melba)"
16890707650,true,2016-11-29 19:37:36.000,-11.0063694267516,11.25,"stationary","non-breeding site",10.35,12.6,-11.4649681528663,-10.6017925736236,"solar-geolocator","Apus melba","16QJ","F53194","Switzerland Biel - Long term study on migratory movement of Alpine swifts (Apus melba)"
16890707651,true,2016-11-30 07:19:59.000,-11.0063694267516,11.25,"stationary","non-breeding site",10.35,12.6,-11.4649681528663,-10.6290115532735,"solar-geolocator","Apus melba","16QJ","F53194","Switzerland Biel - Long term study on migratory movement of Alpine swifts (Apus melba)"
16890707652,true,2016-11-30 19:43:37.000,-11.0063694267516,11.25,"stationary","non-breeding site",10.35,12.6,-11.4649681528663,-10.6017925736236,"solar-geolocator","Apus melba","16QJ","F53194","Switzerland Biel - Long term study on migratory movement of Alpine swifts (Apus melba)"
16890707653,true,2016-12-01 07:24:00.000,-11.0063694267516,11.25,"stationary","non-breeding site",10.35,12.6,-11.4649681528663,-10.6017925736236,"solar-geolocator","Apus melba","16QJ","F53194","Switzerland Biel - Long term study on migratory movement of Alpine swifts (Apus melba)"
16890707654,true,2016-12-01 19:47:37.000,-11.0063694267516,11.25,"stationary","non-breeding site",10.35,12.6,-11.4649681528663,-10.6017925736236,"solar-geolocator","Apus melba","16QJ","F53194","Switzerland Biel - Long term study on migratory movement of Alpine swifts (Apus melba)"
16890707655,true,2016-12-02 07:22:01.000,-11.0063694267516,11.25,"stationary","non-breeding site",10.35,12.6,-11.4649681528663,-10.6017925736236,"solar-geolocator","Apus melba","16QJ","F53194","Switzerland Biel - Long term study on migratory movement of Alpine swifts (Apus melba)"
16890707656,true,2016-12-02 19:45:38.000,-11.0063694267516,11.25,"stationary","non-breeding site",10.35,12.6,-11.4649681528663,-10.6017925736236,"solar-geolocator","Apus melba","16QJ","F53194","Switzerland Biel - Long term study on migratory movement of Alpine swifts (Apus melba)"
16890707657,true,2016-12-03 07:24:00.000,-11.0063694267516,11.25,"stationary","non-breeding site",10.35,12.6,-11.4649681528663,-10.6290115532735,"solar-geolocator","Apus melba","16QJ","F53194","Switzerland Biel - Long term study on migratory movement of Alpine swifts (Apus melba)"
16890707658,true,2016-12-03 19:43:39.000,-11.0063694267516,11.25,"stationary","non-breeding site",10.35,12.6,-11.4649681528663,-10.6017925736236,"solar-geolocator","Apus melba","16QJ","F53194","Switzerland Biel - Long term study on migratory movement of Alpine swifts (Apus melba)"
16890707659,true,2016-12-04 07:24:02.000,-11.0063694267516,11.25,"stationary","non-breeding site",10.35,12.6,-11.4649681528663,-10.6017925736236,"solar-geolocator","Apus melba","16QJ","F53194","Switzerland Biel - Long term study on migratory movement of Alpine swifts (Apus melba)"
16890707660,true,2016-12-04 19:49:40.000,-11.0063694267516,11.25,"stationary","non-breeding site",10.35,12.6,-11.4649681528663,-10.6017925736236,"solar-geolocator","Apus melba","16QJ","F53194","Switzerland Biel - Long term study on migratory movement of Alpine swifts (Apus melba)"
16890707661,true,2016-12-05 07:26:03.000,-11.0063694267516,11.25,"stationary","non-breeding site",10.35,12.6,-11.4649681528663,-10.6017925736236,"solar-geolocator","Apus melba","16QJ","F53194","Switzerland Biel - Long term study on migratory movement of Alpine swifts (Apus melba)"
16890707662,true,2016-12-05 19:53:40.000,-11.0063694267516,11.25,"stationary","non-breeding site",10.35,12.6,-11.4649681528663,-10.6017925736236,"solar-geolocator","Apus melba","16QJ","F53194","Switzerland Biel - Long term study on migratory movement of Alpine swifts (Apus melba)"
16890707663,true,2016-12-06 07:24:04.000,-11.0063694267516,11.25,"stationary","non-breeding site",10.35,12.6,-11.4649681528663,-10.6017925736236,"solar-geolocator","Apus melba","16QJ","F53194","Switzerland Biel - Long term study on migratory movement of Alpine swifts (Apus melba)"
16890707664,true,2016-12-06 19:45:41.000,-11.0063694267516,11.25,"stationary","non-breeding site",10.35,12.6,-11.4649681528663,-10.6017925736236,"solar-geolocator","Apus melba","16QJ","F53194","Switzerland Biel - Long term study on migratory movement of Alpine swifts (Apus melba)"
16890707665,true,2016-12-07 07:22:04.000,-11.0063694267516,11.25,"stationary","non-breeding site",10.35,12.6,-11.4649681528663,-10.6017925736236,"solar-geolocator","Apus melba","16QJ","F53194","Switzerland Biel - Long term study on migratory movement of Alpine swifts (Apus melba)"
16890707599,true,2016-12-07 19:45:42.000,-11.0344827586207,10.8,"stationary","non-breeding site",10.35,12.6,-11.4649681528663,-10.6017925736236,"solar-geolocator","Apus melba","16QJ","F53194","Switzerland Biel - Long term study on migratory movement of Alpine swifts (Apus melba)"
16890707600,true,2016-12-08 07:26:05.000,-11.0344827586207,10.8,"stationary","non-breeding site",10.35,12.6,-11.4649681528663,-10.6017925736236,"solar-geolocator","Apus melba","16QJ","F53194","Switzerland Biel - Long term study on migratory movement of Alpine swifts (Apus melba)"
16890707601,true,2016-12-08 19:49:42.000,-11.0344827586207,10.8,"stationary","non-breeding site",10.35,12.6,-11.4649681528663,-10.6017925736236,"solar-geolocator","Apus melba","16QJ","F53194","Switzerland Biel - Long term study on migratory movement of Alpine swifts (Apus melba)"
16890707602,true,2016-12-09 07:30:06.000,-11.0344827586207,10.8,"stationary","non-breeding site",10.35,12.6,-11.4649681528663,-10.6017925736236,"solar-geolocator","Apus melba","16QJ","F53194","Switzerland Biel - Long term study on migratory movement of Alpine swifts (Apus melba)"
16890707603,true,2016-12-09 19:45:43.000,-11.0344827586207,10.8,"stationary","non-breeding site",10.35,12.6,-11.4649681528663,-10.6017925736236,"solar-geolocator","Apus melba","16QJ","F53194","Switzerland Biel - Long term study on migratory movement of Alpine swifts (Apus melba)"
16890707555,true,2016-12-10 07:26:07.000,-11.4068441064639,10.8,"stationary","non-breeding site",10.35,12.6,-11.4649681528663,-10.6017925736236,"solar-geolocator","Apus melba","16QJ","F53194","Switzerland Biel - Long term study on migratory movement of Alpine swifts (Apus melba)"
16890707473,true,2016-12-10 19:47:44.000,-11.43583227446,10.8,"stationary","non-breeding site",10.35,12.6,-11.4649681528663,-10.6017925736236,"solar-geolocator","Apus melba","16QJ","F53194","Switzerland Biel - Long term study on migratory movement of Alpine swifts (Apus melba)"
16890707474,true,2016-12-11 07:26:07.000,-11.43583227446,10.8,"stationary","non-breeding site",10.35,12.6,-11.4649681528663,-10.6017925736236,"solar-geolocator","Apus melba","16QJ","F53194","Switzerland Biel - Long term study on migratory movement of Alpine swifts (Apus melba)"
16890707475,true,2016-12-11 19:43:45.000,-11.43583227446,10.8,"stationary","non-breeding site",10.35,13.05,-11.4649681528663,-10.6017925736236,"solar-geolocator","Apus melba","16QJ","F53194","Switzerland Biel - Long term study on migratory movement of Alpine swifts (Apus melba)"
16890707476,true,2016-12-12 07:34:08.000,-11.43583227446,10.8,"stationary","non-breeding site",10.35,13.05,-11.4649681528663,-10.6017925736236,"solar-geolocator","Apus melba","16QJ","F53194","Switzerland Biel - Long term study on migratory movement of Alpine swifts (Apus melba)"
16890707477,true,2016-12-12 19:43:45.000,-11.43583227446,10.8,"stationary","non-breeding site",10.35,13.05,-11.4649681528663,-10.6017925736236,"solar-geolocator","Apus melba","16QJ","F53194","Switzerland Biel - Long term study on migratory movement of Alpine swifts (Apus melba)"
16890707478,true,2016-12-13 07:34:09.000,-11.43583227446,10.8,"stationary","non-breeding site",10.35,13.05,-11.4649681528663,-10.6017925736236,"solar-geolocator","Apus melba","16QJ","F53194","Switzerland Biel - Long term study on migratory movement of Alpine swifts (Apus melba)"
16890707479,true,2016-12-13 19:41:46.000,-11.43583227446,10.8,"stationary","non-breeding site",10.35,13.05,-11.4649681528663,-10.6017925736236,"solar-geolocator","Apus melba","16QJ","F53194","Switzerland Biel - Long term study on migratory movement of Alpine swifts (Apus melba)"
16890707480,true,2016-12-14 07:32:10.000,-11.43583227446,10.8,"stationary","non-breeding site",10.35,13.05,-11.4649681528663,-10.6017925736236,"solar-geolocator","Apus melba","16QJ","F53194","Switzerland Biel - Long term study on migratory movement of Alpine swifts (Apus melba)"
16890707481,true,2016-12-14 19:47:47.000,-11.43583227446,10.8,"stationary","non-breeding site",10.35,12.6,-11.4649681528663,-10.6017925736236,"solar-geolocator","Apus melba","16QJ","F53194","Switzerland Biel - Long term study on migratory movement of Alpine swifts (Apus melba)"
16890707482,true,2016-12-15 07:30:10.000,-11.43583227446,10.8,"stationary","non-breeding site",10.35,12.6,-11.4649681528663,-10.6017925736236,"solar-geolocator","Apus melba","16QJ","F53194","Switzerland Biel - Long term study on migratory movement of Alpine swifts (Apus melba)"
16890707483,true,2016-12-15 19:49:48.000,-11.43583227446,10.8,"stationary","non-breeding site",10.35,12.6,-11.4649681528663,-10.6017925736236,"solar-geolocator","Apus melba","16QJ","F53194","Switzerland Biel - Long term study on migratory movement of Alpine swifts (Apus melba)"
16890707484,true,2016-12-16 07:30:11.000,-11.43583227446,10.8,"stationary","non-breeding site",10.35,12.6,-11.4649681528663,-10.6017925736236,"solar-geolocator","Apus melba","16QJ","F53194","Switzerland Biel - Long term study on migratory movement of Alpine swifts (Apus melba)"
16890707485,true,2016-12-16 19:51:48.000,-11.43583227446,10.8,"stationary","non-breeding site",10.35,12.6,-11.4649681528663,-10.6017925736236,"solar-geolocator","Apus melba","16QJ","F53194","Switzerland Biel - Long term study on migratory movement of Alpine swifts (Apus melba)"
16890707486,true,2016-12-17 07:32:12.000,-11.43583227446,10.8,"stationary","non-breeding site",10.35,12.6,-11.4649681528663,-10.6017925736236,"solar-geolocator","Apus melba","16QJ","F53194","Switzerland Biel - Long term study on migratory movement of Alpine swifts (Apus melba)"
16890707487,true,2016-12-17 19:45:49.000,-11.43583227446,10.8,"stationary","non-breeding site",10.35,12.6,-11.4649681528663,-10.6017925736236,"solar-geolocator","Apus melba","16QJ","F53194","Switzerland Biel - Long term study on migratory movement of Alpine swifts (Apus melba)"
16890707488,true,2016-12-18 07:36:12.000,-11.43583227446,10.8,"stationary","non-breeding site",10.35,12.6,-11.4649681528663,-10.6017925736236,"solar-geolocator","Apus melba","16QJ","F53194","Switzerland Biel - Long term study on migratory movement of Alpine swifts (Apus melba)"
16890707489,true,2016-12-18 19:49:50.000,-11.43583227446,10.8,"stationary","non-breeding site",9.90000000000001,12.6,-11.4649681528663,-10.6017925736236,"solar-geolocator","Apus melba","16QJ","F53194","Switzerland Biel - Long term study on migratory movement of Alpine swifts (Apus melba)"
16890707490,true,2016-12-19 07:32:13.000,-11.43583227446,10.8,"stationary","non-breeding site",9.90000000000001,12.6,-11.4649681528663,-10.6017925736236,"solar-geolocator","Apus melba","16QJ","F53194","Switzerland Biel - Long term study on migratory movement of Alpine swifts (Apus melba)"
16890707491,true,2016-12-19 19:49:51.000,-11.43583227446,10.8,"stationary","non-breeding site",9.90000000000001,12.6,-11.4649681528663,-10.6017925736236,"solar-geolocator","Apus melba","16QJ","F53194","Switzerland Biel - Long term study on migratory movement of Alpine swifts (Apus melba)"
16890707492,true,2016-12-20 07:30:14.000,-11.43583227446,10.8,"stationary","non-breeding site",9.90000000000001,12.6,-11.4649681528663,-10.6017925736236,"solar-geolocator","Apus melba","16QJ","F53194","Switzerland Biel - Long term study on migratory movement of Alpine swifts (Apus melba)"
16890707493,true,2016-12-20 19:51:51.000,-11.43583227446,10.8,"stationary","non-breeding site",9.90000000000001,12.15,-11.4649681528663,-10.9644670050761,"solar-geolocator","Apus melba","16QJ","F53194","Switzerland Biel - Long term study on migratory movement of Alpine swifts (Apus melba)"
16890707494,true,2016-12-21 07:32:15.000,-11.43583227446,10.8,"stationary","non-breeding site",9.44999999999999,12.15,-11.4649681528663,-10.9783989834816,"solar-geolocator","Apus melba","16QJ","F53194","Switzerland Biel - Long term study on migratory movement of Alpine swifts (Apus melba)"
16890707495,true,2016-12-21 19:51:53.000,-11.43583227446,10.8,"stationary","non-breeding site",9.44999999999999,12.15,-11.4649681528663,-10.9783989834816,"solar-geolocator","Apus melba","16QJ","F53194","Switzerland Biel - Long term study on migratory movement of Alpine swifts (Apus melba)"
16890707496,true,2016-12-22 07:32:15.000,-11.43583227446,10.8,"stationary","non-breeding site",9.44999999999999,12.15,-11.4649681528663,-10.9783989834816,"solar-geolocator","Apus melba","16QJ","F53194","Switzerland Biel - Long term study on migratory movement of Alpine swifts (Apus melba)"
16890707497,true,2016-12-22 19:51:53.000,-11.43583227446,10.8,"stationary","non-breeding site",9.44999999999999,12.15,-11.4649681528663,-10.9783989834816,"solar-geolocator","Apus melba","16QJ","F53194","Switzerland Biel - Long term study on migratory movement of Alpine swifts (Apus melba)"
16890707498,true,2016-12-23 07:34:16.000,-11.43583227446,10.8,"stationary","non-breeding site",9.44999999999999,12.15,-11.4649681528663,-10.9783989834816,"solar-geolocator","Apus melba","16QJ","F53194","Switzerland Biel - Long term study on migratory movement of Alpine swifts (Apus melba)"
16890707499,true,2016-12-23 19:49:54.000,-11.43583227446,10.8,"stationary","non-breeding site",9.44999999999999,12.15,-11.4649681528663,-10.9783989834816,"solar-geolocator","Apus melba","16QJ","F53194","Switzerland Biel - Long term study on migratory movement of Alpine swifts (Apus melba)"
16890707500,true,2016-12-24 07:34:17.000,-11.43583227446,10.8,"stationary","non-breeding site",9.44999999999999,12.15,-11.4649681528663,-10.9783989834816,"solar-geolocator","Apus melba","16QJ","F53194","Switzerland Biel - Long term study on migratory movement of Alpine swifts (Apus melba)"
16890707501,true,2016-12-24 19:53:54.000,-11.43583227446,10.8,"stationary","non-breeding site",9.44999999999999,12.15,-11.4649681528663,-10.9783989834816,"solar-geolocator","Apus melba","16QJ","F53194","Switzerland Biel - Long term study on migratory movement of Alpine swifts (Apus melba)"
16890707502,true,2016-12-25 07:36:18.000,-11.43583227446,10.8,"stationary","non-breeding site",9.44999999999999,11.7,-11.4649681528663,-10.9783989834816,"solar-geolocator","Apus melba","16QJ","F53194","Switzerland Biel - Long term study on migratory movement of Alpine swifts (Apus melba)"
16890707503,true,2016-12-25 19:57:55.000,-11.43583227446,10.8,"stationary","non-breeding site",9.44999999999999,11.7,-11.4649681528663,-10.9783989834816,"solar-geolocator","Apus melba","16QJ","F53194","Switzerland Biel - Long term study on migratory movement of Alpine swifts (Apus melba)"
16890707504,true,2016-12-26 07:34:18.000,-11.43583227446,10.8,"stationary","non-breeding site",9.44999999999999,11.7,-11.4649681528663,-10.9783989834816,"solar-geolocator","Apus melba","16QJ","F53194","Switzerland Biel - Long term study on migratory movement of Alpine swifts (Apus melba)"
16890707505,true,2016-12-26 19:53:57.000,-11.43583227446,10.35,"stationary","non-breeding site",9.44999999999999,11.7,-11.4649681528663,-10.9783989834816,"solar-geolocator","Apus melba","16QJ","F53194","Switzerland Biel - Long term study on migratory movement of Alpine swifts (Apus melba)"
16890707506,true,2016-12-27 07:36:19.000,-11.43583227446,10.35,"stationary","non-breeding site",9.44999999999999,11.7,-11.4649681528663,-10.9783989834816,"solar-geolocator","Apus melba","16QJ","F53194","Switzerland Biel - Long term study on migratory movement of Alpine swifts (Apus melba)"
16890707507,true,2016-12-27 19:55:56.000,-11.43583227446,10.35,"stationary","non-breeding site",9.44999999999999,11.7,-11.4649681528663,-10.9783989834816,"solar-geolocator","Apus melba","16QJ","F53194","Switzerland Biel - Long term study on migratory movement of Alpine swifts (Apus melba)"
16890707508,true,2016-12-28 07:38:20.000,-11.43583227446,10.35,"stationary","non-breeding site",9.44999999999999,11.25,-11.4649681528663,-10.9783989834816,"solar-geolocator","Apus melba","16QJ","F53194","Switzerland Biel - Long term study on migratory movement of Alpine swifts (Apus melba)"
16890707509,true,2016-12-28 20:03:57.000,-11.43583227446,10.35,"stationary","non-breeding site",9.44999999999999,11.25,-11.4649681528663,-10.9783989834816,"solar-geolocator","Apus melba","16QJ","F53194","Switzerland Biel - Long term study on migratory movement of Alpine swifts (Apus melba)"
16890707510,true,2016-12-29 07:36:21.000,-11.43583227446,10.35,"stationary","non-breeding site",9.44999999999999,11.25,-11.4649681528663,-10.9783989834816,"solar-geolocator","Apus melba","16QJ","F53194","Switzerland Biel - Long term study on migratory movement of Alpine swifts (Apus melba)"
16890707511,true,2016-12-29 19:55:58.000,-11.43583227446,10.35,"stationary","non-breeding site",9.44999999999999,11.25,-11.4649681528663,-10.9923664122138,"solar-geolocator","Apus melba","16QJ","F53194","Switzerland Biel - Long term study on migratory movement of Alpine swifts (Apus melba)"
16890707512,true,2016-12-30 07:36:21.000,-11.43583227446,10.35,"stationary","non-breeding site",9.44999999999999,11.25,-11.4649681528663,-10.9923664122138,"solar-geolocator","Apus melba","16QJ","F53194","Switzerland Biel - Long term study on migratory movement of Alpine swifts (Apus melba)"
16890707513,true,2016-12-30 19:57:59.000,-11.43583227446,10.35,"stationary","non-breeding site",9.44999999999999,11.25,-11.4649681528663,-10.9783989834816,"solar-geolocator","Apus melba","16QJ","F53194","Switzerland Biel - Long term study on migratory movement of Alpine swifts (Apus melba)"
16890707514,true,2016-12-31 07:34:22.000,-11.43583227446,10.35,"stationary","non-breeding site",9.44999999999999,11.25,-11.4649681528663,-10.9783989834816,"solar-geolocator","Apus melba","16QJ","F53194","Switzerland Biel - Long term study on migratory movement of Alpine swifts (Apus melba)"
16890707528,true,2016-12-31 20:01:59.000,-11.4213197969544,10.8,"stationary","non-breeding site",9.44999999999999,11.25,-11.4649681528663,-10.9783989834816,"solar-geolocator","Apus melba","16QJ","F53194","Switzerland Biel - Long term study on migratory movement of Alpine swifts (Apus melba)"
16890707556,true,2017-01-01 07:36:23.000,-11.4068441064639,10.8,"stationary","non-breeding site",9.44999999999999,11.25,-11.4503816793893,-10.9783989834816,"solar-geolocator","Apus melba","16QJ","F53194","Switzerland Biel - Long term study on migratory movement of Alpine swifts (Apus melba)"
16890707557,true,2017-01-01 20:02:00.000,-11.4068441064639,10.8,"stationary","non-breeding site",9.44999999999999,11.25,-11.4503816793893,-10.9783989834816,"solar-geolocator","Apus melba","16QJ","F53194","Switzerland Biel - Long term study on migratory movement of Alpine swifts (Apus melba)"
16890707529,true,2017-01-02 07:36:23.000,-11.4213197969544,10.35,"stationary","non-breeding site",9.44999999999999,11.25,-11.4649681528663,-10.9783989834816,"solar-geolocator","Apus melba","16QJ","F53194","Switzerland Biel - Long term study on migratory movement of Alpine swifts (Apus melba)"
16890707530,true,2017-01-02 20:02:01.000,-11.4213197969544,10.8,"stationary","non-breeding site",9.44999999999999,11.25,-11.4649681528663,-10.9783989834816,"solar-geolocator","Apus melba","16QJ","F53194","Switzerland Biel - Long term study on migratory movement of Alpine swifts (Apus melba)"
16890707666,true,2017-01-03 07:38:24.000,-11.0063694267516,10.8,"stationary","non-breeding site",9.44999999999999,11.25,-11.4503816793893,-10.9783989834816,"solar-geolocator","Apus melba","16QJ","F53194","Switzerland Biel - Long term study on migratory movement of Alpine swifts (Apus melba)"
16890707667,true,2017-01-03 20:02:02.000,-11.0063694267516,10.8,"stationary","non-breeding site",9.44999999999999,11.25,-11.4503816793893,-10.9644670050761,"solar-geolocator","Apus melba","16QJ","F53194","Switzerland Biel - Long term study on migratory movement of Alpine swifts (Apus melba)"
16890707668,true,2017-01-04 07:36:25.000,-11.0063694267516,10.8,"stationary","non-breeding site",9.44999999999999,11.25,-11.4503816793893,-10.9644670050761,"solar-geolocator","Apus melba","16QJ","F53194","Switzerland Biel - Long term study on migratory movement of Alpine swifts (Apus melba)"
16890707669,true,2017-01-04 20:02:02.000,-11.0063694267516,10.8,"stationary","non-breeding site",9.44999999999999,11.25,-11.4503816793893,-10.9783989834816,"solar-geolocator","Apus melba","16QJ","F53194","Switzerland Biel - Long term study on migratory movement of Alpine swifts (Apus melba)"
16890707670,true,2017-01-05 07:34:26.000,-11.0063694267516,10.8,"stationary","non-breeding site",9.44999999999999,11.25,-11.4503816793893,-10.9783989834816,"solar-geolocator","Apus melba","16QJ","F53194","Switzerland Biel - Long term study on migratory movement of Alpine swifts (Apus melba)"
16890707671,true,2017-01-05 20:00:04.000,-11.0063694267516,10.8,"stationary","non-breeding site",9.44999999999999,11.25,-11.4503816793893,-10.9783989834816,"solar-geolocator","Apus melba","16QJ","F53194","Switzerland Biel - Long term study on migratory movement of Alpine swifts (Apus melba)"
16890707672,true,2017-01-06 07:38:26.000,-11.0063694267516,10.8,"stationary","non-breeding site",9.44999999999999,11.25,-11.4503816793893,-10.9783989834816,"solar-geolocator","Apus melba","16QJ","F53194","Switzerland Biel - Long term study on migratory movement of Alpine swifts (Apus melba)"
16890707673,true,2017-01-06 20:06:04.000,-11.0063694267516,10.8,"stationary","non-breeding site",9.44999999999999,11.25,-11.4503816793893,-10.9783989834816,"solar-geolocator","Apus melba","16QJ","F53194","Switzerland Biel - Long term study on migratory movement of Alpine swifts (Apus melba)"
16890707674,true,2017-01-07 07:40:27.000,-11.0063694267516,10.8,"stationary","non-breeding site",9.44999999999999,11.25,-11.4503816793893,-10.9783989834816,"solar-geolocator","Apus melba","16QJ","F53194","Switzerland Biel - Long term study on migratory movement of Alpine swifts (Apus melba)"
16890707675,true,2017-01-07 20:02:06.000,-11.0063694267516,10.8,"stationary","non-breeding site",9.44999999999999,11.25,-11.4503816793893,-10.9783989834816,"solar-geolocator","Apus melba","16QJ","F53194","Switzerland Biel - Long term study on migratory movement of Alpine swifts (Apus melba)"
16890707676,true,2017-01-08 07:40:28.000,-11.0063694267516,10.8,"stationary","non-breeding site",9.44999999999999,11.25,-11.4503816793893,-10.9644670050761,"solar-geolocator","Apus melba","16QJ","F53194","Switzerland Biel - Long term study on migratory movement of Alpine swifts (Apus melba)"
16890707677,true,2017-01-08 20:04:05.000,-11.0063694267516,10.8,"stationary","non-breeding site",9.44999999999999,11.25,-11.4503816793893,-10.9644670050761,"solar-geolocator","Apus melba","16QJ","F53194","Switzerland Biel - Long term study on migratory movement of Alpine swifts (Apus melba)"
16890707687,true,2017-01-09 07:42:29.000,-10.9923664122138,10.8,"stationary","non-breeding site",9.44999999999999,11.25,-11.4503816793893,-10.9644670050761,"solar-geolocator","Apus melba","16QJ","F53194","Switzerland Biel - Long term study on migratory movement of Alpine swifts (Apus melba)"
16890707688,true,2017-01-09 19:58:06.000,-10.9923664122138,10.8,"stationary","non-breeding site",9.44999999999999,11.25,-11.4503816793893,-10.9644670050761,"solar-geolocator","Apus melba","16QJ","F53194","Switzerland Biel - Long term study on migratory movement of Alpine swifts (Apus melba)"
16890707689,true,2017-01-10 07:38:29.000,-10.9923664122138,10.8,"stationary","non-breeding site",9.44999999999999,11.25,-11.4503816793893,-10.9644670050761,"solar-geolocator","Apus melba","16QJ","F53194","Switzerland Biel - Long term study on migratory movement of Alpine swifts (Apus melba)"
16890707690,true,2017-01-10 19:58:07.000,-10.9923664122138,10.8,"stationary","non-breeding site",9.44999999999999,11.25,-11.4503816793893,-10.9644670050761,"solar-geolocator","Apus melba","16QJ","F53194","Switzerland Biel - Long term study on migratory movement of Alpine swifts (Apus melba)"
16890707691,true,2017-01-11 07:38:30.000,-10.9923664122138,10.8,"stationary","non-breeding site",9.44999999999999,11.25,-11.4503816793893,-10.9644670050761,"solar-geolocator","Apus melba","16QJ","F53194","Switzerland Biel - Long term study on migratory movement of Alpine swifts (Apus melba)"
16890707692,true,2017-01-11 20:00:07.000,-10.9923664122138,10.8,"stationary","non-breeding site",9.44999999999999,11.25,-11.4503816793893,-10.9644670050761,"solar-geolocator","Apus melba","16QJ","F53194","Switzerland Biel - Long term study on migratory movement of Alpine swifts (Apus melba)"
16890707693,true,2017-01-12 07:38:31.000,-10.9923664122138,10.8,"stationary","non-breeding site",9.44999999999999,11.25,-11.4503816793893,-10.9644670050761,"solar-geolocator","Apus melba","16QJ","F53194","Switzerland Biel - Long term study on migratory movement of Alpine swifts (Apus melba)"
16890707678,true,2017-01-12 20:06:08.000,-11.0063694267516,10.8,"stationary","non-breeding site",9.44999999999999,11.25,-11.4503816793893,-10.9644670050761,"solar-geolocator","Apus melba","16QJ","F53194","Switzerland Biel - Long term study on migratory movement of Alpine swifts (Apus melba)"
16890707679,true,2017-01-13 07:42:31.000,-11.0063694267516,10.8,"stationary","non-breeding site",9.44999999999999,11.25,-11.4503816793893,-10.9644670050761,"solar-geolocator","Apus melba","16QJ","F53194","Switzerland Biel - Long term study on migratory movement of Alpine swifts (Apus melba)"
16890707558,true,2017-01-13 20:06:09.000,-11.4068441064639,10.8,"stationary","non-breeding site",9.44999999999999,11.25,-11.4649681528663,-10.9783989834816,"solar-geolocator","Apus melba","16QJ","F53194","Switzerland Biel - Long term study on migratory movement of Alpine swifts (Apus melba)"
16890707559,true,2017-01-14 07:42:32.000,-11.4068441064639,10.8,"stationary","non-breeding site",9.44999999999999,11.25,-11.4649681528663,-10.9783989834816,"solar-geolocator","Apus melba","16QJ","F53194","Switzerland Biel - Long term study on migratory movement of Alpine swifts (Apus melba)"
16890707604,true,2017-01-14 20:06:11.000,-11.0344827586207,10.8,"stationary","non-breeding site",9.44999999999999,11.25,-11.4649681528663,-10.9783989834816,"solar-geolocator","Apus melba","16QJ","F53194","Switzerland Biel - Long term study on migratory movement of Alpine swifts (Apus melba)"
16890707680,true,2017-01-15 07:44:32.000,-11.0063694267516,10.8,"stationary","non-breeding site",9.44999999999999,11.25,-11.4503816793893,-10.9644670050761,"solar-geolocator","Apus melba","16QJ","F53194","Switzerland Biel - Long term study on migratory movement of Alpine swifts (Apus melba)"
16890707560,true,2017-01-15 20:10:10.000,-11.4068441064639,10.8,"stationary","non-breeding site",9.44999999999999,11.25,-11.4503816793893,-10.9783989834816,"solar-geolocator","Apus melba","16QJ","F53194","Switzerland Biel - Long term study on migratory movement of Alpine swifts (Apus melba)"
16890707531,true,2017-01-16 07:42:34.000,-11.4213197969544,10.35,"stationary","non-breeding site",9.44999999999999,11.25,-11.4649681528663,-10.9783989834816,"solar-geolocator","Apus melba","16QJ","F53194","Switzerland Biel - Long term study on migratory movement of Alpine swifts (Apus melba)"
16890707515,true,2017-01-16 20:06:11.000,-11.43583227446,10.35,"stationary","non-breeding site",9.44999999999999,11.25,-11.4649681528663,-10.9783989834816,"solar-geolocator","Apus melba","16QJ","F53194","Switzerland Biel - Long term study on migratory movement of Alpine swifts (Apus melba)"
16890707516,true,2017-01-17 07:42:35.000,-11.43583227446,10.35,"stationary","non-breeding site",9.44999999999999,11.25,-11.4649681528663,-10.9783989834816,"solar-geolocator","Apus melba","16QJ","F53194","Switzerland Biel - Long term study on migratory movement of Alpine swifts (Apus melba)"
16890707517,true,2017-01-17 20:10:12.000,-11.43583227446,10.35,"stationary","non-breeding site",9.44999999999999,11.25,-11.4649681528663,-10.9783989834816,"solar-geolocator","Apus melba","16QJ","F53194","Switzerland Biel - Long term study on migratory movement of Alpine swifts (Apus melba)"
16890707518,true,2017-01-18 07:40:35.000,-11.43583227446,10.35,"stationary","non-breeding site",9.44999999999999,11.25,-11.4649681528663,-10.9783989834816,"solar-geolocator","Apus melba","16QJ","F53194","Switzerland Biel - Long term study on migratory movement of Alpine swifts (Apus melba)"
16890707519,true,2017-01-18 20:10:13.000,-11.43583227446,10.35,"stationary","non-breeding site",9.44999999999999,11.25,-11.4649681528663,-10.9783989834816,"solar-geolocator","Apus melba","16QJ","F53194","Switzerland Biel - Long term study on migratory movement of Alpine swifts (Apus melba)"
16890707520,true,2017-01-19 07:42:36.000,-11.43583227446,10.35,"stationary","non-breeding site",9.44999999999999,11.25,-11.4649681528663,-10.9783989834816,"solar-geolocator","Apus melba","16QJ","F53194","Switzerland Biel - Long term study on migratory movement of Alpine swifts (Apus melba)"
16890707521,true,2017-01-19 20:10:13.000,-11.43583227446,10.35,"stationary","non-breeding site",9.44999999999999,11.25,-11.4649681528663,-10.9783989834816,"solar-geolocator","Apus melba","16QJ","F53194","Switzerland Biel - Long term study on migratory movement of Alpine swifts (Apus melba)"
16890707522,true,2017-01-20 07:44:36.000,-11.43583227446,10.35,"stationary","non-breeding site",9.44999999999999,11.25,-11.4649681528663,-10.9783989834816,"solar-geolocator","Apus melba","16QJ","F53194","Switzerland Biel - Long term study on migratory movement of Alpine swifts (Apus melba)"
16890707523,true,2017-01-20 20:08:14.000,-11.43583227446,10.35,"stationary","non-breeding site",9.44999999999999,11.25,-11.4649681528663,-10.9783989834816,"solar-geolocator","Apus melba","16QJ","F53194","Switzerland Biel - Long term study on migratory movement of Alpine swifts (Apus melba)"
16890707524,true,2017-01-21 07:44:37.000,-11.43583227446,10.35,"stationary","non-breeding site",9.44999999999999,11.25,-11.4649681528663,-10.9783989834816,"solar-geolocator","Apus melba","16QJ","F53194","Switzerland Biel - Long term study on migratory movement of Alpine swifts (Apus melba)"
16890707525,true,2017-01-21 20:10:15.000,-11.43583227446,10.35,"stationary","non-breeding site",9.44999999999999,11.25,-11.4649681528663,-10.9783989834816,"solar-geolocator","Apus melba","16QJ","F53194","Switzerland Biel - Long term study on migratory movement of Alpine swifts (Apus melba)"
16890707532,true,2017-01-22 07:38:38.000,-11.4213197969544,10.35,"stationary","non-breeding site",9.44999999999999,11.25,-11.4649681528663,-10.9783989834816,"solar-geolocator","Apus melba","16QJ","F53194","Switzerland Biel - Long term study on migratory movement of Alpine swifts (Apus melba)"
16890707526,true,2017-01-22 20:12:16.000,-11.43583227446,10.35,"stationary","non-breeding site",9.44999999999999,11.25,-11.4649681528663,-10.9783989834816,"solar-geolocator","Apus melba","16QJ","F53194","Switzerland Biel - Long term study on migratory movement of Alpine swifts (Apus melba)"
16890707527,true,2017-01-23 07:46:39.000,-11.43583227446,10.35,"stationary","non-breeding site",9.44999999999999,11.25,-11.4649681528663,-10.9783989834816,"solar-geolocator","Apus melba","16QJ","F53194","Switzerland Biel - Long term study on migratory movement of Alpine swifts (Apus melba)"
16890707533,true,2017-01-23 20:12:16.000,-11.4213197969544,10.35,"stationary","non-breeding site",9.44999999999999,11.25,-11.4649681528663,-10.9783989834816,"solar-geolocator","Apus melba","16QJ","F53194","Switzerland Biel - Long term study on migratory movement of Alpine swifts (Apus melba)"
16890707534,true,2017-01-24 07:34:40.000,-11.4213197969544,10.35,"stationary","non-breeding site",9.44999999999999,11.25,-11.4649681528663,-10.9783989834816,"solar-geolocator","Apus melba","16QJ","F53194","Switzerland Biel - Long term study on migratory movement of Alpine swifts (Apus melba)"
16890707535,true,2017-01-24 20:14:17.000,-11.4213197969544,10.35,"stationary","non-breeding site",9.44999999999999,11.25,-11.4649681528663,-10.9783989834816,"solar-geolocator","Apus melba","16QJ","F53194","Switzerland Biel - Long term study on migratory movement of Alpine swifts (Apus melba)"
16890707536,true,2017-01-25 07:40:40.000,-11.4213197969544,10.35,"stationary","non-breeding site",9.44999999999999,11.25,-11.4649681528663,-10.9783989834816,"solar-geolocator","Apus melba","16QJ","F53194","Switzerland Biel - Long term study on migratory movement of Alpine swifts (Apus melba)"
16890707537,true,2017-01-25 20:14:18.000,-11.4213197969544,10.35,"stationary","non-breeding site",9.44999999999999,11.25,-11.4649681528663,-10.9783989834816,"solar-geolocator","Apus melba","16QJ","F53194","Switzerland Biel - Long term study on migratory movement of Alpine swifts (Apus melba)"
16890707538,true,2017-01-26 07:42:41.000,-11.4213197969544,10.35,"stationary","non-breeding site",9.44999999999999,11.25,-11.4649681528663,-10.9783989834816,"solar-geolocator","Apus melba","16QJ","F53194","Switzerland Biel - Long term study on migratory movement of Alpine swifts (Apus melba)"
16890707539,true,2017-01-26 20:12:19.000,-11.4213197969544,10.35,"stationary","non-breeding site",9.44999999999999,11.25,-11.4649681528663,-10.9783989834816,"solar-geolocator","Apus melba","16QJ","F53194","Switzerland Biel - Long term study on migratory movement of Alpine swifts (Apus melba)"
16890707540,true,2017-01-27 07:44:42.000,-11.4213197969544,10.35,"stationary","non-breeding site",9.44999999999999,11.25,-11.4649681528663,-10.9783989834816,"solar-geolocator","Apus melba","16QJ","F53194","Switzerland Biel - Long term study on migratory movement of Alpine swifts (Apus melba)"
16890707541,true,2017-01-27 20:14:19.000,-11.4213197969544,10.35,"stationary","non-breeding site",9.44999999999999,11.25,-11.4649681528663,-10.9783989834816,"solar-geolocator","Apus melba","16QJ","F53194","Switzerland Biel - Long term study on migratory movement of Alpine swifts (Apus melba)"
16890707542,true,2017-01-28 07:44:42.000,-11.4213197969544,10.35,"stationary","non-breeding site",9.44999999999999,11.25,-11.4649681528663,-10.9644670050761,"solar-geolocator","Apus melba","16QJ","F53194","Switzerland Biel - Long term study on migratory movement of Alpine swifts (Apus melba)"
16890707543,true,2017-01-28 20:06:20.000,-11.4213197969544,10.35,"stationary","non-breeding site",9.44999999999999,11.25,-11.4649681528663,-10.9644670050761,"solar-geolocator","Apus melba","16QJ","F53194","Switzerland Biel - Long term study on migratory movement of Alpine swifts (Apus melba)"
16890707544,true,2017-01-29 07:38:43.000,-11.4213197969544,10.35,"stationary","non-breeding site",9.44999999999999,11.25,-11.4649681528663,-10.9644670050761,"solar-geolocator","Apus melba","16QJ","F53194","Switzerland Biel - Long term study on migratory movement of Alpine swifts (Apus melba)"
16890707545,true,2017-01-29 20:14:21.000,-11.4213197969544,10.35,"stationary","non-breeding site",9.44999999999999,11.25,-11.4649681528663,-10.9644670050761,"solar-geolocator","Apus melba","16QJ","F53194","Switzerland Biel - Long term study on migratory movement of Alpine swifts (Apus melba)"
16890707546,true,2017-01-30 07:40:44.000,-11.4213197969544,10.8,"stationary","non-breeding site",9.44999999999999,11.25,-11.4649681528663,-10.9644670050761,"solar-geolocator","Apus melba","16QJ","F53194","Switzerland Biel - Long term study on migratory movement of Alpine swifts (Apus melba)"
16890707547,true,2017-01-30 20:16:21.000,-11.4213197969544,10.35,"stationary","non-breeding site",9.00000000000001,11.25,-11.4649681528663,-10.9644670050761,"solar-geolocator","Apus melba","16QJ","F53194","Switzerland Biel - Long term study on migratory movement of Alpine swifts (Apus melba)"
16890707548,true,2017-01-31 07:38:45.000,-11.4213197969544,10.35,"stationary","non-breeding site",9.00000000000001,11.25,-11.4649681528663,-10.9505703422054,"solar-geolocator","Apus melba","16QJ","F53194","Switzerland Biel - Long term study on migratory movement of Alpine swifts (Apus melba)"
16890707549,true,2017-01-31 20:12:22.000,-11.4213197969544,10.35,"stationary","non-breeding site",9.00000000000001,11.25,-11.4649681528663,-10.9644670050761,"solar-geolocator","Apus melba","16QJ","F53194","Switzerland Biel - Long term study on migratory movement of Alpine swifts (Apus melba)"
16890707550,true,2017-02-01 07:42:46.000,-11.4213197969544,10.35,"stationary","non-breeding site",9.00000000000001,11.25,-11.4649681528663,-10.9644670050761,"solar-geolocator","Apus melba","16QJ","F53194","Switzerland Biel - Long term study on migratory movement of Alpine swifts (Apus melba)"
16890707551,true,2017-02-01 20:16:23.000,-11.4213197969544,10.35,"stationary","non-breeding site",9.00000000000001,11.25,-11.4649681528663,-10.9367088607595,"solar-geolocator","Apus melba","16QJ","F53194","Switzerland Biel - Long term study on migratory movement of Alpine swifts (Apus melba)"
16890707552,true,2017-02-02 07:44:46.000,-11.4213197969544,10.35,"stationary","non-breeding site",9.00000000000001,11.25,-11.4649681528663,-10.9367088607595,"solar-geolocator","Apus melba","16QJ","F53194","Switzerland Biel - Long term study on migratory movement of Alpine swifts (Apus melba)"
16890707553,true,2017-02-02 20:10:25.000,-11.4213197969544,10.35,"stationary","non-breeding site",9.00000000000001,11.25,-11.4649681528663,-10.9367088607595,"solar-geolocator","Apus melba","16QJ","F53194","Switzerland Biel - Long term study on migratory movement of Alpine swifts (Apus melba)"
16890707554,true,2017-02-03 07:40:47.000,-11.4213197969544,10.35,"stationary","non-breeding site",9.00000000000001,11.25,-11.4649681528663,-10.547770700637,"solar-geolocator","Apus melba","16QJ","F53194","Switzerland Biel - Long term study on migratory movement of Alpine swifts (Apus melba)"
16890707561,true,2017-02-03 20:18:24.000,-11.4068441064639,10.35,"stationary","non-breeding site",9.00000000000001,11.25,-11.4649681528663,-10.4942965779468,"solar-geolocator","Apus melba","16QJ","F53194","Switzerland Biel - Long term study on migratory movement of Alpine swifts (Apus melba)"
16890707562,true,2017-02-04 07:40:48.000,-11.4068441064639,10.35,"stationary","non-breeding site",9.00000000000001,11.25,-11.4649681528663,-10.4942965779468,"solar-geolocator","Apus melba","16QJ","F53194","Switzerland Biel - Long term study on migratory movement of Alpine swifts (Apus melba)"
16890707563,true,2017-02-04 20:14:25.000,-11.4068441064639,10.35,"stationary","non-breeding site",9.00000000000001,11.25,-11.4649681528663,-10.4942965779468,"solar-geolocator","Apus melba","16QJ","F53194","Switzerland Biel - Long term study on migratory movement of Alpine swifts (Apus melba)"
16890707564,true,2017-02-05 07:40:48.000,-11.4068441064639,10.35,"stationary","non-breeding site",9.00000000000001,11.25,-11.4649681528663,-10.4810126582279,"solar-geolocator","Apus melba","16QJ","F53194","Switzerland Biel - Long term study on migratory movement of Alpine swifts (Apus melba)"
16890707565,true,2017-02-05 20:12:26.000,-11.4068441064639,10.35,"stationary","non-breeding site",9.00000000000001,11.25,-11.4503816793893,-10.4810126582279,"solar-geolocator","Apus melba","16QJ","F53194","Switzerland Biel - Long term study on migratory movement of Alpine swifts (Apus melba)"
16890707566,true,2017-02-06 07:40:49.000,-11.4068441064639,10.35,"stationary","non-breeding site",9.00000000000001,11.25,-11.4503816793893,-10.4810126582279,"solar-geolocator","Apus melba","16QJ","F53194","Switzerland Biel - Long term study on migratory movement of Alpine swifts (Apus melba)"
16890707567,true,2017-02-06 20:16:27.000,-11.4068441064639,10.35,"stationary","non-breeding site",9.00000000000001,11.25,-11.4503816793893,-10.4810126582279,"solar-geolocator","Apus melba","16QJ","F53194","Switzerland Biel - Long term study on migratory movement of Alpine swifts (Apus melba)"
16890707568,true,2017-02-07 07:44:50.000,-11.4068441064639,10.35,"stationary","non-breeding site",9.00000000000001,11.25,-11.4503816793893,-10.4810126582279,"solar-geolocator","Apus melba","16QJ","F53194","Switzerland Biel - Long term study on migratory movement of Alpine swifts (Apus melba)"
16890707569,true,2017-02-07 20:12:27.000,-11.4068441064639,10.35,"stationary","non-breeding site",9.00000000000001,11.25,-11.4649681528663,-10.4810126582279,"solar-geolocator","Apus melba","16QJ","F53194","Switzerland Biel - Long term study on migratory movement of Alpine swifts (Apus melba)"
16890707570,true,2017-02-08 07:38:51.000,-11.4068441064639,10.35,"stationary","non-breeding site",9.00000000000001,11.25,-11.4503816793893,-10.4810126582279,"solar-geolocator","Apus melba","16QJ","F53194","Switzerland Biel - Long term study on migratory movement of Alpine swifts (Apus melba)"
16890707571,true,2017-02-08 20:14:28.000,-11.4068441064639,10.35,"stationary","non-breeding site",9.00000000000001,11.25,-11.4503816793893,-10.4677623261694,"solar-geolocator","Apus melba","16QJ","F53194","Switzerland Biel - Long term study on migratory movement of Alpine swifts (Apus melba)"
16890707572,true,2017-02-09 07:44:50.000,-11.4068441064639,10.35,"stationary","non-breeding site",8.55000000000001,11.25,-11.4503816793893,-10.4677623261694,"solar-geolocator","Apus melba","16QJ","F53194","Switzerland Biel - Long term study on migratory movement of Alpine swifts (Apus melba)"
16890707573,true,2017-02-09 20:14:30.000,-11.4068441064639,10.35,"stationary","non-breeding site",8.55000000000001,11.25,-11.4503816793893,-10.4677623261694,"solar-geolocator","Apus melba","16QJ","F53194","Switzerland Biel - Long term study on migratory movement of Alpine swifts (Apus melba)"
16890707574,true,2017-02-10 07:42:52.000,-11.3924050632911,10.35,"stationary","non-breeding site",8.55000000000001,11.25,-11.4503816793893,-10.4413619167718,"solar-geolocator","Apus melba","16QJ","F53194","Switzerland Biel - Long term study on migratory movement of Alpine swifts (Apus melba)"
16890707681,true,2017-02-10 20:12:30.000,-11.0063694267516,10.35,"stationary","non-breeding site",8.10000000000001,11.7,-11.4503816793893,-10.4413619167718,"solar-geolocator","Apus melba","16QJ","F53194","Switzerland Biel - Long term study on migratory movement of Alpine swifts (Apus melba)"
16890707682,true,2017-02-11 07:40:53.000,-11.0063694267516,10.35,"stationary","non-breeding site",8.10000000000001,11.7,-11.4503816793893,-10.4413619167718,"solar-geolocator","Apus melba","16QJ","F53194","Switzerland Biel - Long term study on migratory movement of Alpine swifts (Apus melba)"
16890707683,true,2017-02-11 20:16:30.000,-11.0063694267516,10.35,"stationary","non-breeding site",8.10000000000001,11.7,-11.4503816793893,-10.1668806161746,"solar-geolocator","Apus melba","16QJ","F53194","Switzerland Biel - Long term study on migratory movement of Alpine swifts (Apus melba)"
16890707684,true,2017-02-12 07:44:54.000,-11.0063694267516,10.35,"stationary","non-breeding site",8.10000000000001,11.7,-11.4503816793893,-10.0891719745223,"solar-geolocator","Apus melba","16QJ","F53194","Switzerland Biel - Long term study on migratory movement of Alpine swifts (Apus melba)"
16890707694,true,2017-02-12 20:14:31.000,-10.9923664122138,10.35,"stationary","non-breeding site",8.10000000000001,11.7,-11.4503816793893,-10.0891719745223,"solar-geolocator","Apus melba","16QJ","F53194","Switzerland Biel - Long term study on migratory movement of Alpine swifts (Apus melba)"
16890707695,true,2017-02-13 07:40:54.000,-10.9923664122138,10.35,"stationary","non-breeding site",7.65000000000001,12.6,-11.4503816793893,-10.0253164556962,"solar-geolocator","Apus melba","16QJ","F53194","Switzerland Biel - Long term study on migratory movement of Alpine swifts (Apus melba)"
16890707886,true,2017-02-13 20:08:32.000,-10.547770700637,10.35,"movement","non-breeding site",7.65000000000001,13.95,-11.4503816793893,-9.61832061068706,"solar-geolocator","Apus melba","16QJ","F53194","Switzerland Biel - Long term study on migratory movement of Alpine swifts (Apus melba)"
16890707897,true,2017-02-14 07:32:55.000,-10.4942965779468,10.8,"stationary","non-breeding site",7.2,13.95,-11.43583227446,-9.58174904942969,"solar-geolocator","Apus melba","16QJ","F53194","Switzerland Biel - Long term study on migratory movement of Alpine swifts (Apus melba)"
16890707904,true,2017-02-14 20:10:32.000,-10.4810126582279,10.8,"stationary","non-breeding site",7.2,13.95,-11.43583227446,-9.54545454545456,"solar-geolocator","Apus melba","16QJ","F53194","Switzerland Biel - Long term study on migratory movement of Alpine swifts (Apus melba)"
16890707905,true,2017-02-15 07:28:56.000,-10.4810126582279,10.8,"stationary","non-breeding site",7.2,13.95,-11.4213197969544,-9.52141057934512,"solar-geolocator","Apus melba","16QJ","F53194","Switzerland Biel - Long term study on migratory movement of Alpine swifts (Apus melba)"
16890707906,true,2017-02-15 20:08:33.000,-10.4810126582279,10.35,"stationary","non-breeding site",7.2,13.95,-11.4213197969544,-9.52141057934512,"solar-geolocator","Apus melba","16QJ","F53194","Switzerland Biel - Long term study on migratory movement of Alpine swifts (Apus melba)"
16890707907,true,2017-02-16 07:34:57.000,-10.4810126582279,10.8,"stationary","non-breeding site",7.2,13.95,-11.4213197969544,-9.59390862944166,"solar-geolocator","Apus melba","16QJ","F53194","Switzerland Biel - Long term study on migratory movement of Alpine swifts (Apus melba)"
16890707908,true,2017-02-16 20:16:34.000,-10.4810126582279,10.8,"stationary","non-breeding site",7.65000000000001,13.95,-11.43583227446,-9.61832061068706,"solar-geolocator","Apus melba","16QJ","F53194","Switzerland Biel - Long term study on migratory movement of Alpine swifts (Apus melba)"
16890707909,true,2017-02-17 07:38:57.000,-10.4810126582279,10.35,"stationary","non-breeding site",7.65000000000001,13.95,-11.0485933503836,-9.61832061068706,"solar-geolocator","Apus melba","16QJ","F53194","Switzerland Biel - Long term study on migratory movement of Alpine swifts (Apus melba)"
16890707910,true,2017-02-17 20:18:35.000,-10.4810126582279,10.8,"stationary","non-breeding site",7.65000000000001,13.95,-11.1772315653299,-9.61832061068706,"solar-geolocator","Apus melba","16QJ","F53194","Switzerland Biel - Long term study on migratory movement of Alpine swifts (Apus melba)"
16890707911,true,2017-02-18 07:36:58.000,-10.4810126582279,10.8,"stationary","non-breeding site",7.65000000000001,13.95,-11.0485933503836,-9.61832061068706,"solar-geolocator","Apus melba","16QJ","F53194","Switzerland Biel - Long term study on migratory movement of Alpine swifts (Apus melba)"
16890707912,true,2017-02-18 20:12:35.000,-10.4810126582279,10.8,"stationary","non-breeding site",7.65000000000001,14.4,-11.0485933503836,-9.61832061068706,"solar-geolocator","Apus melba","16QJ","F53194","Switzerland Biel - Long term study on migratory movement of Alpine swifts (Apus melba)"
16890707913,true,2017-02-19 07:26:59.000,-10.4810126582279,10.8,"stationary","non-breeding site",7.65000000000001,14.4,-11.4068441064639,-9.61832061068706,"solar-geolocator","Apus melba","16QJ","F53194","Switzerland Biel - Long term study on migratory movement of Alpine swifts (Apus melba)"
16890707914,true,2017-02-19 20:20:36.000,-10.4810126582279,10.35,"stationary","non-breeding site",7.65000000000001,14.4,-11.4068441064639,-9.61832061068706,"solar-geolocator","Apus melba","16QJ","F53194","Switzerland Biel - Long term study on migratory movement of Alpine swifts (Apus melba)"
16890707898,true,2017-02-20 07:39:00.000,-10.4942965779468,10.35,"stationary","non-breeding site",7.65000000000001,14.4,-11.1772315653299,-9.61832061068706,"solar-geolocator","Apus melba","16QJ","F53194","Switzerland Biel - Long term study on migratory movement of Alpine swifts (Apus melba)"
16890707899,true,2017-02-20 20:18:37.000,-10.4942965779468,10.35,"stationary","non-breeding site",7.65000000000001,14.4,-11.1772315653299,-9.61832061068706,"solar-geolocator","Apus melba","16QJ","F53194","Switzerland Biel - Long term study on migratory movement of Alpine swifts (Apus melba)"
16890707900,true,2017-02-21 07:33:00.000,-10.4942965779468,10.35,"stationary","non-breeding site",7.65000000000001,14.4,-11.4068441064639,-9.61832061068706,"solar-geolocator","Apus melba","16QJ","F53194","Switzerland Biel - Long term study on migratory movement of Alpine swifts (Apus melba)"
16890707901,true,2017-02-21 20:18:38.000,-10.4942965779468,10.35,"stationary","non-breeding site",7.65000000000001,13.95,-11.4068441064639,-9.63057324840766,"solar-geolocator","Apus melba","16QJ","F53194","Switzerland Biel - Long term study on migratory movement of Alpine swifts (Apus melba)"
16890707889,true,2017-02-22 07:35:01.000,-10.5343511450382,10.35,"stationary","non-breeding site",8.10000000000001,13.95,-11.4068441064639,-9.66751918158566,"solar-geolocator","Apus melba","16QJ","F53194","Switzerland Biel - Long term study on migratory movement of Alpine swifts (Apus melba)"
16890707887,true,2017-02-22 20:20:38.000,-10.547770700637,10.35,"stationary","non-breeding site",8.10000000000001,13.95,-11.4068441064639,-9.66751918158566,"solar-geolocator","Apus melba","16QJ","F53194","Switzerland Biel - Long term study on migratory movement of Alpine swifts (Apus melba)"
16890707888,true,2017-02-23 07:37:02.000,-10.547770700637,10.35,"stationary","non-breeding site",8.10000000000001,13.95,-11.4068441064639,-9.66751918158566,"solar-geolocator","Apus melba","16QJ","F53194","Switzerland Biel - Long term study on migratory movement of Alpine swifts (Apus melba)"
16890707890,true,2017-02-23 20:18:39.000,-10.5343511450382,10.35,"stationary","non-breeding site",8.10000000000001,13.95,-11.4068441064639,-9.66751918158566,"solar-geolocator","Apus melba","16QJ","F53194","Switzerland Biel - Long term study on migratory movement of Alpine swifts (Apus melba)"
16890707891,true,2017-02-24 07:39:02.000,-10.5343511450382,10.35,"stationary","non-breeding site",8.10000000000001,13.95,-11.4068441064639,-9.65517241379313,"solar-geolocator","Apus melba","16QJ","F53194","Switzerland Biel - Long term study on migratory movement of Alpine swifts (Apus melba)"
16890707895,true,2017-02-24 20:02:40.000,-10.5209656925032,10.35,"stationary","non-breeding site",7.65000000000001,14.4,-11.4068441064639,-9.49748743718591,"solar-geolocator","Apus melba","16QJ","F53194","Switzerland Biel - Long term study on migratory movement of Alpine swifts (Apus melba)"
16890708099,true,2017-02-25 07:29:03.000,-10.2061855670104,11.25,"movement","migration",7.65000000000001,18.0,-11.0063694267516,-7.81609195402303,"solar-geolocator","Apus melba","16QJ","F53194","Switzerland Biel - Long term study on migratory movement of Alpine swifts (Apus melba)"
16890708176,true,2017-02-25 20:14:41.000,-10.1799485861183,11.25,"stationary","migration",7.65000000000001,18.0,-11.0063694267516,-7.81609195402303,"solar-geolocator","Apus melba","16QJ","F53194","Switzerland Biel - Long term study on migratory movement of Alpine swifts (Apus melba)"
16890708177,true,2017-02-26 07:29:04.000,-10.1799485861183,11.25,"stationary","migration",7.65000000000001,18.0,-11.0063694267516,-7.81609195402303,"solar-geolocator","Apus melba","16QJ","F53194","Switzerland Biel - Long term study on migratory movement of Alpine swifts (Apus melba)"
16890708256,true,2017-02-26 20:10:41.000,-10.1668806161746,11.25,"stationary","migration",7.2,18.0,-11.0063694267516,-7.81609195402303,"solar-geolocator","Apus melba","16QJ","F53194","Switzerland Biel - Long term study on migratory movement of Alpine swifts (Apus melba)"
16890708377,true,2017-02-27 07:29:05.000,-10.1408450704225,11.25,"stationary","migration",7.2,18.0,-11.0063694267516,-7.81609195402303,"solar-geolocator","Apus melba","16QJ","F53194","Switzerland Biel - Long term study on migratory movement of Alpine swifts (Apus melba)"
16890708378,true,2017-02-27 20:06:42.000,-10.1408450704225,11.25,"stationary","migration",7.2,18.0,-11.0063694267516,-7.81609195402303,"solar-geolocator","Apus melba","16QJ","F53194","Switzerland Biel - Long term study on migratory movement of Alpine swifts (Apus melba)"
16890708379,true,2017-02-28 07:27:05.000,-10.1408450704225,11.25,"stationary","migration",7.2,18.0,-11.0063694267516,-7.81609195402303,"solar-geolocator","Apus melba","16QJ","F53194","Switzerland Biel - Long term study on migratory movement of Alpine swifts (Apus melba)"
16890708380,true,2017-02-28 20:02:43.000,-10.1408450704225,11.25,"stationary","migration",7.2,18.0,-11.0063694267516,-7.81609195402303,"solar-geolocator","Apus melba","16QJ","F53194","Switzerland Biel - Long term study on migratory movement of Alpine swifts (Apus melba)"
16890707916,true,2017-03-01 07:23:06.000,-10.4282115869018,10.8,"movement","migration",5.85000000000001,18.0,-11.0063694267516,-8.042049934297,"solar-geolocator","Apus melba","16QJ","F53194","Switzerland Biel - Long term study on migratory movement of Alpine swifts (Apus melba)"
16890707915,true,2017-03-01 20:16:44.000,-10.4810126582279,10.35,"movement","migration",2.7,14.4,-11.2640801001252,-9.2071611253197,"solar-geolocator","Apus melba","16QJ","F53194","Switzerland Biel - Long term study on migratory movement of Alpine swifts (Apus melba)"
16890707902,true,2017-03-02 07:31:07.000,-10.4942965779468,10.35,"stationary","non-breeding site",2.7,13.95,-11.2640801001252,-9.2071611253197,"solar-geolocator","Apus melba","16QJ","F53194","Switzerland Biel - Long term study on migratory movement of Alpine swifts (Apus melba)"
16890707896,true,2017-03-02 20:20:44.000,-10.5209656925032,9.90000000000001,"stationary","non-breeding site",2.7,13.95,-11.4068441064639,-9.71722365038563,"solar-geolocator","Apus melba","16QJ","F53194","Switzerland Biel - Long term study on migratory movement of Alpine swifts (Apus melba)"
16890707892,true,2017-03-03 07:33:08.000,-10.5343511450382,9.90000000000001,"stationary","non-breeding site",2.7,13.95,-11.4068441064639,-10.0,"solar-geolocator","Apus melba","16QJ","F53194","Switzerland Biel - Long term study on migratory movement of Alpine swifts (Apus melba)"
16890707893,true,2017-03-03 20:20:45.000,-10.5343511450382,9.90000000000001,"stationary","non-breeding site",2.7,13.95,-11.4068441064639,-10.0380228136882,"solar-geolocator","Apus melba","16QJ","F53194","Switzerland Biel - Long term study on migratory movement of Alpine swifts (Apus melba)"
16890707879,true,2017-03-04 07:31:08.000,-10.5747126436782,9.90000000000001,"stationary","non-breeding site",2.7,14.4,-11.4068441064639,-10.0507614213198,"solar-geolocator","Apus melba","16QJ","F53194","Switzerland Biel - Long term study on migratory movement of Alpine swifts (Apus melba)"
16890707880,true,2017-03-04 20:16:46.000,-10.5747126436782,9.90000000000001,"stationary","non-breeding site",2.7,14.4,-11.4068441064639,-10.0507614213198,"solar-geolocator","Apus melba","16QJ","F53194","Switzerland Biel - Long term study on migratory movement of Alpine swifts (Apus melba)"
16890707881,true,2017-03-05 07:33:08.000,-10.5747126436782,9.90000000000001,"stationary","non-breeding site",2.7,14.4,-11.4068441064639,-10.0635324015248,"solar-geolocator","Apus melba","16QJ","F53194","Switzerland Biel - Long term study on migratory movement of Alpine swifts (Apus melba)"
16890707882,true,2017-03-05 20:16:46.000,-10.5747126436782,9.90000000000001,"stationary","non-breeding site",2.7,14.4,-11.4068441064639,-10.0635324015248,"solar-geolocator","Apus melba","16QJ","F53194","Switzerland Biel - Long term study on migratory movement of Alpine swifts (Apus melba)"
16890707883,true,2017-03-06 07:31:10.000,-10.5747126436782,9.90000000000001,"stationary","non-breeding site",2.7,14.4,-11.4068441064639,-10.0635324015248,"solar-geolocator","Apus melba","16QJ","F53194","Switzerland Biel - Long term study on migratory movement of Alpine swifts (Apus melba)"
16890707884,true,2017-03-06 20:20:47.000,-10.5747126436782,9.90000000000001,"stationary","non-breeding site",2.7,14.85,-11.4068441064639,-10.0635324015248,"solar-geolocator","Apus melba","16QJ","F53194","Switzerland Biel - Long term study on migratory movement of Alpine swifts (Apus melba)"
16890707885,true,2017-03-07 07:35:10.000,-10.5747126436782,9.90000000000001,"stationary","non-breeding site",2.7,14.85,-11.4068441064639,-10.0635324015248,"solar-geolocator","Apus melba","16QJ","F53194","Switzerland Biel - Long term study on migratory movement of Alpine swifts (Apus melba)"
16890707877,true,2017-03-07 20:20:48.000,-10.5882352941177,9.90000000000001,"stationary","non-breeding site",2.7,14.4,-11.4068441064639,-10.0635324015248,"solar-geolocator","Apus melba","16QJ","F53194","Switzerland Biel - Long term study on migratory movement of Alpine swifts (Apus melba)"
16890707878,true,2017-03-08 07:33:11.000,-10.5882352941177,9.90000000000001,"stationary","non-breeding site",2.7,14.4,-11.4068441064639,-10.0635324015248,"solar-geolocator","Apus melba","16QJ","F53194","Switzerland Biel - Long term study on migratory movement of Alpine swifts (Apus melba)"
16890707876,true,2017-03-08 20:16:49.000,-10.6017925736236,9.90000000000001,"stationary","non-breeding site",2.7,14.4,-11.4068441064639,-10.0635324015248,"solar-geolocator","Apus melba","16QJ","F53194","Switzerland Biel - Long term study on migratory movement of Alpine swifts (Apus melba)"
16890707702,true,2017-03-09 07:29:12.000,-10.827067669173,9.44999999999999,"stationary","non-breeding site",0.450000000000003,14.4,-11.4068441064639,-10.0635324015248,"solar-geolocator","Apus melba","16QJ","F53194","Switzerland Biel - Long term study on migratory movement of Alpine swifts (Apus melba)"
16890707703,true,2017-03-09 20:22:49.000,-10.827067669173,9.44999999999999,"stationary","non-breeding site",0.450000000000003,14.4,-11.4068441064639,-10.0635324015248,"solar-geolocator","Apus melba","16QJ","F53194","Switzerland Biel - Long term study on migratory movement of Alpine swifts (Apus melba)"
16890707704,true,2017-03-10 07:29:13.000,-10.827067669173,9.44999999999999,"stationary","non-breeding site",0.450000000000003,14.4,-11.4068441064639,-10.0635324015248,"solar-geolocator","Apus melba","16QJ","F53194","Switzerland Biel - Long term study on migratory movement of Alpine swifts (Apus melba)"
16890707705,true,2017-03-10 20:20:50.000,-10.827067669173,9.44999999999999,"stationary","non-breeding site",0.450000000000003,14.4,-11.4068441064639,-10.0635324015248,"solar-geolocator","Apus melba","16QJ","F53194","Switzerland Biel - Long term study on migratory movement of Alpine swifts (Apus melba)"
16890707706,true,2017-03-11 07:29:13.000,-10.827067669173,9.44999999999999,"stationary","non-breeding site",0.450000000000003,14.4,-11.4068441064639,-10.0635324015248,"solar-geolocator","Apus melba","16QJ","F53194","Switzerland Biel - Long term study on migratory movement of Alpine swifts (Apus melba)"
16890707707,true,2017-03-11 20:18:51.000,-10.827067669173,9.44999999999999,"stationary","non-breeding site",0.450000000000003,14.4,-11.4068441064639,-10.0635324015248,"solar-geolocator","Apus melba","16QJ","F53194","Switzerland Biel - Long term study on migratory movement of Alpine swifts (Apus melba)"
16890707700,true,2017-03-12 07:21:14.000,-10.840652446675,9.44999999999999,"stationary","non-breeding site",0.450000000000003,14.4,-11.4068441064639,-10.0635324015248,"solar-geolocator","Apus melba","16QJ","F53194","Switzerland Biel - Long term study on migratory movement of Alpine swifts (Apus melba)"
16890707699,true,2017-03-12 20:20:52.000,-10.8519003931848,9.44999999999999,"stationary","non-breeding site",0.450000000000003,14.4,-11.4068441064639,-10.0635324015248,"solar-geolocator","Apus melba","16QJ","F53194","Switzerland Biel - Long term study on migratory movement of Alpine swifts (Apus melba)"
16890707708,true,2017-03-13 07:31:15.000,-10.827067669173,9.44999999999999,"stationary","non-breeding site",0.450000000000003,14.4,-11.4068441064639,-10.0635324015248,"solar-geolocator","Apus melba","16QJ","F53194","Switzerland Biel - Long term study on migratory movement of Alpine swifts (Apus melba)"
16890707709,true,2017-03-13 20:18:53.000,-10.827067669173,9.44999999999999,"stationary","non-breeding site",0.450000000000003,14.4,-11.4068441064639,-10.0635324015248,"solar-geolocator","Apus melba","16QJ","F53194","Switzerland Biel - Long term study on migratory movement of Alpine swifts (Apus melba)"
16890707710,true,2017-03-14 07:29:16.000,-10.827067669173,9.44999999999999,"stationary","non-breeding site",0.450000000000003,14.4,-11.4068441064639,-10.0635324015248,"solar-geolocator","Apus melba","16QJ","F53194","Switzerland Biel - Long term study on migratory movement of Alpine swifts (Apus melba)"
16890707711,true,2017-03-14 20:12:53.000,-10.827067669173,9.44999999999999,"stationary","non-breeding site",0.450000000000003,14.4,-11.4068441064639,-10.0635324015248,"solar-geolocator","Apus melba","16QJ","F53194","Switzerland Biel - Long term study on migratory movement of Alpine swifts (Apus melba)"
16890707701,true,2017-03-15 07:37:16.000,-10.840652446675,9.44999999999999,"stationary","non-breeding site",0.450000000000003,15.3,-11.4068441064639,-10.0635324015248,"solar-geolocator","Apus melba","16QJ","F53194","Switzerland Biel - Long term study on migratory movement of Alpine swifts (Apus melba)"
16890707712,true,2017-03-15 20:20:54.000,-10.827067669173,9.44999999999999,"stationary","non-breeding site",0.450000000000003,15.3,-11.4068441064639,-9.24261874197692,"solar-geolocator","Apus melba","16QJ","F53194","Switzerland Biel - Long term study on migratory movement of Alpine swifts (Apus melba)"
16890707903,true,2017-03-16 07:29:17.000,-10.4942965779468,10.35,"movement","migration",0.450000000000003,15.75,-11.4068441064639,-9.01126408010013,"solar-geolocator","Apus melba","16QJ","F53194","Switzerland Biel - Long term study on migratory movement of Alpine swifts (Apus melba)"
16890708601,true,2017-03-16 20:08:55.000,-9.02255639097744,10.35,"movement","migration",1.4210854715202E-14,19.35,-11.25,-8.10000000000002,"solar-geolocator","Apus melba","16QJ","F53194","Switzerland Biel - Long term study on migratory movement of Alpine swifts (Apus melba)"
16890708687,true,2017-03-17 07:19:18.000,-8.58278145695367,9.00000000000001,"movement","migration",1.4210854715202E-14,19.35,-10.507614213198,-8.00000000000003,"solar-geolocator","Apus melba","16QJ","F53194","Switzerland Biel - Long term study on migratory movement of Alpine swifts (Apus melba)"
16890708688,true,2017-03-17 20:02:55.000,-8.58278145695367,8.55000000000001,"stationary","migration",1.4210854715202E-14,19.35,-10.0253164556962,-7.67879548306151,"solar-geolocator","Apus melba","16QJ","F53194","Switzerland Biel - Long term study on migratory movement of Alpine swifts (Apus melba)"
16890708698,true,2017-03-18 07:15:19.000,-8.58218318695106,8.55000000000001,"stationary","migration",1.4210854715202E-14,19.35,-9.49748743718591,-7.65957446808512,"solar-geolocator","Apus melba","16QJ","F53194","Switzerland Biel - Long term study on migratory movement of Alpine swifts (Apus melba)"
16890708689,true,2017-03-18 20:04:56.000,-8.58278145695367,8.55000000000001,"stationary","migration",1.4210854715202E-14,19.35,-9.45000000000004,-7.65957446808512,"solar-geolocator","Apus melba","16QJ","F53194","Switzerland Biel - Long term study on migratory movement of Alpine swifts (Apus melba)"
16890708690,true,2017-03-19 07:21:19.000,-8.58278145695367,8.55000000000001,"stationary","migration",1.4210854715202E-14,19.35,-9.46182728410517,-7.96875000000002,"solar-geolocator","Apus melba","16QJ","F53194","Switzerland Biel - Long term study on migratory movement of Alpine swifts (Apus melba)"
16890708691,true,2017-03-19 20:10:57.000,-8.58278145695367,8.55000000000001,"stationary","migration",1.4210854715202E-14,19.35,-9.47368421052631,-7.96875000000002,"solar-geolocator","Apus melba","16QJ","F53194","Switzerland Biel - Long term study on migratory movement of Alpine swifts (Apus melba)"
16890708692,true,2017-03-20 07:25:20.000,-8.58278145695367,8.55000000000001,"stationary","migration",1.4210854715202E-14,19.35,-9.49748743718591,-7.96875000000002,"solar-geolocator","Apus melba","16QJ","F53194","Switzerland Biel - Long term study on migratory movement of Alpine swifts (Apus melba)"
16890708693,true,2017-03-20 20:04:57.000,-8.58278145695367,8.55000000000001,"stationary","migration",1.4210854715202E-14,19.35,-9.49748743718591,-7.96875000000002,"solar-geolocator","Apus melba","16QJ","F53194","Switzerland Biel - Long term study on migratory movement of Alpine swifts (Apus melba)"
16890708694,true,2017-03-21 07:15:21.000,-8.58278145695367,8.10000000000001,"stationary","migration",1.4210854715202E-14,19.35,-9.49748743718591,-7.96875000000002,"solar-geolocator","Apus melba","16QJ","F53194","Switzerland Biel - Long term study on migratory movement of Alpine swifts (Apus melba)"
16890708695,true,2017-03-21 20:04:58.000,-8.58278145695367,8.10000000000001,"stationary","migration",1.4210854715202E-14,19.35,-9.49748743718591,-7.67879548306151,"solar-geolocator","Apus melba","16QJ","F53194","Switzerland Biel - Long term study on migratory movement of Alpine swifts (Apus melba)"
16890708696,true,2017-03-22 07:13:22.000,-8.58278145695367,8.10000000000001,"stationary","migration",1.4210854715202E-14,19.35,-9.58174904942969,-7.67879548306151,"solar-geolocator","Apus melba","16QJ","F53194","Switzerland Biel - Long term study on migratory movement of Alpine swifts (Apus melba)"
16890708697,true,2017-03-22 20:08:59.000,-8.58278145695367,9.44999999999999,"stationary","migration",1.4210854715202E-14,19.35,-10.8816120906801,-7.66917293233083,"solar-geolocator","Apus melba","16QJ","F53194","Switzerland Biel - Long term study on migratory movement of Alpine swifts (Apus melba)"
16890707697,true,2017-03-23 07:17:22.000,-10.8816120906801,8.55000000000001,"movement","migration",0.450000000000003,17.55,-11.5089514066497,-8.10000000000002,"solar-geolocator","Apus melba","16QJ","F53194","Switzerland Biel - Long term study on migratory movement of Alpine swifts (Apus melba)"
16890707576,true,2017-03-23 20:21:00.000,-11.3493064312737,9.00000000000001,"movement","migration",1.8,18.45,-11.8032786885246,-8.49279161205766,"solar-geolocator","Apus melba","16QJ","F53194","Switzerland Biel - Long term study on migratory movement of Alpine swifts (Apus melba)"
16890707577,true,2017-03-24 07:23:23.000,-11.3493064312737,9.44999999999999,"stationary","non-breeding site",2.25,18.45,-11.8181818181819,-9.32642487046632,"solar-geolocator","Apus melba","16QJ","F53194","Switzerland Biel - Long term study on migratory movement of Alpine swifts (Apus melba)"
16890707578,true,2017-03-24 20:21:00.000,-11.3493064312737,9.44999999999999,"stationary","non-breeding site",2.7,18.45,-11.8331226295828,-10.4942965779468,"solar-geolocator","Apus melba","16QJ","F53194","Switzerland Biel - Long term study on migratory movement of Alpine swifts (Apus melba)"
16890707579,true,2017-03-25 07:29:24.000,-11.3493064312737,9.44999999999999,"stationary","non-breeding site",2.7,18.45,-11.8331226295828,-10.4942965779468,"solar-geolocator","Apus melba","16QJ","F53194","Switzerland Biel - Long term study on migratory movement of Alpine swifts (Apus melba)"
16890707580,true,2017-03-25 20:17:01.000,-11.3493064312737,9.44999999999999,"stationary","non-breeding site",2.7,18.45,-11.8181818181819,-10.4942965779468,"solar-geolocator","Apus melba","16QJ","F53194","Switzerland Biel - Long term study on migratory movement of Alpine swifts (Apus melba)"
16890707581,true,2017-03-26 08:25:25.000,-11.3493064312737,9.44999999999999,"stationary","non-breeding site",2.7,18.45,-11.8181818181819,-10.4942965779468,"solar-geolocator","Apus melba","16QJ","F53194","Switzerland Biel - Long term study on migratory movement of Alpine swifts (Apus melba)"
16890707582,true,2017-03-26 21:17:02.000,-11.3493064312737,9.44999999999999,"stationary","non-breeding site",2.7,18.45,-11.8181818181819,-10.4942965779468,"solar-geolocator","Apus melba","16QJ","F53194","Switzerland Biel - Long term study on migratory movement of Alpine swifts (Apus melba)"
16890707583,true,2017-03-27 08:23:25.000,-11.3493064312737,9.44999999999999,"stationary","non-breeding site",2.7,18.45,-11.8181818181819,-10.4942965779468,"solar-geolocator","Apus melba","16QJ","F53194","Switzerland Biel - Long term study on migratory movement of Alpine swifts (Apus melba)"
16890707584,true,2017-03-27 21:17:03.000,-11.3493064312737,9.44999999999999,"stationary","non-breeding site",2.7,18.45,-11.8181818181819,-10.547770700637,"solar-geolocator","Apus melba","16QJ","F53194","Switzerland Biel - Long term study on migratory movement of Alpine swifts (Apus melba)"
16890707585,true,2017-03-28 08:21:26.000,-11.3493064312737,9.44999999999999,"stationary","non-breeding site",2.7,18.45,-11.8181818181819,-10.547770700637,"solar-geolocator","Apus melba","16QJ","F53194","Switzerland Biel - Long term study on migratory movement of Alpine swifts (Apus melba)"
16890707586,true,2017-03-28 21:15:03.000,-11.3493064312737,9.44999999999999,"stationary","non-breeding site",2.7,18.45,-11.8181818181819,-10.547770700637,"solar-geolocator","Apus melba","16QJ","F53194","Switzerland Biel - Long term study on migratory movement of Alpine swifts (Apus melba)"
16890707587,true,2017-03-29 08:19:27.000,-11.3493064312737,9.44999999999999,"stationary","non-breeding site",2.7,18.45,-11.8181818181819,-10.547770700637,"solar-geolocator","Apus melba","16QJ","F53194","Switzerland Biel - Long term study on migratory movement of Alpine swifts (Apus melba)"
16890707588,true,2017-03-29 21:17:04.000,-11.3493064312737,9.44999999999999,"stationary","non-breeding site",2.7,18.45,-11.8181818181819,-10.547770700637,"solar-geolocator","Apus melba","16QJ","F53194","Switzerland Biel - Long term study on migratory movement of Alpine swifts (Apus melba)"
16890707589,true,2017-03-30 08:23:27.000,-11.3493064312737,9.44999999999999,"stationary","non-breeding site",2.7,18.45,-11.8181818181819,-10.547770700637,"solar-geolocator","Apus melba","16QJ","F53194","Switzerland Biel - Long term study on migratory movement of Alpine swifts (Apus melba)"
16890707590,true,2017-03-30 21:13:05.000,-11.3493064312737,9.44999999999999,"stationary","non-breeding site",2.7,18.45,-11.8331226295828,-10.547770700637,"solar-geolocator","Apus melba","16QJ","F53194","Switzerland Biel - Long term study on migratory movement of Alpine swifts (Apus melba)"
16890707591,true,2017-03-31 08:19:28.000,-11.3493064312737,9.44999999999999,"stationary","non-breeding site",2.7,18.45,-11.8781725888325,-10.547770700637,"solar-geolocator","Apus melba","16QJ","F53194","Switzerland Biel - Long term study on migratory movement of Alpine swifts (Apus melba)"
16890707592,true,2017-03-31 21:19:06.000,-11.3493064312737,9.44999999999999,"stationary","non-breeding site",2.7,18.45,-11.9235668789809,-10.547770700637,"solar-geolocator","Apus melba","16QJ","F53194","Switzerland Biel - Long term study on migratory movement of Alpine swifts (Apus melba)"
16890707593,true,2017-04-01 08:19:29.000,-11.3493064312737,9.44999999999999,"stationary","non-breeding site",2.7,18.45,-13.0645161290323,-10.547770700637,"solar-geolocator","Apus melba","16QJ","F53194","Switzerland Biel - Long term study on migratory movement of Alpine swifts (Apus melba)"
16890707594,true,2017-04-01 21:25:06.000,-11.3493064312737,9.90000000000001,"stationary","non-breeding site",3.60000000000001,19.35,-13.718791064389,-10.6290115532735,"solar-geolocator","Apus melba","16QJ","F53194","Switzerland Biel - Long term study on migratory movement of Alpine swifts (Apus melba)"
16890707438,true,2017-04-02 08:23:30.000,-14.0322580645161,19.8,"movement","migration",4.5,28.8,-15.8189081225034,-11.0627400768246,"solar-geolocator","Apus melba","16QJ","F53194","Switzerland Biel - Long term study on migratory movement of Alpine swifts (Apus melba)"
16890707436,true,2017-04-02 21:43:07.000,-14.2668428005284,21.15,"movement","migration",7.65000000000001,28.8,-16.0,-11.3493064312737,"solar-geolocator","Apus melba","16QJ","F53194","Switzerland Biel - Long term study on migratory movement of Alpine swifts (Apus melba)"
16890707437,true,2017-04-03 08:21:30.000,-14.2668428005284,21.15,"movement","migration",8.55000000000001,28.8,-15.9791122715405,-12.6657645466847,"solar-geolocator","Apus melba","16QJ","F53194","Switzerland Biel - Long term study on migratory movement of Alpine swifts (Apus melba)"
16890707439,true,2017-04-03 21:37:08.000,-13.9896373056995,23.85,"movement","migration",13.95,34.2,-15.718309859155,-7.70328102710414,"solar-geolocator","Apus melba","16QJ","F53194","Switzerland Biel - Long term study on migratory movement of Alpine swifts (Apus melba)"
16890709216,true,2017-04-04 07:51:31.000,-8.04469273743018,29.25,"movement","migration",21.6,37.35,-10.8761329305136,-5.25547445255477,"solar-geolocator","Apus melba","16QJ","F53194","Switzerland Biel - Long term study on migratory movement of Alpine swifts (Apus melba)"
16890709849,true,2017-04-04 21:21:09.000,-5.76923076923081,34.65,"movement","migration",23.85,39.15,-9.44751381215469,-2.84810126582281,"solar-geolocator","Apus melba","16QJ","F53194","Switzerland Biel - Long term study on migratory movement of Alpine swifts (Apus melba)"
16890709886,true,2017-04-05 07:25:32.000,-4.06451612903226,36.9,"movement","migration",26.1,40.5,-8.57142857142862,-2.78207109737247,"solar-geolocator","Apus melba","16QJ","F53194","Switzerland Biel - Long term study on migratory movement of Alpine swifts (Apus melba)"
16890709887,true,2017-04-05 21:13:09.000,-4.01273885350323,37.35,"movement","migration",27.45,40.95,-8.00000000000003,-2.30769230769231,"solar-geolocator","Apus melba","16QJ","F53194","Switzerland Biel - Long term study on migratory movement of Alpine swifts (Apus melba)"
16890709891,true,2017-04-06 07:23:33.000,-3.96226415094344,37.8,"stationary","migration",29.7,41.4,-7.22063037249285,-2.29299363057329,"solar-geolocator","Apus melba","16QJ","F53194","Switzerland Biel - Long term study on migratory movement of Alpine swifts (Apus melba)"
16890709892,true,2017-04-06 21:25:10.000,-3.96226415094344,37.8,"stationary","migration",31.05,41.85,-6.6195190947666,-2.27848101265825,"solar-geolocator","Apus melba","16QJ","F53194","Switzerland Biel - Long term study on migratory movement of Alpine swifts (Apus melba)"
16890709893,true,2017-04-07 07:23:33.000,-3.8948995363215,37.8,"stationary","migration",32.4,41.85,-5.89285714285716,-2.25000000000003,"solar-geolocator","Apus melba","16QJ","F53194","Switzerland Biel - Long term study on migratory movement of Alpine swifts (Apus melba)"
16890709897,true,2017-04-07 21:09:11.000,-3.62416107382554,37.8,"stationary","migration",33.3,42.3,-5.66037735849055,-1.81208053691278,"solar-geolocator","Apus melba","16QJ","F53194","Switzerland Biel - Long term study on migratory movement of Alpine swifts (Apus melba)"
16890709899,true,2017-04-08 07:05:34.000,-3.52941176470589,38.25,"stationary","migration",34.2,42.3,-5.36423841059602,-1.74193548387101,"solar-geolocator","Apus melba","16QJ","F53194","Switzerland Biel - Long term study on migratory movement of Alpine swifts (Apus melba)"
16890709902,true,2017-04-08 21:09:11.000,-3.37500000000003,38.25,"movement","migration",35.1,48.6,-4.80000000000002,4.71910112359551,"solar-geolocator","Apus melba","16QJ","F53194","Switzerland Biel - Long term study on migratory movement of Alpine swifts (Apus melba)"
16890709953,true,2016-10-12 19:34:44.000,1.97080291970803,38.7,"movement","migration",30.6,46.8,0.576923076923077,3.87096774193548,"solar-geolocator","Apus melba","16QM","F61863","Switzerland Biel - Long term study on migratory movement of Alpine swifts (Apus melba)"
16890709954,true,2016-10-13 07:33:07.000,1.97080291970803,38.7,"stationary","migration",30.6,46.8,0.576923076923077,2.41610738255034,"solar-geolocator","Apus melba","16QM","F61863","Switzerland Biel - Long term study on migratory movement of Alpine swifts (Apus melba)"
16890709955,true,2016-10-13 19:42:45.000,1.97080291970803,38.7,"stationary","migration",30.6,46.8,0.576923076923077,2.41610738255034,"solar-geolocator","Apus melba","16QM","F61863","Switzerland Biel - Long term study on migratory movement of Alpine swifts (Apus melba)"
16890709956,true,2016-10-14 07:29:08.000,1.97080291970803,38.7,"stationary","migration",30.6,46.8,0.576923076923077,2.41610738255034,"solar-geolocator","Apus melba","16QM","F61863","Switzerland Biel - Long term study on migratory movement of Alpine swifts (Apus melba)"
16890709951,true,2016-10-14 19:52:45.000,1.89473684210526,38.7,"stationary","migration",30.6,46.8,0.5625,2.41610738255034,"solar-geolocator","Apus melba","16QM","F61863","Switzerland Biel - Long term study on migratory movement of Alpine swifts (Apus melba)"
16890709952,true,2016-10-15 07:33:09.000,1.89473684210526,38.7,"stationary","migration",30.6,46.8,0.556414219474498,2.41610738255034,"solar-geolocator","Apus melba","16QM","F61863","Switzerland Biel - Long term study on migratory movement of Alpine swifts (Apus melba)"
16890709950,true,2016-10-15 20:00:46.000,1.16883116883117,38.7,"movement","migration",30.6,42.3,-2.84810126582281,2.41610738255034,"solar-geolocator","Apus melba","16QM","F61863","Switzerland Biel - Long term study on migratory movement of Alpine swifts (Apus melba)"
16890709864,true,2016-10-16 07:49:09.000,-5.29411764705882,27.9,"movement","migration",20.7,37.8,-8.65629420084871,-2.25000000000003,"solar-geolocator","Apus melba","16QM","F61863","Switzerland Biel - Long term study on migratory movement of Alpine swifts (Apus melba)"
16890709865,true,2016-10-16 20:18:46.000,-5.29411764705882,27.9,"stationary","migration",20.7,37.35,-8.65629420084871,-2.25000000000003,"solar-geolocator","Apus melba","16QM","F61863","Switzerland Biel - Long term study on migratory movement of Alpine swifts (Apus melba)"
16890709866,true,2016-10-17 07:59:10.000,-5.29411764705882,26.1,"movement","migration",20.7,33.3,-9.23076923076925,-5.09193776520512,"solar-geolocator","Apus melba","16QM","F61863","Switzerland Biel - Long term study on migratory movement of Alpine swifts (Apus melba)"
16890709867,true,2016-10-17 20:28:47.000,-5.29411764705882,23.85,"movement","migration",15.3,29.7,-9.23076923076925,-4.66321243523317,"solar-geolocator","Apus melba","16QM","F61863","Switzerland Biel - Long term study on migratory movement of Alpine swifts (Apus melba)"
16890708182,true,2016-10-18 08:09:10.000,-10.1668806161746,13.05,"movement","migration",13.05,28.8,-10.8196721311476,-6.16262482168331,"solar-geolocator","Apus melba","16QM","F61863","Switzerland Biel - Long term study on migratory movement of Alpine swifts (Apus melba)"
16890708184,true,2016-10-18 20:54:48.000,-10.1668806161746,13.05,"movement","migration",11.7,20.25,-11.1917098445596,-10.1278772378517,"solar-geolocator","Apus melba","16QM","F61863","Switzerland Biel - Long term study on migratory movement of Alpine swifts (Apus melba)"
16890708185,true,2016-10-19 08:05:11.000,-10.1668806161746,13.05,"stationary","non-breeding site",11.7,18.0,-10.9090909090909,-10.1278772378517,"solar-geolocator","Apus melba","16QM","F61863","Switzerland Biel - Long term study on migratory movement of Alpine swifts (Apus melba)"
16890708188,true,2016-10-19 20:48:48.000,-10.1668806161746,13.05,"stationary","non-breeding site",11.7,15.3,-10.7115135834411,-10.1278772378517,"solar-geolocator","Apus melba","16QM","F61863","Switzerland Biel - Long term study on migratory movement of Alpine swifts (Apus melba)"
16890708189,true,2016-10-20 08:03:11.000,-10.1668806161746,13.05,"stationary","non-breeding site",11.7,13.95,-10.6701030927835,-10.1278772378517,"solar-geolocator","Apus melba","16QM","F61863","Switzerland Biel - Long term study on migratory movement of Alpine swifts (Apus melba)"
16890708192,true,2016-10-20 20:46:49.000,-10.1668806161746,13.05,"stationary","non-breeding site",11.7,13.95,-10.6701030927835,-10.1278772378517,"solar-geolocator","Apus melba","16QM","F61863","Switzerland Biel - Long term study on migratory movement of Alpine swifts (Apus melba)"
16890708193,true,2016-10-21 08:03:12.000,-10.1668806161746,13.05,"stationary","non-breeding site",11.7,13.95,-10.6701030927835,-10.1278772378517,"solar-geolocator","Apus melba","16QM","F61863","Switzerland Biel - Long term study on migratory movement of Alpine swifts (Apus melba)"
16890708196,true,2016-10-21 20:46:49.000,-10.1668806161746,13.05,"stationary","non-breeding site",11.7,13.95,-10.6701030927835,-10.1278772378517,"solar-geolocator","Apus melba","16QM","F61863","Switzerland Biel - Long term study on migratory movement of Alpine swifts (Apus melba)"
16890708197,true,2016-10-22 08:05:13.000,-10.1668806161746,13.05,"stationary","non-breeding site",11.7,13.95,-10.6701030927835,-10.1278772378517,"solar-geolocator","Apus melba","16QM","F61863","Switzerland Biel - Long term study on migratory movement of Alpine swifts (Apus melba)"
16890708200,true,2016-10-22 20:42:50.000,-10.1668806161746,13.05,"stationary","non-breeding site",11.7,13.95,-10.6701030927835,-10.1278772378517,"solar-geolocator","Apus melba","16QM","F61863","Switzerland Biel - Long term study on migratory movement of Alpine swifts (Apus melba)"
16890708201,true,2016-10-23 08:07:13.000,-10.1668806161746,13.05,"stationary","non-breeding site",11.7,13.95,-10.6701030927835,-10.1278772378517,"solar-geolocator","Apus melba","16QM","F61863","Switzerland Biel - Long term study on migratory movement of Alpine swifts (Apus melba)"
16890708204,true,2016-10-23 20:42:50.000,-10.1668806161746,13.05,"stationary","non-breeding site",11.7,13.95,-10.6701030927835,-10.1278772378517,"solar-geolocator","Apus melba","16QM","F61863","Switzerland Biel - Long term study on migratory movement of Alpine swifts (Apus melba)"
16890708205,true,2016-10-24 08:03:14.000,-10.1668806161746,13.05,"stationary","non-breeding site",11.7,13.95,-10.6701030927835,-10.1278772378517,"solar-geolocator","Apus melba","16QM","F61863","Switzerland Biel - Long term study on migratory movement of Alpine swifts (Apus melba)"
16890708208,true,2016-10-24 20:38:51.000,-10.1668806161746,13.05,"stationary","non-breeding site",11.7,13.95,-10.6701030927835,-10.1278772378517,"solar-geolocator","Apus melba","16QM","F61863","Switzerland Biel - Long term study on migratory movement of Alpine swifts (Apus melba)"
16890708210,true,2016-10-25 08:07:14.000,-10.1668806161746,13.05,"stationary","non-breeding site",11.7,13.95,-10.6701030927835,-10.1278772378517,"solar-geolocator","Apus melba","16QM","F61863","Switzerland Biel - Long term study on migratory movement of Alpine swifts (Apus melba)"
16890708212,true,2016-10-25 20:42:52.000,-10.1668806161746,13.05,"stationary","non-breeding site",11.7,13.95,-10.6701030927835,-10.1278772378517,"solar-geolocator","Apus melba","16QM","F61863","Switzerland Biel - Long term study on migratory movement of Alpine swifts (Apus melba)"
16890708213,true,2016-10-26 08:03:15.000,-10.1668806161746,13.05,"stationary","non-breeding site",11.7,13.95,-10.6701030927835,-10.1278772378517,"solar-geolocator","Apus melba","16QM","F61863","Switzerland Biel - Long term study on migratory movement of Alpine swifts (Apus melba)"
16890708214,true,2016-10-26 20:44:52.000,-10.1668806161746,13.05,"stationary","non-breeding site",11.7,13.95,-10.6701030927835,-10.1278772378517,"solar-geolocator","Apus melba","16QM","F61863","Switzerland Biel - Long term study on migratory movement of Alpine swifts (Apus melba)"
16890708215,true,2016-10-27 08:05:15.000,-10.1668806161746,13.05,"stationary","non-breeding site",11.7,13.95,-10.6701030927835,-10.1278772378517,"solar-geolocator","Apus melba","16QM","F61863","Switzerland Biel - Long term study on migratory movement of Alpine swifts (Apus melba)"
16890708216,true,2016-10-27 20:42:53.000,-10.1668806161746,13.05,"stationary","non-breeding site",11.7,13.95,-10.6701030927835,-10.1278772378517,"solar-geolocator","Apus melba","16QM","F61863","Switzerland Biel - Long term study on migratory movement of Alpine swifts (Apus melba)"
16890708217,true,2016-10-28 08:03:16.000,-10.1668806161746,13.05,"stationary","non-breeding site",11.7,13.5,-10.6426735218509,-10.1149425287357,"solar-geolocator","Apus melba","16QM","F61863","Switzerland Biel - Long term study on migratory movement of Alpine swifts (Apus melba)"
16890708218,true,2016-10-28 20:42:53.000,-10.1668806161746,13.05,"stationary","non-breeding site",11.7,13.5,-10.6426735218509,-10.1149425287357,"solar-geolocator","Apus melba","16QM","F61863","Switzerland Biel - Long term study on migratory movement of Alpine swifts (Apus melba)"
16890708219,true,2016-10-29 08:05:17.000,-10.1668806161746,13.05,"stationary","non-breeding site",11.7,13.5,-10.6426735218509,-10.1149425287357,"solar-geolocator","Apus melba","16QM","F61863","Switzerland Biel - Long term study on migratory movement of Alpine swifts (Apus melba)"
16890708220,true,2016-10-29 20:42:54.000,-10.1668806161746,13.05,"stationary","non-breeding site",11.7,13.5,-10.6426735218509,-10.1149425287357,"solar-geolocator","Apus melba","16QM","F61863","Switzerland Biel - Long term study on migratory movement of Alpine swifts (Apus melba)"
16890708221,true,2016-10-30 07:05:17.000,-10.1668806161746,13.05,"stationary","non-breeding site",11.7,13.5,-10.6426735218509,-10.1149425287357,"solar-geolocator","Apus melba","16QM","F61863","Switzerland Biel - Long term study on migratory movement of Alpine swifts (Apus melba)"
16890708222,true,2016-10-30 19:42:54.000,-10.1668806161746,13.05,"stationary","non-breeding site",11.7,13.5,-10.6426735218509,-10.1149425287357,"solar-geolocator","Apus melba","16QM","F61863","Switzerland Biel - Long term study on migratory movement of Alpine swifts (Apus melba)"
16890708223,true,2016-10-31 07:07:18.000,-10.1668806161746,13.05,"stationary","non-breeding site",11.7,13.5,-10.6426735218509,-10.1149425287357,"solar-geolocator","Apus melba","16QM","F61863","Switzerland Biel - Long term study on migratory movement of Alpine swifts (Apus melba)"
16890708224,true,2016-10-31 19:44:55.000,-10.1668806161746,13.05,"stationary","non-breeding site",11.7,13.5,-10.6426735218509,-10.1149425287357,"solar-geolocator","Apus melba","16QM","F61863","Switzerland Biel - Long term study on migratory movement of Alpine swifts (Apus melba)"
16890708225,true,2016-11-01 07:07:18.000,-10.1668806161746,13.05,"stationary","non-breeding site",11.7,13.05,-10.6290115532735,-10.1149425287357,"solar-geolocator","Apus melba","16QM","F61863","Switzerland Biel - Long term study on migratory movement of Alpine swifts (Apus melba)"
16890708226,true,2016-11-01 19:38:56.000,-10.1668806161746,13.05,"stationary","non-breeding site",11.7,13.05,-10.6290115532735,-10.1149425287357,"solar-geolocator","Apus melba","16QM","F61863","Switzerland Biel - Long term study on migratory movement of Alpine swifts (Apus melba)"
16890708227,true,2016-11-02 07:11:19.000,-10.1668806161746,13.05,"stationary","non-breeding site",11.7,13.05,-10.6290115532735,-10.1149425287357,"solar-geolocator","Apus melba","16QM","F61863","Switzerland Biel - Long term study on migratory movement of Alpine swifts (Apus melba)"
16890708228,true,2016-11-02 19:38:56.000,-10.1668806161746,13.05,"stationary","non-breeding site",11.7,13.05,-10.6290115532735,-10.1149425287357,"solar-geolocator","Apus melba","16QM","F61863","Switzerland Biel - Long term study on migratory movement of Alpine swifts (Apus melba)"
16890708229,true,2016-11-03 07:11:19.000,-10.1668806161746,13.05,"stationary","non-breeding site",11.7,13.05,-10.6290115532735,-10.1149425287357,"solar-geolocator","Apus melba","16QM","F61863","Switzerland Biel - Long term study on migratory movement of Alpine swifts (Apus melba)"
16890708230,true,2016-11-03 19:38:57.000,-10.1668806161746,13.05,"stationary","non-breeding site",11.7,13.05,-10.6290115532735,-10.1149425287357,"solar-geolocator","Apus melba","16QM","F61863","Switzerland Biel - Long term study on migratory movement of Alpine swifts (Apus melba)"
16890708231,true,2016-11-04 07:11:20.000,-10.1668806161746,13.05,"stationary","non-breeding site",11.7,13.05,-10.6290115532735,-10.1149425287357,"solar-geolocator","Apus melba","16QM","F61863","Switzerland Biel - Long term study on migratory movement of Alpine swifts (Apus melba)"
16890708232,true,2016-11-04 19:36:57.000,-10.1668806161746,13.05,"stationary","non-breeding site",11.7,13.05,-10.6290115532735,-10.1149425287357,"solar-geolocator","Apus melba","16QM","F61863","Switzerland Biel - Long term study on migratory movement of Alpine swifts (Apus melba)"
16890708233,true,2016-11-05 07:11:21.000,-10.1668806161746,13.05,"stationary","non-breeding site",11.7,13.05,-10.6017925736236,-10.1149425287357,"solar-geolocator","Apus melba","16QM","F61863","Switzerland Biel - Long term study on migratory movement of Alpine swifts (Apus melba)"
16890708234,true,2016-11-05 19:42:58.000,-10.1668806161746,13.05,"stationary","non-breeding site",11.7,13.05,-10.6017925736236,-10.1149425287357,"solar-geolocator","Apus melba","16QM","F61863","Switzerland Biel - Long term study on migratory movement of Alpine swifts (Apus melba)"
16890708235,true,2016-11-06 07:09:21.000,-10.1668806161746,13.05,"stationary","non-breeding site",11.7,13.05,-10.5747126436782,-10.1149425287357,"solar-geolocator","Apus melba","16QM","F61863","Switzerland Biel - Long term study on migratory movement of Alpine swifts (Apus melba)"
16890708236,true,2016-11-06 19:42:58.000,-10.1668806161746,13.05,"stationary","non-breeding site",11.7,13.05,-10.5747126436782,-10.1149425287357,"solar-geolocator","Apus melba","16QM","F61863","Switzerland Biel - Long term study on migratory movement of Alpine swifts (Apus melba)"
16890708237,true,2016-11-07 07:07:22.000,-10.1668806161746,13.05,"stationary","non-breeding site",11.7,13.05,-10.5747126436782,-10.1149425287357,"solar-geolocator","Apus melba","16QM","F61863","Switzerland Biel - Long term study on migratory movement of Alpine swifts (Apus melba)"
16890708238,true,2016-11-07 19:40:59.000,-10.1668806161746,13.05,"stationary","non-breeding site",11.7,13.05,-10.5747126436782,-10.1149425287357,"solar-geolocator","Apus melba","16QM","F61863","Switzerland Biel - Long term study on migratory movement of Alpine swifts (Apus melba)"
16890708239,true,2016-11-08 07:07:22.000,-10.1668806161746,12.15,"stationary","non-breeding site",11.7,13.05,-10.5747126436782,-10.1149425287357,"solar-geolocator","Apus melba","16QM","F61863","Switzerland Biel - Long term study on migratory movement of Alpine swifts (Apus melba)"
16890708240,true,2016-11-08 19:41:00.000,-10.1668806161746,12.6,"stationary","non-breeding site",11.7,13.05,-10.5747126436782,-10.1149425287357,"solar-geolocator","Apus melba","16QM","F61863","Switzerland Biel - Long term study on migratory movement of Alpine swifts (Apus melba)"
16890708241,true,2016-11-09 07:05:23.000,-10.1668806161746,12.15,"stationary","non-breeding site",11.7,13.05,-10.5747126436782,-10.1149425287357,"solar-geolocator","Apus melba","16QM","F61863","Switzerland Biel - Long term study on migratory movement of Alpine swifts (Apus melba)"
16890708242,true,2016-11-09 19:39:00.000,-10.1668806161746,12.15,"stationary","non-breeding site",11.7,13.05,-10.5747126436782,-10.1149425287357,"solar-geolocator","Apus melba","16QM","F61863","Switzerland Biel - Long term study on migratory movement of Alpine swifts (Apus melba)"
16890708243,true,2016-11-10 07:09:23.000,-10.1668806161746,12.15,"stationary","non-breeding site",11.7,13.05,-10.5747126436782,-10.1149425287357,"solar-geolocator","Apus melba","16QM","F61863","Switzerland Biel - Long term study on migratory movement of Alpine swifts (Apus melba)"
16890708244,true,2016-11-10 19:39:01.000,-10.1668806161746,12.15,"stationary","non-breeding site",11.7,13.05,-10.5747126436782,-10.1149425287357,"solar-geolocator","Apus melba","16QM","F61863","Switzerland Biel - Long term study on migratory movement of Alpine swifts (Apus melba)"
16890708245,true,2016-11-11 07:07:24.000,-10.1668806161746,12.15,"stationary","non-breeding site",11.7,13.05,-10.5747126436782,-10.1149425287357,"solar-geolocator","Apus melba","16QM","F61863","Switzerland Biel - Long term study on migratory movement of Alpine swifts (Apus melba)"
16890708246,true,2016-11-11 19:39:01.000,-10.1668806161746,12.15,"stationary","non-breeding site",11.7,13.05,-10.5747126436782,-10.1149425287357,"solar-geolocator","Apus melba","16QM","F61863","Switzerland Biel - Long term study on migratory movement of Alpine swifts (Apus melba)"
16890708247,true,2016-11-12 07:11:24.000,-10.1668806161746,12.15,"stationary","non-breeding site",11.7,13.05,-10.5747126436782,-10.1149425287357,"solar-geolocator","Apus melba","16QM","F61863","Switzerland Biel - Long term study on migratory movement of Alpine swifts (Apus melba)"
16890708248,true,2016-11-12 19:41:02.000,-10.1668806161746,12.15,"stationary","non-breeding site",11.7,13.05,-10.5747126436782,-10.1149425287357,"solar-geolocator","Apus melba","16QM","F61863","Switzerland Biel - Long term study on migratory movement of Alpine swifts (Apus melba)"
16890708249,true,2016-11-13 07:09:25.000,-10.1668806161746,12.15,"stationary","non-breeding site",11.7,13.05,-10.5747126436782,-10.1149425287357,"solar-geolocator","Apus melba","16QM","F61863","Switzerland Biel - Long term study on migratory movement of Alpine swifts (Apus melba)"
16890708250,true,2016-11-13 19:41:02.000,-10.1668806161746,12.15,"stationary","non-breeding site",11.7,13.05,-10.5747126436782,-10.1149425287357,"solar-geolocator","Apus melba","16QM","F61863","Switzerland Biel - Long term study on migratory movement of Alpine swifts (Apus melba)"
16890708381,true,2016-11-14 07:07:38.000,-10.1278772378517,12.15,"stationary","non-breeding site",11.7,13.05,-10.5747126436782,-10.1149425287357,"solar-geolocator","Apus melba","16QM","F61863","Switzerland Biel - Long term study on migratory movement of Alpine swifts (Apus melba)"
16890708382,true,2016-11-14 19:37:03.000,-10.1278772378517,12.15,"stationary","non-breeding site",11.7,13.05,-10.5747126436782,-10.1149425287357,"solar-geolocator","Apus melba","16QM","F61863","Switzerland Biel - Long term study on migratory movement of Alpine swifts (Apus melba)"
16890708383,true,2016-11-15 07:09:26.000,-10.1278772378517,12.15,"stationary","non-breeding site",11.7,13.05,-10.5747126436782,-10.1149425287357,"solar-geolocator","Apus melba","16QM","F61863","Switzerland Biel - Long term study on migratory movement of Alpine swifts (Apus melba)"
16890708384,true,2016-11-15 19:39:03.000,-10.1278772378517,12.15,"stationary","non-breeding site",11.7,13.05,-10.5747126436782,-10.1149425287357,"solar-geolocator","Apus melba","16QM","F61863","Switzerland Biel - Long term study on migratory movement of Alpine swifts (Apus melba)"
16890708385,true,2016-11-16 07:09:27.000,-10.1278772378517,12.15,"stationary","non-breeding site",11.7,13.05,-10.5747126436782,-10.1149425287357,"solar-geolocator","Apus melba","16QM","F61863","Switzerland Biel - Long term study on migratory movement of Alpine swifts (Apus melba)"
16890708386,true,2016-11-16 19:41:04.000,-10.1278772378517,12.15,"stationary","non-breeding site",11.7,13.05,-10.5747126436782,-10.1149425287357,"solar-geolocator","Apus melba","16QM","F61863","Switzerland Biel - Long term study on migratory movement of Alpine swifts (Apus melba)"
16890708387,true,2016-11-17 07:07:27.000,-10.1278772378517,12.15,"stationary","non-breeding site",11.7,13.05,-10.5747126436782,-10.1149425287357,"solar-geolocator","Apus melba","16QM","F61863","Switzerland Biel - Long term study on migratory movement of Alpine swifts (Apus melba)"
16890708388,true,2016-11-17 19:41:05.000,-10.1278772378517,12.15,"stationary","non-breeding site",11.7,13.05,-10.5747126436782,-10.1149425287357,"solar-geolocator","Apus melba","16QM","F61863","Switzerland Biel - Long term study on migratory movement of Alpine swifts (Apus melba)"
16890708389,true,2016-11-18 07:07:28.000,-10.1278772378517,12.15,"stationary","non-breeding site",11.7,13.05,-10.5747126436782,-10.1149425287357,"solar-geolocator","Apus melba","16QM","F61863","Switzerland Biel - Long term study on migratory movement of Alpine swifts (Apus melba)"
16890708390,true,2016-11-18 19:41:05.000,-10.1278772378517,12.15,"stationary","non-breeding site",11.7,13.05,-10.5747126436782,-10.1149425287357,"solar-geolocator","Apus melba","16QM","F61863","Switzerland Biel - Long term study on migratory movement of Alpine swifts (Apus melba)"
16890708391,true,2016-11-19 07:07:28.000,-10.1278772378517,12.15,"stationary","non-breeding site",11.7,13.05,-10.5747126436782,-10.1149425287357,"solar-geolocator","Apus melba","16QM","F61863","Switzerland Biel - Long term study on migratory movement of Alpine swifts (Apus melba)"
16890708392,true,2016-11-19 19:45:06.000,-10.1278772378517,12.15,"stationary","non-breeding site",11.7,13.05,-10.5747126436782,-10.1149425287357,"solar-geolocator","Apus melba","16QM","F61863","Switzerland Biel - Long term study on migratory movement of Alpine swifts (Apus melba)"
16890708393,true,2016-11-20 07:13:29.000,-10.1278772378517,12.15,"stationary","non-breeding site",11.25,13.05,-10.5747126436782,-10.1149425287357,"solar-geolocator","Apus melba","16QM","F61863","Switzerland Biel - Long term study on migratory movement of Alpine swifts (Apus melba)"
16890708394,true,2016-11-20 19:45:06.000,-10.1278772378517,12.15,"stationary","non-breeding site",11.25,13.05,-10.5747126436782,-10.0891719745223,"solar-geolocator","Apus melba","16QM","F61863","Switzerland Biel - Long term study on migratory movement of Alpine swifts (Apus melba)"
16890708395,true,2016-11-21 07:11:30.000,-10.1278772378517,12.15,"stationary","non-breeding site",11.25,13.05,-10.5747126436782,-10.0891719745223,"solar-geolocator","Apus melba","16QM","F61863","Switzerland Biel - Long term study on migratory movement of Alpine swifts (Apus melba)"
16890708396,true,2016-11-21 19:45:07.000,-10.1278772378517,12.15,"stationary","non-breeding site",11.25,13.05,-10.5747126436782,-10.0891719745223,"solar-geolocator","Apus melba","16QM","F61863","Switzerland Biel - Long term study on migratory movement of Alpine swifts (Apus melba)"
16890708397,true,2016-11-22 07:11:30.000,-10.1278772378517,12.15,"stationary","non-breeding site",11.25,13.05,-10.5747126436782,-10.0891719745223,"solar-geolocator","Apus melba","16QM","F61863","Switzerland Biel - Long term study on migratory movement of Alpine swifts (Apus melba)"
16890708398,true,2016-11-22 19:41:07.000,-10.1278772378517,12.15,"stationary","non-breeding site",11.25,13.05,-10.5747126436782,-10.0891719745223,"solar-geolocator","Apus melba","16QM","F61863","Switzerland Biel - Long term study on migratory movement of Alpine swifts (Apus melba)"
16890708399,true,2016-11-23 07:11:31.000,-10.1278772378517,12.15,"stationary","non-breeding site",11.25,13.05,-10.5747126436782,-10.0891719745223,"solar-geolocator","Apus melba","16QM","F61863","Switzerland Biel - Long term study on migratory movement of Alpine swifts (Apus melba)"
16890708400,true,2016-11-23 19:39:08.000,-10.1278772378517,12.15,"stationary","non-breeding site",11.25,13.05,-10.5747126436782,-10.0891719745223,"solar-geolocator","Apus melba","16QM","F61863","Switzerland Biel - Long term study on migratory movement of Alpine swifts (Apus melba)"
16890708401,true,2016-11-24 07:13:31.000,-10.1278772378517,12.15,"stationary","non-breeding site",11.25,13.05,-10.5747126436782,-10.0891719745223,"solar-geolocator","Apus melba","16QM","F61863","Switzerland Biel - Long term study on migratory movement of Alpine swifts (Apus melba)"
16890708402,true,2016-11-24 19:39:09.000,-10.1278772378517,12.15,"stationary","non-breeding site",11.25,13.05,-10.5747126436782,-10.0891719745223,"solar-geolocator","Apus melba","16QM","F61863","Switzerland Biel - Long term study on migratory movement of Alpine swifts (Apus melba)"
16890708403,true,2016-11-25 07:13:32.000,-10.1278772378517,12.15,"stationary","non-breeding site",11.25,13.05,-10.5747126436782,-10.0891719745223,"solar-geolocator","Apus melba","16QM","F61863","Switzerland Biel - Long term study on migratory movement of Alpine swifts (Apus melba)"
16890708404,true,2016-11-25 19:43:09.000,-10.1278772378517,12.15,"stationary","non-breeding site",11.25,13.05,-10.5747126436782,-10.0891719745223,"solar-geolocator","Apus melba","16QM","F61863","Switzerland Biel - Long term study on migratory movement of Alpine swifts (Apus melba)"
16890708405,true,2016-11-26 07:15:32.000,-10.1278772378517,12.15,"stationary","non-breeding site",11.25,13.05,-10.5747126436782,-10.0891719745223,"solar-geolocator","Apus melba","16QM","F61863","Switzerland Biel - Long term study on migratory movement of Alpine swifts (Apus melba)"
16890708406,true,2016-11-26 19:39:10.000,-10.1278772378517,12.15,"stationary","non-breeding site",11.25,13.05,-10.5747126436782,-10.0891719745223,"solar-geolocator","Apus melba","16QM","F61863","Switzerland Biel - Long term study on migratory movement of Alpine swifts (Apus melba)"
16890708407,true,2016-11-27 07:15:33.000,-10.1278772378517,12.15,"stationary","non-breeding site",11.25,13.05,-10.5747126436782,-10.0891719745223,"solar-geolocator","Apus melba","16QM","F61863","Switzerland Biel - Long term study on migratory movement of Alpine swifts (Apus melba)"
16890708408,true,2016-11-27 19:41:11.000,-10.1278772378517,12.15,"stationary","non-breeding site",11.25,13.05,-10.5747126436782,-10.0891719745223,"solar-geolocator","Apus melba","16QM","F61863","Switzerland Biel - Long term study on migratory movement of Alpine swifts (Apus melba)"
16890708409,true,2016-11-28 07:19:34.000,-10.1278772378517,12.15,"stationary","non-breeding site",11.25,13.05,-10.5747126436782,-10.0891719745223,"solar-geolocator","Apus melba","16QM","F61863","Switzerland Biel - Long term study on migratory movement of Alpine swifts (Apus melba)"
16890708410,true,2016-11-28 19:43:11.000,-10.1278772378517,12.15,"stationary","non-breeding site",11.25,13.05,-10.5747126436782,-10.0891719745223,"solar-geolocator","Apus melba","16QM","F61863","Switzerland Biel - Long term study on migratory movement of Alpine swifts (Apus melba)"
16890708411,true,2016-11-29 07:15:34.000,-10.1278772378517,12.15,"stationary","non-breeding site",11.25,13.05,-10.5747126436782,-10.0891719745223,"solar-geolocator","Apus melba","16QM","F61863","Switzerland Biel - Long term study on migratory movement of Alpine swifts (Apus melba)"
16890708412,true,2016-11-29 19:41:11.000,-10.1278772378517,12.15,"stationary","non-breeding site",11.25,13.05,-10.5747126436782,-10.0891719745223,"solar-geolocator","Apus melba","16QM","F61863","Switzerland Biel - Long term study on migratory movement of Alpine swifts (Apus melba)"
16890708413,true,2016-11-30 07:17:35.000,-10.1278772378517,12.15,"stationary","non-breeding site",11.25,13.05,-10.5747126436782,-10.0891719745223,"solar-geolocator","Apus melba","16QM","F61863","Switzerland Biel - Long term study on migratory movement of Alpine swifts (Apus melba)"
16890708414,true,2016-11-30 19:41:13.000,-10.1278772378517,12.15,"stationary","non-breeding site",11.25,13.05,-10.5747126436782,-10.0891719745223,"solar-geolocator","Apus melba","16QM","F61863","Switzerland Biel - Long term study on migratory movement of Alpine swifts (Apus melba)"
16890708415,true,2016-12-01 07:15:35.000,-10.1278772378517,12.15,"stationary","non-breeding site",11.25,13.05,-10.5747126436782,-10.0891719745223,"solar-geolocator","Apus melba","16QM","F61863","Switzerland Biel - Long term study on migratory movement of Alpine swifts (Apus melba)"
16890708416,true,2016-12-01 19:43:13.000,-10.1278772378517,11.7,"stationary","non-breeding site",11.25,13.05,-10.5747126436782,-10.0891719745223,"solar-geolocator","Apus melba","16QM","F61863","Switzerland Biel - Long term study on migratory movement of Alpine swifts (Apus melba)"
16890708417,true,2016-12-02 07:13:36.000,-10.1278772378517,12.15,"stationary","non-breeding site",11.25,13.05,-10.5747126436782,-10.0891719745223,"solar-geolocator","Apus melba","16QM","F61863","Switzerland Biel - Long term study on migratory movement of Alpine swifts (Apus melba)"
16890708418,true,2016-12-02 19:45:13.000,-10.1278772378517,11.7,"stationary","non-breeding site",11.25,13.05,-10.5747126436782,-10.0891719745223,"solar-geolocator","Apus melba","16QM","F61863","Switzerland Biel - Long term study on migratory movement of Alpine swifts (Apus melba)"
16890708419,true,2016-12-03 07:19:35.000,-10.1278772378517,12.15,"stationary","non-breeding site",11.25,13.05,-10.5747126436782,-10.0891719745223,"solar-geolocator","Apus melba","16QM","F61863","Switzerland Biel - Long term study on migratory movement of Alpine swifts (Apus melba)"
16890708420,true,2016-12-03 19:45:14.000,-10.1278772378517,11.7,"stationary","non-breeding site",11.25,13.05,-10.5747126436782,-10.0891719745223,"solar-geolocator","Apus melba","16QM","F61863","Switzerland Biel - Long term study on migratory movement of Alpine swifts (Apus melba)"
16890708421,true,2016-12-04 07:17:37.000,-10.1278772378517,11.7,"stationary","non-breeding site",11.25,13.05,-10.5747126436782,-10.0891719745223,"solar-geolocator","Apus melba","16QM","F61863","Switzerland Biel - Long term study on migratory movement of Alpine swifts (Apus melba)"
16890708422,true,2016-12-04 19:47:14.000,-10.1278772378517,11.7,"stationary","non-breeding site",11.25,13.05,-10.5747126436782,-10.0891719745223,"solar-geolocator","Apus melba","16QM","F61863","Switzerland Biel - Long term study on migratory movement of Alpine swifts (Apus melba)"
16890708423,true,2016-12-05 07:19:38.000,-10.1278772378517,11.7,"stationary","non-breeding site",11.25,13.05,-10.5747126436782,-10.0891719745223,"solar-geolocator","Apus melba","16QM","F61863","Switzerland Biel - Long term study on migratory movement of Alpine swifts (Apus melba)"
16890708424,true,2016-12-05 19:47:15.000,-10.1278772378517,11.7,"stationary","non-breeding site",11.25,13.05,-10.5747126436782,-10.0891719745223,"solar-geolocator","Apus melba","16QM","F61863","Switzerland Biel - Long term study on migratory movement of Alpine swifts (Apus melba)"
16890708425,true,2016-12-06 07:19:38.000,-10.1278772378517,11.7,"stationary","non-breeding site",11.25,13.05,-10.5747126436782,-10.0891719745223,"solar-geolocator","Apus melba","16QM","F61863","Switzerland Biel - Long term study on migratory movement of Alpine swifts (Apus melba)"
16890708426,true,2016-12-06 19:47:15.000,-10.1278772378517,11.7,"stationary","non-breeding site",11.25,13.05,-10.5747126436782,-10.0891719745223,"solar-geolocator","Apus melba","16QM","F61863","Switzerland Biel - Long term study on migratory movement of Alpine swifts (Apus melba)"
16890708427,true,2016-12-07 07:17:39.000,-10.1278772378517,11.7,"stationary","non-breeding site",11.25,13.05,-10.5747126436782,-10.0891719745223,"solar-geolocator","Apus melba","16QM","F61863","Switzerland Biel - Long term study on migratory movement of Alpine swifts (Apus melba)"
16890708428,true,2016-12-07 19:49:16.000,-10.1278772378517,11.7,"stationary","non-breeding site",11.25,13.05,-10.5747126436782,-10.0891719745223,"solar-geolocator","Apus melba","16QM","F61863","Switzerland Biel - Long term study on migratory movement of Alpine swifts (Apus melba)"
16890708429,true,2016-12-08 07:19:39.000,-10.1278772378517,11.7,"stationary","non-breeding site",11.25,13.05,-10.5747126436782,-10.0891719745223,"solar-geolocator","Apus melba","16QM","F61863","Switzerland Biel - Long term study on migratory movement of Alpine swifts (Apus melba)"
16890708430,true,2016-12-08 19:45:17.000,-10.1278772378517,11.7,"stationary","non-breeding site",11.25,13.05,-10.5747126436782,-10.0891719745223,"solar-geolocator","Apus melba","16QM","F61863","Switzerland Biel - Long term study on migratory movement of Alpine swifts (Apus melba)"
16890708431,true,2016-12-09 07:19:40.000,-10.1278772378517,11.7,"stationary","non-breeding site",11.25,13.05,-10.5747126436782,-10.0891719745223,"solar-geolocator","Apus melba","16QM","F61863","Switzerland Biel - Long term study on migratory movement of Alpine swifts (Apus melba)"
16890708432,true,2016-12-09 19:43:17.000,-10.1278772378517,11.7,"stationary","non-breeding site",11.25,13.05,-10.5747126436782,-10.0891719745223,"solar-geolocator","Apus melba","16QM","F61863","Switzerland Biel - Long term study on migratory movement of Alpine swifts (Apus melba)"
16890708433,true,2016-12-10 07:19:40.000,-10.1278772378517,11.7,"stationary","non-breeding site",11.25,13.05,-10.5747126436782,-10.0891719745223,"solar-geolocator","Apus melba","16QM","F61863","Switzerland Biel - Long term study on migratory movement of Alpine swifts (Apus melba)"
16890708434,true,2016-12-10 19:45:18.000,-10.1278772378517,11.7,"stationary","non-breeding site",11.25,13.05,-10.5747126436782,-10.0891719745223,"solar-geolocator","Apus melba","16QM","F61863","Switzerland Biel - Long term study on migratory movement of Alpine swifts (Apus melba)"
16890708435,true,2016-12-11 07:23:41.000,-10.1278772378517,11.7,"stationary","non-breeding site",11.25,13.05,-10.5747126436782,-10.0891719745223,"solar-geolocator","Apus melba","16QM","F61863","Switzerland Biel - Long term study on migratory movement of Alpine swifts (Apus melba)"
16890708436,true,2016-12-11 19:47:18.000,-10.1278772378517,11.7,"stationary","non-breeding site",11.25,13.05,-10.5747126436782,-10.0891719745223,"solar-geolocator","Apus melba","16QM","F61863","Switzerland Biel - Long term study on migratory movement of Alpine swifts (Apus melba)"
16890708437,true,2016-12-12 07:25:42.000,-10.1278772378517,11.7,"stationary","non-breeding site",11.25,13.05,-10.5747126436782,-10.0891719745223,"solar-geolocator","Apus melba","16QM","F61863","Switzerland Biel - Long term study on migratory movement of Alpine swifts (Apus melba)"
16890708438,true,2016-12-12 19:43:19.000,-10.1278772378517,11.7,"stationary","non-breeding site",11.25,13.05,-10.5747126436782,-10.0891719745223,"solar-geolocator","Apus melba","16QM","F61863","Switzerland Biel - Long term study on migratory movement of Alpine swifts (Apus melba)"
16890708439,true,2016-12-13 07:25:42.000,-10.1278772378517,11.7,"stationary","non-breeding site",11.25,13.05,-10.5747126436782,-10.0891719745223,"solar-geolocator","Apus melba","16QM","F61863","Switzerland Biel - Long term study on migratory movement of Alpine swifts (Apus melba)"
16890708440,true,2016-12-13 19:45:19.000,-10.1278772378517,11.7,"stationary","non-breeding site",11.25,13.05,-10.5747126436782,-10.0891719745223,"solar-geolocator","Apus melba","16QM","F61863","Switzerland Biel - Long term study on migratory movement of Alpine swifts (Apus melba)"
16890708441,true,2016-12-14 07:23:56.000,-10.1278772378517,11.7,"stationary","non-breeding site",11.25,13.05,-10.5747126436782,-10.0891719745223,"solar-geolocator","Apus melba","16QM","F61863","Switzerland Biel - Long term study on migratory movement of Alpine swifts (Apus melba)"
16890708442,true,2016-12-14 19:41:20.000,-10.1278772378517,11.7,"stationary","non-breeding site",11.25,13.05,-10.5747126436782,-10.0891719745223,"solar-geolocator","Apus melba","16QM","F61863","Switzerland Biel - Long term study on migratory movement of Alpine swifts (Apus melba)"
16890708443,true,2016-12-15 07:23:43.000,-10.1149425287357,11.7,"stationary","non-breeding site",11.25,13.05,-10.5747126436782,-10.0891719745223,"solar-geolocator","Apus melba","16QM","F61863","Switzerland Biel - Long term study on migratory movement of Alpine swifts (Apus melba)"
16890708444,true,2016-12-15 19:47:21.000,-10.1149425287357,11.7,"stationary","non-breeding site",11.25,13.05,-10.5747126436782,-10.0891719745223,"solar-geolocator","Apus melba","16QM","F61863","Switzerland Biel - Long term study on migratory movement of Alpine swifts (Apus melba)"
16890708445,true,2016-12-16 07:23:44.000,-10.1149425287357,11.7,"stationary","non-breeding site",11.25,13.05,-10.5747126436782,-10.0891719745223,"solar-geolocator","Apus melba","16QM","F61863","Switzerland Biel - Long term study on migratory movement of Alpine swifts (Apus melba)"
16890708446,true,2016-12-16 19:47:21.000,-10.1149425287357,11.7,"stationary","non-breeding site",11.25,13.05,-10.5747126436782,-10.0891719745223,"solar-geolocator","Apus melba","16QM","F61863","Switzerland Biel - Long term study on migratory movement of Alpine swifts (Apus melba)"
16890708447,true,2016-12-17 07:21:44.000,-10.1149425287357,11.7,"stationary","non-breeding site",11.25,13.05,-10.5747126436782,-10.0763358778626,"solar-geolocator","Apus melba","16QM","F61863","Switzerland Biel - Long term study on migratory movement of Alpine swifts (Apus melba)"
16890708448,true,2016-12-17 19:45:22.000,-10.1149425287357,11.7,"stationary","non-breeding site",11.25,13.05,-10.5747126436782,-10.0763358778626,"solar-geolocator","Apus melba","16QM","F61863","Switzerland Biel - Long term study on migratory movement of Alpine swifts (Apus melba)"
16890708449,true,2016-12-18 07:27:45.000,-10.1149425287357,11.7,"stationary","non-breeding site",11.25,13.05,-10.5747126436782,-10.0763358778626,"solar-geolocator","Apus melba","16QM","F61863","Switzerland Biel - Long term study on migratory movement of Alpine swifts (Apus melba)"
16890708450,true,2016-12-18 19:45:22.000,-10.1149425287357,11.7,"stationary","non-breeding site",11.25,13.05,-10.5747126436782,-10.0763358778626,"solar-geolocator","Apus melba","16QM","F61863","Switzerland Biel - Long term study on migratory movement of Alpine swifts (Apus melba)"
16890708451,true,2016-12-19 07:27:46.000,-10.1149425287357,11.7,"stationary","non-breeding site",11.25,13.05,-10.5747126436782,-10.0763358778626,"solar-geolocator","Apus melba","16QM","F61863","Switzerland Biel - Long term study on migratory movement of Alpine swifts (Apus melba)"
16890708452,true,2016-12-19 19:51:23.000,-10.1149425287357,11.7,"stationary","non-breeding site",11.25,13.05,-10.5747126436782,-10.0763358778626,"solar-geolocator","Apus melba","16QM","F61863","Switzerland Biel - Long term study on migratory movement of Alpine swifts (Apus melba)"
16890708453,true,2016-12-20 07:25:46.000,-10.1149425287357,11.7,"stationary","non-breeding site",10.8,13.05,-10.5747126436782,-10.0763358778626,"solar-geolocator","Apus melba","16QM","F61863","Switzerland Biel - Long term study on migratory movement of Alpine swifts (Apus melba)"
16890708454,true,2016-12-20 19:51:23.000,-10.1149425287357,11.7,"stationary","non-breeding site",10.8,13.05,-10.5747126436782,-10.0763358778626,"solar-geolocator","Apus melba","16QM","F61863","Switzerland Biel - Long term study on migratory movement of Alpine swifts (Apus melba)"
16890708455,true,2016-12-21 07:23:47.000,-10.1149425287357,11.7,"stationary","non-breeding site",10.8,13.05,-10.5747126436782,-10.0763358778626,"solar-geolocator","Apus melba","16QM","F61863","Switzerland Biel - Long term study on migratory movement of Alpine swifts (Apus melba)"
16890708456,true,2016-12-21 19:49:24.000,-10.1149425287357,11.7,"stationary","non-breeding site",10.8,12.6,-10.5747126436782,-10.0763358778626,"solar-geolocator","Apus melba","16QM","F61863","Switzerland Biel - Long term study on migratory movement of Alpine swifts (Apus melba)"
16890708457,true,2016-12-22 07:23:47.000,-10.1149425287357,11.7,"stationary","non-breeding site",10.8,12.6,-10.5747126436782,-10.0763358778626,"solar-geolocator","Apus melba","16QM","F61863","Switzerland Biel - Long term study on migratory movement of Alpine swifts (Apus melba)"
16890708458,true,2016-12-22 19:53:25.000,-10.1149425287357,11.7,"stationary","non-breeding site",10.8,12.15,-10.5747126436782,-10.0763358778626,"solar-geolocator","Apus melba","16QM","F61863","Switzerland Biel - Long term study on migratory movement of Alpine swifts (Apus melba)"
16890708459,true,2016-12-23 07:25:48.000,-10.1149425287357,11.7,"stationary","non-breeding site",10.8,12.15,-10.5747126436782,-10.0763358778626,"solar-geolocator","Apus melba","16QM","F61863","Switzerland Biel - Long term study on migratory movement of Alpine swifts (Apus melba)"
16890708460,true,2016-12-23 19:51:25.000,-10.1149425287357,11.7,"stationary","non-breeding site",10.8,12.15,-10.5747126436782,-10.0763358778626,"solar-geolocator","Apus melba","16QM","F61863","Switzerland Biel - Long term study on migratory movement of Alpine swifts (Apus melba)"
16890708461,true,2016-12-24 07:21:48.000,-10.1149425287357,11.7,"stationary","non-breeding site",10.8,12.15,-10.1668806161746,-10.0763358778626,"solar-geolocator","Apus melba","16QM","F61863","Switzerland Biel - Long term study on migratory movement of Alpine swifts (Apus melba)"
16890708462,true,2016-12-24 19:51:26.000,-10.1149425287357,11.7,"stationary","non-breeding site",10.8,12.15,-10.1668806161746,-10.0763358778626,"solar-geolocator","Apus melba","16QM","F61863","Switzerland Biel - Long term study on migratory movement of Alpine swifts (Apus melba)"
16890708463,true,2016-12-25 07:25:49.000,-10.1149425287357,11.7,"stationary","non-breeding site",10.8,12.15,-10.1668806161746,-10.0763358778626,"solar-geolocator","Apus melba","16QM","F61863","Switzerland Biel - Long term study on migratory movement of Alpine swifts (Apus melba)"
16890708464,true,2016-12-25 19:55:26.000,-10.1149425287357,11.7,"stationary","non-breeding site",10.8,12.15,-10.1668806161746,-10.0763358778626,"solar-geolocator","Apus melba","16QM","F61863","Switzerland Biel - Long term study on migratory movement of Alpine swifts (Apus melba)"
16890708465,true,2016-12-26 07:25:50.000,-10.1149425287357,11.7,"stationary","non-breeding site",10.8,12.15,-10.1668806161746,-10.0763358778626,"solar-geolocator","Apus melba","16QM","F61863","Switzerland Biel - Long term study on migratory movement of Alpine swifts (Apus melba)"
16890708466,true,2016-12-26 19:53:27.000,-10.1149425287357,11.7,"stationary","non-breeding site",10.8,12.15,-10.1668806161746,-10.0763358778626,"solar-geolocator","Apus melba","16QM","F61863","Switzerland Biel - Long term study on migratory movement of Alpine swifts (Apus melba)"
16890708467,true,2016-12-27 07:27:50.000,-10.1149425287357,11.7,"stationary","non-breeding site",10.8,12.15,-10.1668806161746,-10.0763358778626,"solar-geolocator","Apus melba","16QM","F61863","Switzerland Biel - Long term study on migratory movement of Alpine swifts (Apus melba)"
16890708468,true,2016-12-27 19:55:27.000,-10.1149425287357,11.7,"stationary","non-breeding site",10.8,12.15,-10.1668806161746,-10.0763358778626,"solar-geolocator","Apus melba","16QM","F61863","Switzerland Biel - Long term study on migratory movement of Alpine swifts (Apus melba)"
16890708469,true,2016-12-28 07:27:51.000,-10.1149425287357,11.7,"stationary","non-breeding site",10.8,12.15,-10.1668806161746,-10.0763358778626,"solar-geolocator","Apus melba","16QM","F61863","Switzerland Biel - Long term study on migratory movement of Alpine swifts (Apus melba)"
16890708470,true,2016-12-28 19:55:28.000,-10.1149425287357,11.7,"stationary","non-breeding site",10.8,12.15,-10.1668806161746,-10.0763358778626,"solar-geolocator","Apus melba","16QM","F61863","Switzerland Biel - Long term study on migratory movement of Alpine swifts (Apus melba)"
16890708471,true,2016-12-29 07:29:51.000,-10.1149425287357,11.7,"stationary","non-breeding site",10.8,12.15,-10.1668806161746,-10.0763358778626,"solar-geolocator","Apus melba","16QM","F61863","Switzerland Biel - Long term study on migratory movement of Alpine swifts (Apus melba)"
16890708472,true,2016-12-29 19:55:29.000,-10.1149425287357,11.7,"stationary","non-breeding site",10.8,12.15,-10.1668806161746,-10.0763358778626,"solar-geolocator","Apus melba","16QM","F61863","Switzerland Biel - Long term study on migratory movement of Alpine swifts (Apus melba)"
16890708473,true,2016-12-30 07:29:52.000,-10.1149425287357,11.7,"stationary","non-breeding site",10.8,12.15,-10.1408450704225,-10.0763358778626,"solar-geolocator","Apus melba","16QM","F61863","Switzerland Biel - Long term study on migratory movement of Alpine swifts (Apus melba)"
16890708474,true,2016-12-30 19:57:29.000,-10.1149425287357,11.7,"stationary","non-breeding site",10.8,12.15,-10.1668806161746,-10.0763358778626,"solar-geolocator","Apus melba","16QM","F61863","Switzerland Biel - Long term study on migratory movement of Alpine swifts (Apus melba)"
16890708475,true,2016-12-31 07:29:52.000,-10.1149425287357,11.7,"stationary","non-breeding site",10.8,12.15,-10.1408450704225,-10.0763358778626,"solar-geolocator","Apus melba","16QM","F61863","Switzerland Biel - Long term study on migratory movement of Alpine swifts (Apus melba)"
16890708476,true,2016-12-31 19:57:30.000,-10.1149425287357,11.7,"stationary","non-breeding site",10.8,12.15,-10.1408450704225,-10.0763358778626,"solar-geolocator","Apus melba","16QM","F61863","Switzerland Biel - Long term study on migratory movement of Alpine swifts (Apus melba)"
16890708477,true,2017-01-01 07:27:53.000,-10.1149425287357,11.7,"stationary","non-breeding site",10.8,12.15,-10.1278772378517,-10.0763358778626,"solar-geolocator","Apus melba","16QM","F61863","Switzerland Biel - Long term study on migratory movement of Alpine swifts (Apus melba)"
16890708478,true,2017-01-01 19:57:30.000,-10.1149425287357,11.7,"stationary","non-breeding site",10.8,12.15,-10.1668806161746,-10.0763358778626,"solar-geolocator","Apus melba","16QM","F61863","Switzerland Biel - Long term study on migratory movement of Alpine swifts (Apus melba)"
16890708479,true,2017-01-02 07:31:54.000,-10.1149425287357,11.7,"stationary","non-breeding site",10.8,12.15,-10.1408450704225,-10.0763358778626,"solar-geolocator","Apus melba","16QM","F61863","Switzerland Biel - Long term study on migratory movement of Alpine swifts (Apus melba)"
16890708480,true,2017-01-02 19:59:31.000,-10.1149425287357,11.7,"stationary","non-breeding site",10.8,12.15,-10.1668806161746,-10.0763358778626,"solar-geolocator","Apus melba","16QM","F61863","Switzerland Biel - Long term study on migratory movement of Alpine swifts (Apus melba)"
16890708481,true,2017-01-03 07:27:54.000,-10.1149425287357,11.7,"stationary","non-breeding site",10.8,12.15,-10.1668806161746,-10.0763358778626,"solar-geolocator","Apus melba","16QM","F61863","Switzerland Biel - Long term study on migratory movement of Alpine swifts (Apus melba)"
16890708482,true,2017-01-03 20:01:31.000,-10.1149425287357,11.7,"stationary","non-breeding site",10.8,12.15,-10.1668806161746,-10.0763358778626,"solar-geolocator","Apus melba","16QM","F61863","Switzerland Biel - Long term study on migratory movement of Alpine swifts (Apus melba)"
16890708483,true,2017-01-04 07:29:55.000,-10.1149425287357,11.7,"stationary","non-breeding site",10.8,12.15,-10.1668806161746,-10.0763358778626,"solar-geolocator","Apus melba","16QM","F61863","Switzerland Biel - Long term study on migratory movement of Alpine swifts (Apus melba)"
16890708484,true,2017-01-04 20:05:32.000,-10.1149425287357,11.7,"stationary","non-breeding site",10.8,12.15,-10.1668806161746,-10.0763358778626,"solar-geolocator","Apus melba","16QM","F61863","Switzerland Biel - Long term study on migratory movement of Alpine swifts (Apus melba)"
16890708485,true,2017-01-05 07:27:55.000,-10.1149425287357,11.7,"stationary","non-breeding site",10.8,12.15,-10.1278772378517,-10.0763358778626,"solar-geolocator","Apus melba","16QM","F61863","Switzerland Biel - Long term study on migratory movement of Alpine swifts (Apus melba)"
16890708486,true,2017-01-05 20:03:33.000,-10.1149425287357,11.7,"stationary","non-breeding site",10.8,12.15,-10.1278772378517,-10.0763358778626,"solar-geolocator","Apus melba","16QM","F61863","Switzerland Biel - Long term study on migratory movement of Alpine swifts (Apus melba)"
16890708487,true,2017-01-06 07:31:56.000,-10.1149425287357,11.7,"stationary","non-breeding site",10.8,12.15,-10.1278772378517,-10.0763358778626,"solar-geolocator","Apus melba","16QM","F61863","Switzerland Biel - Long term study on migratory movement of Alpine swifts (Apus melba)"
16890708488,true,2017-01-06 20:01:33.000,-10.1149425287357,11.7,"stationary","non-breeding site",10.8,12.15,-10.1278772378517,-10.0763358778626,"solar-geolocator","Apus melba","16QM","F61863","Switzerland Biel - Long term study on migratory movement of Alpine swifts (Apus melba)"
16890708489,true,2017-01-07 07:31:56.000,-10.1149425287357,11.7,"stationary","non-breeding site",10.8,12.15,-10.1278772378517,-10.0763358778626,"solar-geolocator","Apus melba","16QM","F61863","Switzerland Biel - Long term study on migratory movement of Alpine swifts (Apus melba)"
16890708490,true,2017-01-07 20:01:34.000,-10.1149425287357,11.7,"stationary","non-breeding site",10.8,12.15,-10.1278772378517,-10.0763358778626,"solar-geolocator","Apus melba","16QM","F61863","Switzerland Biel - Long term study on migratory movement of Alpine swifts (Apus melba)"
16890708491,true,2017-01-08 07:31:57.000,-10.1149425287357,11.7,"stationary","non-breeding site",10.8,12.15,-10.1278772378517,-10.0763358778626,"solar-geolocator","Apus melba","16QM","F61863","Switzerland Biel - Long term study on migratory movement of Alpine swifts (Apus melba)"
16890708492,true,2017-01-08 19:57:34.000,-10.1149425287357,11.7,"stationary","non-breeding site",10.8,12.15,-10.1278772378517,-10.0763358778626,"solar-geolocator","Apus melba","16QM","F61863","Switzerland Biel - Long term study on migratory movement of Alpine swifts (Apus melba)"
16890708493,true,2017-01-09 07:35:58.000,-10.1149425287357,11.7,"stationary","non-breeding site",10.8,12.15,-10.1278772378517,-10.0763358778626,"solar-geolocator","Apus melba","16QM","F61863","Switzerland Biel - Long term study on migratory movement of Alpine swifts (Apus melba)"
16890708494,true,2017-01-09 19:57:35.000,-10.1149425287357,11.7,"stationary","non-breeding site",10.8,12.15,-10.1278772378517,-10.0763358778626,"solar-geolocator","Apus melba","16QM","F61863","Switzerland Biel - Long term study on migratory movement of Alpine swifts (Apus melba)"
16890708495,true,2017-01-10 07:33:58.000,-10.1149425287357,11.7,"stationary","non-breeding site",10.8,12.15,-10.1278772378517,-10.0763358778626,"solar-geolocator","Apus melba","16QM","F61863","Switzerland Biel - Long term study on migratory movement of Alpine swifts (Apus melba)"
16890708496,true,2017-01-10 20:01:35.000,-10.1149425287357,11.7,"stationary","non-breeding site",10.8,12.15,-10.1278772378517,-10.0763358778626,"solar-geolocator","Apus melba","16QM","F61863","Switzerland Biel - Long term study on migratory movement of Alpine swifts (Apus melba)"
16890708497,true,2017-01-11 07:33:59.000,-10.1149425287357,11.7,"stationary","non-breeding site",10.8,12.15,-10.1278772378517,-10.0763358778626,"solar-geolocator","Apus melba","16QM","F61863","Switzerland Biel - Long term study on migratory movement of Alpine swifts (Apus melba)"
16890708498,true,2017-01-11 20:03:36.000,-10.1149425287357,11.7,"stationary","non-breeding site",10.8,12.15,-10.1278772378517,-10.0763358778626,"solar-geolocator","Apus melba","16QM","F61863","Switzerland Biel - Long term study on migratory movement of Alpine swifts (Apus melba)"
16890708499,true,2017-01-12 07:33:59.000,-10.1149425287357,11.7,"stationary","non-breeding site",10.8,12.15,-10.1278772378517,-10.0763358778626,"solar-geolocator","Apus melba","16QM","F61863","Switzerland Biel - Long term study on migratory movement of Alpine swifts (Apus melba)"
16890708500,true,2017-01-12 20:05:37.000,-10.1149425287357,11.7,"stationary","non-breeding site",10.8,12.15,-10.1278772378517,-10.0763358778626,"solar-geolocator","Apus melba","16QM","F61863","Switzerland Biel - Long term study on migratory movement of Alpine swifts (Apus melba)"
16890708501,true,2017-01-13 07:32:00.000,-10.1149425287357,11.7,"stationary","non-breeding site",10.8,12.15,-10.1278772378517,-10.0763358778626,"solar-geolocator","Apus melba","16QM","F61863","Switzerland Biel - Long term study on migratory movement of Alpine swifts (Apus melba)"
16890708502,true,2017-01-13 20:05:37.000,-10.1149425287357,11.7,"stationary","non-breeding site",10.8,12.15,-10.1278772378517,-10.0763358778626,"solar-geolocator","Apus melba","16QM","F61863","Switzerland Biel - Long term study on migratory movement of Alpine swifts (Apus melba)"
16890708503,true,2017-01-14 07:34:00.000,-10.1149425287357,11.7,"stationary","non-breeding site",10.8,12.15,-10.1278772378517,-10.0763358778626,"solar-geolocator","Apus melba","16QM","F61863","Switzerland Biel - Long term study on migratory movement of Alpine swifts (Apus melba)"
16890708504,true,2017-01-14 20:03:38.000,-10.1149425287357,11.7,"stationary","non-breeding site",10.8,12.15,-10.1278772378517,-10.0763358778626,"solar-geolocator","Apus melba","16QM","F61863","Switzerland Biel - Long term study on migratory movement of Alpine swifts (Apus melba)"
16890708505,true,2017-01-15 07:34:01.000,-10.1149425287357,11.7,"stationary","non-breeding site",10.8,12.15,-10.1278772378517,-10.0763358778626,"solar-geolocator","Apus melba","16QM","F61863","Switzerland Biel - Long term study on migratory movement of Alpine swifts (Apus melba)"
16890708506,true,2017-01-15 20:05:38.000,-10.1149425287357,11.7,"stationary","non-breeding site",10.8,12.15,-10.1278772378517,-10.0763358778626,"solar-geolocator","Apus melba","16QM","F61863","Switzerland Biel - Long term study on migratory movement of Alpine swifts (Apus melba)"
16890708507,true,2017-01-16 07:36:02.000,-10.1149425287357,11.7,"stationary","non-breeding site",10.8,12.15,-10.1278772378517,-10.0763358778626,"solar-geolocator","Apus melba","16QM","F61863","Switzerland Biel - Long term study on migratory movement of Alpine swifts (Apus melba)"
16890708508,true,2017-01-16 20:05:39.000,-10.1149425287357,11.7,"stationary","non-breeding site",10.8,12.15,-10.1278772378517,-10.0763358778626,"solar-geolocator","Apus melba","16QM","F61863","Switzerland Biel - Long term study on migratory movement of Alpine swifts (Apus melba)"
16890708509,true,2017-01-17 07:36:02.000,-10.1149425287357,11.7,"stationary","non-breeding site",10.8,12.15,-10.1278772378517,-10.0763358778626,"solar-geolocator","Apus melba","16QM","F61863","Switzerland Biel - Long term study on migratory movement of Alpine swifts (Apus melba)"
16890708510,true,2017-01-17 20:05:39.000,-10.1149425287357,11.7,"stationary","non-breeding site",10.8,12.15,-10.1278772378517,-10.0763358778626,"solar-geolocator","Apus melba","16QM","F61863","Switzerland Biel - Long term study on migratory movement of Alpine swifts (Apus melba)"
16890708511,true,2017-01-18 07:36:03.000,-10.1149425287357,11.7,"stationary","non-breeding site",10.8,12.15,-10.1278772378517,-10.0763358778626,"solar-geolocator","Apus melba","16QM","F61863","Switzerland Biel - Long term study on migratory movement of Alpine swifts (Apus melba)"
16890708512,true,2017-01-18 20:05:40.000,-10.1149425287357,11.7,"stationary","non-breeding site",10.8,12.15,-10.1278772378517,-10.0763358778626,"solar-geolocator","Apus melba","16QM","F61863","Switzerland Biel - Long term study on migratory movement of Alpine swifts (Apus melba)"
16890708513,true,2017-01-19 07:38:03.000,-10.1149425287357,11.7,"stationary","non-breeding site",10.8,12.15,-10.1278772378517,-10.0763358778626,"solar-geolocator","Apus melba","16QM","F61863","Switzerland Biel - Long term study on migratory movement of Alpine swifts (Apus melba)"
16890708514,true,2017-01-19 20:05:41.000,-10.1149425287357,11.7,"stationary","non-breeding site",10.8,12.15,-10.1278772378517,-10.0763358778626,"solar-geolocator","Apus melba","16QM","F61863","Switzerland Biel - Long term study on migratory movement of Alpine swifts (Apus melba)"
16890708515,true,2017-01-20 07:36:04.000,-10.1149425287357,11.7,"stationary","non-breeding site",10.8,12.15,-10.1278772378517,-10.0763358778626,"solar-geolocator","Apus melba","16QM","F61863","Switzerland Biel - Long term study on migratory movement of Alpine swifts (Apus melba)"
16890708516,true,2017-01-20 20:05:41.000,-10.1149425287357,11.7,"stationary","non-breeding site",10.8,12.15,-10.1278772378517,-10.0763358778626,"solar-geolocator","Apus melba","16QM","F61863","Switzerland Biel - Long term study on migratory movement of Alpine swifts (Apus melba)"
16890708517,true,2017-01-21 07:32:04.000,-10.1149425287357,11.7,"stationary","non-breeding site",10.8,12.15,-10.1278772378517,-10.0763358778626,"solar-geolocator","Apus melba","16QM","F61863","Switzerland Biel - Long term study on migratory movement of Alpine swifts (Apus melba)"
16890708518,true,2017-01-21 20:05:42.000,-10.1149425287357,11.7,"stationary","non-breeding site",10.8,12.15,-10.1278772378517,-10.0763358778626,"solar-geolocator","Apus melba","16QM","F61863","Switzerland Biel - Long term study on migratory movement of Alpine swifts (Apus melba)"
16890708519,true,2017-01-22 07:36:05.000,-10.1149425287357,11.7,"stationary","non-breeding site",10.8,12.15,-10.1278772378517,-10.0763358778626,"solar-geolocator","Apus melba","16QM","F61863","Switzerland Biel - Long term study on migratory movement of Alpine swifts (Apus melba)"
16890708520,true,2017-01-22 20:07:42.000,-10.1149425287357,11.7,"stationary","non-breeding site",10.8,12.15,-10.1278772378517,-10.0763358778626,"solar-geolocator","Apus melba","16QM","F61863","Switzerland Biel - Long term study on migratory movement of Alpine swifts (Apus melba)"
16890708521,true,2017-01-23 07:38:06.000,-10.1149425287357,11.7,"stationary","non-breeding site",10.8,12.15,-10.1278772378517,-10.0763358778626,"solar-geolocator","Apus melba","16QM","F61863","Switzerland Biel - Long term study on migratory movement of Alpine swifts (Apus melba)"
16890708522,true,2017-01-23 20:13:43.000,-10.1149425287357,11.7,"stationary","non-breeding site",10.8,12.15,-10.1278772378517,-10.0763358778626,"solar-geolocator","Apus melba","16QM","F61863","Switzerland Biel - Long term study on migratory movement of Alpine swifts (Apus melba)"
16890708523,true,2017-01-24 07:34:06.000,-10.1149425287357,11.7,"stationary","non-breeding site",10.8,12.15,-10.1278772378517,-10.0763358778626,"solar-geolocator","Apus melba","16QM","F61863","Switzerland Biel - Long term study on migratory movement of Alpine swifts (Apus melba)"
16890708524,true,2017-01-24 20:11:43.000,-10.1149425287357,11.7,"stationary","non-breeding site",10.8,12.15,-10.1278772378517,-10.0763358778626,"solar-geolocator","Apus melba","16QM","F61863","Switzerland Biel - Long term study on migratory movement of Alpine swifts (Apus melba)"
16890708525,true,2017-01-25 07:34:07.000,-10.1149425287357,11.7,"stationary","non-breeding site",10.8,12.15,-10.1278772378517,-10.0763358778626,"solar-geolocator","Apus melba","16QM","F61863","Switzerland Biel - Long term study on migratory movement of Alpine swifts (Apus melba)"
16890708526,true,2017-01-25 20:11:44.000,-10.1149425287357,11.7,"stationary","non-breeding site",10.8,12.15,-10.1278772378517,-10.0763358778626,"solar-geolocator","Apus melba","16QM","F61863","Switzerland Biel - Long term study on migratory movement of Alpine swifts (Apus melba)"
16890708527,true,2017-01-26 07:34:07.000,-10.1149425287357,11.7,"stationary","non-breeding site",10.8,12.15,-10.1278772378517,-10.0763358778626,"solar-geolocator","Apus melba","16QM","F61863","Switzerland Biel - Long term study on migratory movement of Alpine swifts (Apus melba)"
16890708528,true,2017-01-26 20:07:45.000,-10.1149425287357,11.7,"stationary","non-breeding site",10.8,12.15,-10.1278772378517,-10.0763358778626,"solar-geolocator","Apus melba","16QM","F61863","Switzerland Biel - Long term study on migratory movement of Alpine swifts (Apus melba)"
16890708529,true,2017-01-27 07:36:08.000,-10.1149425287357,11.7,"stationary","non-breeding site",10.8,12.15,-10.1278772378517,-10.0763358778626,"solar-geolocator","Apus melba","16QM","F61863","Switzerland Biel - Long term study on migratory movement of Alpine swifts (Apus melba)"
16890708530,true,2017-01-27 20:09:45.000,-10.1149425287357,11.7,"stationary","non-breeding site",10.8,12.15,-10.1278772378517,-10.0763358778626,"solar-geolocator","Apus melba","16QM","F61863","Switzerland Biel - Long term study on migratory movement of Alpine swifts (Apus melba)"
16890708531,true,2017-01-28 07:34:08.000,-10.1149425287357,11.7,"stationary","non-breeding site",10.8,12.15,-10.1278772378517,-10.0763358778626,"solar-geolocator","Apus melba","16QM","F61863","Switzerland Biel - Long term study on migratory movement of Alpine swifts (Apus melba)"
16890708532,true,2017-01-28 20:11:46.000,-10.1149425287357,11.7,"stationary","non-breeding site",10.8,12.15,-10.1278772378517,-10.0763358778626,"solar-geolocator","Apus melba","16QM","F61863","Switzerland Biel - Long term study on migratory movement of Alpine swifts (Apus melba)"
16890708533,true,2017-01-29 07:36:09.000,-10.1149425287357,11.7,"stationary","non-breeding site",10.8,12.15,-10.1278772378517,-10.0763358778626,"solar-geolocator","Apus melba","16QM","F61863","Switzerland Biel - Long term study on migratory movement of Alpine swifts (Apus melba)"
16890708534,true,2017-01-29 20:11:46.000,-10.1149425287357,11.7,"stationary","non-breeding site",10.8,12.15,-10.1278772378517,-10.0763358778626,"solar-geolocator","Apus melba","16QM","F61863","Switzerland Biel - Long term study on migratory movement of Alpine swifts (Apus melba)"
16890708535,true,2017-01-30 07:34:10.000,-10.1149425287357,11.7,"stationary","non-breeding site",10.8,12.15,-10.1278772378517,-10.0763358778626,"solar-geolocator","Apus melba","16QM","F61863","Switzerland Biel - Long term study on migratory movement of Alpine swifts (Apus melba)"
16890708536,true,2017-01-30 20:13:47.000,-10.1149425287357,11.7,"stationary","non-breeding site",10.8,12.15,-10.1278772378517,-10.0763358778626,"solar-geolocator","Apus melba","16QM","F61863","Switzerland Biel - Long term study on migratory movement of Alpine swifts (Apus melba)"
16890708537,true,2017-01-31 07:34:10.000,-10.1149425287357,11.7,"stationary","non-breeding site",10.8,12.15,-10.1278772378517,-10.0763358778626,"solar-geolocator","Apus melba","16QM","F61863","Switzerland Biel - Long term study on migratory movement of Alpine swifts (Apus melba)"
16890708538,true,2017-01-31 20:11:47.000,-10.1149425287357,11.7,"stationary","non-breeding site",10.8,12.15,-10.1278772378517,-10.0763358778626,"solar-geolocator","Apus melba","16QM","F61863","Switzerland Biel - Long term study on migratory movement of Alpine swifts (Apus melba)"
16890708539,true,2017-02-01 07:36:11.000,-10.1149425287357,11.7,"stationary","non-breeding site",10.8,12.15,-10.1278772378517,-10.0763358778626,"solar-geolocator","Apus melba","16QM","F61863","Switzerland Biel - Long term study on migratory movement of Alpine swifts (Apus melba)"
16890708540,true,2017-02-01 20:13:48.000,-10.1149425287357,11.7,"stationary","non-breeding site",10.8,12.15,-10.1278772378517,-10.0763358778626,"solar-geolocator","Apus melba","16QM","F61863","Switzerland Biel - Long term study on migratory movement of Alpine swifts (Apus melba)"
16890708541,true,2017-02-02 07:34:11.000,-10.1149425287357,11.7,"stationary","non-breeding site",10.8,12.15,-10.1278772378517,-10.0763358778626,"solar-geolocator","Apus melba","16QM","F61863","Switzerland Biel - Long term study on migratory movement of Alpine swifts (Apus melba)"
16890708542,true,2017-02-02 20:15:49.000,-10.1149425287357,11.7,"stationary","non-breeding site",10.8,12.15,-10.1278772378517,-10.0763358778626,"solar-geolocator","Apus melba","16QM","F61863","Switzerland Biel - Long term study on migratory movement of Alpine swifts (Apus melba)"
16890708543,true,2017-02-03 07:34:12.000,-10.1149425287357,11.7,"stationary","non-breeding site",10.8,12.15,-10.1278772378517,-10.0763358778626,"solar-geolocator","Apus melba","16QM","F61863","Switzerland Biel - Long term study on migratory movement of Alpine swifts (Apus melba)"
16890708544,true,2017-02-03 20:13:49.000,-10.1149425287357,11.7,"stationary","non-breeding site",10.8,12.15,-10.1278772378517,-10.0763358778626,"solar-geolocator","Apus melba","16QM","F61863","Switzerland Biel - Long term study on migratory movement of Alpine swifts (Apus melba)"
16890708545,true,2017-02-04 07:34:12.000,-10.1149425287357,11.7,"stationary","non-breeding site",10.8,12.15,-10.1278772378517,-10.0763358778626,"solar-geolocator","Apus melba","16QM","F61863","Switzerland Biel - Long term study on migratory movement of Alpine swifts (Apus melba)"
16890708546,true,2017-02-04 20:15:50.000,-10.1149425287357,11.7,"stationary","non-breeding site",10.8,12.15,-10.1278772378517,-10.0763358778626,"solar-geolocator","Apus melba","16QM","F61863","Switzerland Biel - Long term study on migratory movement of Alpine swifts (Apus melba)"
16890708547,true,2017-02-05 07:32:13.000,-10.1149425287357,11.7,"stationary","non-breeding site",10.8,12.15,-10.1278772378517,-10.0763358778626,"solar-geolocator","Apus melba","16QM","F61863","Switzerland Biel - Long term study on migratory movement of Alpine swifts (Apus melba)"
16890708548,true,2017-02-05 20:15:50.000,-10.1149425287357,11.7,"stationary","non-breeding site",10.8,12.15,-10.1278772378517,-10.0763358778626,"solar-geolocator","Apus melba","16QM","F61863","Switzerland Biel - Long term study on migratory movement of Alpine swifts (Apus melba)"
16890708549,true,2017-02-06 07:34:13.000,-10.1149425287357,11.7,"stationary","non-breeding site",10.8,12.15,-10.1278772378517,-10.0763358778626,"solar-geolocator","Apus melba","16QM","F61863","Switzerland Biel - Long term study on migratory movement of Alpine swifts (Apus melba)"
16890708550,true,2017-02-06 20:13:51.000,-10.1149425287357,11.7,"stationary","non-breeding site",10.8,12.15,-10.1278772378517,-10.0763358778626,"solar-geolocator","Apus melba","16QM","F61863","Switzerland Biel - Long term study on migratory movement of Alpine swifts (Apus melba)"
16890708551,true,2017-02-07 07:32:14.000,-10.1149425287357,11.7,"stationary","non-breeding site",10.8,12.15,-10.1278772378517,-10.0763358778626,"solar-geolocator","Apus melba","16QM","F61863","Switzerland Biel - Long term study on migratory movement of Alpine swifts (Apus melba)"
16890708552,true,2017-02-07 20:15:51.000,-10.1149425287357,11.7,"stationary","non-breeding site",10.8,12.15,-10.1278772378517,-10.0763358778626,"solar-geolocator","Apus melba","16QM","F61863","Switzerland Biel - Long term study on migratory movement of Alpine swifts (Apus melba)"
16890708553,true,2017-02-08 07:32:15.000,-10.1149425287357,11.7,"stationary","non-breeding site",10.8,12.15,-10.1278772378517,-10.0763358778626,"solar-geolocator","Apus melba","16QM","F61863","Switzerland Biel - Long term study on migratory movement of Alpine swifts (Apus melba)"
16890708554,true,2017-02-08 20:13:52.000,-10.1149425287357,11.7,"stationary","non-breeding site",10.8,12.15,-10.1278772378517,-10.0763358778626,"solar-geolocator","Apus melba","16QM","F61863","Switzerland Biel - Long term study on migratory movement of Alpine swifts (Apus melba)"
16890708555,true,2017-02-09 07:34:15.000,-10.1149425287357,11.7,"stationary","non-breeding site",10.8,12.15,-10.1278772378517,-10.0763358778626,"solar-geolocator","Apus melba","16QM","F61863","Switzerland Biel - Long term study on migratory movement of Alpine swifts (Apus melba)"
16890708556,true,2017-02-09 20:15:53.000,-10.1149425287357,11.7,"stationary","non-breeding site",10.8,12.15,-10.1278772378517,-10.0763358778626,"solar-geolocator","Apus melba","16QM","F61863","Switzerland Biel - Long term study on migratory movement of Alpine swifts (Apus melba)"
16890708557,true,2017-02-10 07:36:16.000,-10.1149425287357,11.7,"stationary","non-breeding site",10.8,12.15,-10.1278772378517,-10.0763358778626,"solar-geolocator","Apus melba","16QM","F61863","Switzerland Biel - Long term study on migratory movement of Alpine swifts (Apus melba)"
16890708558,true,2017-02-10 20:09:53.000,-10.1149425287357,11.7,"stationary","non-breeding site",10.8,12.15,-10.1278772378517,-10.0763358778626,"solar-geolocator","Apus melba","16QM","F61863","Switzerland Biel - Long term study on migratory movement of Alpine swifts (Apus melba)"
16890708559,true,2017-02-11 07:40:16.000,-10.1149425287357,11.7,"stationary","non-breeding site",10.8,12.15,-10.1278772378517,-10.0763358778626,"solar-geolocator","Apus melba","16QM","F61863","Switzerland Biel - Long term study on migratory movement of Alpine swifts (Apus melba)"
16890708560,true,2017-02-11 20:11:54.000,-10.1149425287357,11.7,"stationary","non-breeding site",10.8,12.15,-10.1278772378517,-10.0763358778626,"solar-geolocator","Apus melba","16QM","F61863","Switzerland Biel - Long term study on migratory movement of Alpine swifts (Apus melba)"
16890708561,true,2017-02-12 07:38:17.000,-10.1149425287357,11.7,"stationary","non-breeding site",10.8,12.15,-10.1278772378517,-10.0763358778626,"solar-geolocator","Apus melba","16QM","F61863","Switzerland Biel - Long term study on migratory movement of Alpine swifts (Apus melba)"
16890708562,true,2017-02-12 20:07:54.000,-10.1149425287357,11.7,"stationary","non-breeding site",10.8,12.15,-10.1668806161746,-10.0763358778626,"solar-geolocator","Apus melba","16QM","F61863","Switzerland Biel - Long term study on migratory movement of Alpine swifts (Apus melba)"
16890708563,true,2017-02-13 07:38:17.000,-10.1149425287357,11.7,"stationary","non-breeding site",10.8,12.15,-10.1668806161746,-10.0763358778626,"solar-geolocator","Apus melba","16QM","F61863","Switzerland Biel - Long term study on migratory movement of Alpine swifts (Apus melba)"
16890708564,true,2017-02-13 20:15:55.000,-10.1149425287357,11.7,"stationary","non-breeding site",10.8,12.15,-10.1668806161746,-10.0763358778626,"solar-geolocator","Apus melba","16QM","F61863","Switzerland Biel - Long term study on migratory movement of Alpine swifts (Apus melba)"
16890708565,true,2017-02-14 07:36:18.000,-10.1149425287357,11.7,"stationary","non-breeding site",10.8,12.15,-10.1668806161746,-10.0891719745223,"solar-geolocator","Apus melba","16QM","F61863","Switzerland Biel - Long term study on migratory movement of Alpine swifts (Apus melba)"
16890708566,true,2017-02-14 20:13:55.000,-10.1149425287357,11.7,"stationary","non-breeding site",10.8,12.15,-10.1668806161746,-10.0891719745223,"solar-geolocator","Apus melba","16QM","F61863","Switzerland Biel - Long term study on migratory movement of Alpine swifts (Apus melba)"
16890708567,true,2017-02-15 07:36:19.000,-10.1149425287357,11.7,"stationary","non-breeding site",11.25,12.15,-10.5747126436782,-10.0891719745223,"solar-geolocator","Apus melba","16QM","F61863","Switzerland Biel - Long term study on migratory movement of Alpine swifts (Apus melba)"
16890708568,true,2017-02-15 20:15:56.000,-10.1149425287357,11.7,"stationary","non-breeding site",10.8,12.15,-10.4942965779468,-10.0891719745223,"solar-geolocator","Apus melba","16QM","F61863","Switzerland Biel - Long term study on migratory movement of Alpine swifts (Apus melba)"
16890708569,true,2017-02-16 07:36:19.000,-10.1149425287357,11.7,"stationary","non-breeding site",10.8,12.15,-10.5747126436782,-10.0891719745223,"solar-geolocator","Apus melba","16QM","F61863","Switzerland Biel - Long term study on migratory movement of Alpine swifts (Apus melba)"
16890708570,true,2017-02-16 20:15:56.000,-10.1149425287357,11.7,"stationary","non-breeding site",10.8,12.15,-10.547770700637,-10.0891719745223,"solar-geolocator","Apus melba","16QM","F61863","Switzerland Biel - Long term study on migratory movement of Alpine swifts (Apus melba)"
16890708571,true,2017-02-17 07:38:20.000,-10.1149425287357,11.7,"stationary","non-breeding site",10.8,12.15,-10.5747126436782,-10.0891719745223,"solar-geolocator","Apus melba","16QM","F61863","Switzerland Biel - Long term study on migratory movement of Alpine swifts (Apus melba)"
16890708572,true,2017-02-17 20:15:57.000,-10.1149425287357,11.7,"stationary","non-breeding site",10.8,12.15,-10.5747126436782,-10.0891719745223,"solar-geolocator","Apus melba","16QM","F61863","Switzerland Biel - Long term study on migratory movement of Alpine swifts (Apus melba)"
16890708573,true,2017-02-18 07:36:20.000,-10.1149425287357,11.7,"stationary","non-breeding site",10.8,12.15,-10.5747126436782,-10.0891719745223,"solar-geolocator","Apus melba","16QM","F61863","Switzerland Biel - Long term study on migratory movement of Alpine swifts (Apus melba)"
16890708574,true,2017-02-18 20:11:58.000,-10.1149425287357,11.7,"stationary","non-breeding site",9.90000000000001,12.15,-10.2457956015524,-7.82608695652172,"solar-geolocator","Apus melba","16QM","F61863","Switzerland Biel - Long term study on migratory movement of Alpine swifts (Apus melba)"
16890708575,true,2017-02-19 07:28:21.000,-10.1149425287357,11.7,"movement","migration",7.65000000000001,12.15,-10.1278772378517,-7.71752837326612,"solar-geolocator","Apus melba","16QM","F61863","Switzerland Biel - Long term study on migratory movement of Alpine swifts (Apus melba)"
16890708576,true,2017-02-19 20:11:58.000,-10.1149425287357,11.7,"movement","migration",6.75,12.15,-10.1278772378517,-7.70780856423175,"solar-geolocator","Apus melba","16QM","F61863","Switzerland Biel - Long term study on migratory movement of Alpine swifts (Apus melba)"
16890709219,true,2017-02-20 07:24:21.000,-7.79617834394904,10.8,"movement","migration",5.85000000000001,12.6,-10.1278772378517,-7.68844221105529,"solar-geolocator","Apus melba","16QM","F61863","Switzerland Biel - Long term study on migratory movement of Alpine swifts (Apus melba)"
16890709222,true,2017-02-20 20:09:59.000,-7.78625954198477,10.8,"stationary","migration",6.30000000000001,12.6,-10.1278772378517,-7.68844221105529,"solar-geolocator","Apus melba","16QM","F61863","Switzerland Biel - Long term study on migratory movement of Alpine swifts (Apus melba)"
16890709227,true,2017-02-21 07:26:22.000,-7.76649746192896,9.90000000000001,"movement","migration",6.30000000000001,12.6,-10.1278772378517,-7.69811320754716,"solar-geolocator","Apus melba","16QM","F61863","Switzerland Biel - Long term study on migratory movement of Alpine swifts (Apus melba)"
16890709256,true,2017-02-21 20:07:59.000,-7.75665399239546,9.44999999999999,"stationary","migration",6.30000000000001,12.6,-10.1149425287357,-7.30964467005074,"solar-geolocator","Apus melba","16QM","F61863","Switzerland Biel - Long term study on migratory movement of Alpine swifts (Apus melba)"
16890709257,true,2017-02-22 07:24:23.000,-7.75665399239546,9.44999999999999,"stationary","non-breeding site",6.75,12.6,-10.0891719745223,-7.30964467005074,"solar-geolocator","Apus melba","16QM","F61863","Switzerland Biel - Long term study on migratory movement of Alpine swifts (Apus melba)"
16890709258,true,2017-02-22 20:00:00.000,-7.74683544303801,9.44999999999999,"stationary","non-breeding site",6.75,13.05,-7.85622593068037,-7.30964467005074,"solar-geolocator","Apus melba","16QM","F61863","Switzerland Biel - Long term study on migratory movement of Alpine swifts (Apus melba)"
16890709259,true,2017-02-23 07:22:23.000,-7.74683544303801,9.44999999999999,"stationary","non-breeding site",6.75,13.05,-7.85622593068037,-7.30964467005074,"solar-geolocator","Apus melba","16QM","F61863","Switzerland Biel - Long term study on migratory movement of Alpine swifts (Apus melba)"
16890709260,true,2017-02-23 20:04:00.000,-7.74683544303801,9.44999999999999,"stationary","non-breeding site",6.75,13.05,-7.85622593068037,-7.30964467005074,"solar-geolocator","Apus melba","16QM","F61863","Switzerland Biel - Long term study on migratory movement of Alpine swifts (Apus melba)"
16890709261,true,2017-02-24 07:22:24.000,-7.74683544303801,9.44999999999999,"stationary","non-breeding site",6.75,13.05,-7.85622593068037,-7.30964467005074,"solar-geolocator","Apus melba","16QM","F61863","Switzerland Biel - Long term study on migratory movement of Alpine swifts (Apus melba)"
16890709262,true,2017-02-24 20:00:01.000,-7.74683544303801,9.44999999999999,"stationary","non-breeding site",6.75,13.05,-7.85622593068037,-7.30964467005074,"solar-geolocator","Apus melba","16QM","F61863","Switzerland Biel - Long term study on migratory movement of Alpine swifts (Apus melba)"
16890709263,true,2017-02-25 07:24:24.000,-7.74683544303801,9.44999999999999,"stationary","non-breeding site",6.75,13.05,-7.85622593068037,-7.30964467005074,"solar-geolocator","Apus melba","16QM","F61863","Switzerland Biel - Long term study on migratory movement of Alpine swifts (Apus melba)"
16890709264,true,2017-02-25 20:04:02.000,-7.74683544303801,9.44999999999999,"stationary","non-breeding site",6.75,13.05,-7.85622593068037,-7.30964467005074,"solar-geolocator","Apus melba","16QM","F61863","Switzerland Biel - Long term study on migratory movement of Alpine swifts (Apus melba)"
16890709265,true,2017-02-26 07:24:25.000,-7.74683544303801,9.44999999999999,"stationary","non-breeding site",6.75,13.05,-7.85622593068037,-7.30964467005074,"solar-geolocator","Apus melba","16QM","F61863","Switzerland Biel - Long term study on migratory movement of Alpine swifts (Apus melba)"
16890709266,true,2017-02-26 19:58:02.000,-7.74683544303801,9.44999999999999,"stationary","non-breeding site",6.75,13.05,-7.85622593068037,-7.30964467005074,"solar-geolocator","Apus melba","16QM","F61863","Switzerland Biel - Long term study on migratory movement of Alpine swifts (Apus melba)"
16890709267,true,2017-02-27 07:22:25.000,-7.74683544303801,9.44999999999999,"stationary","non-breeding site",6.75,13.05,-7.85622593068037,-7.30964467005074,"solar-geolocator","Apus melba","16QM","F61863","Switzerland Biel - Long term study on migratory movement of Alpine swifts (Apus melba)"
16890709268,true,2017-02-27 20:00:03.000,-7.74683544303801,9.44999999999999,"stationary","non-breeding site",6.75,13.05,-7.85622593068037,-7.30964467005074,"solar-geolocator","Apus melba","16QM","F61863","Switzerland Biel - Long term study on migratory movement of Alpine swifts (Apus melba)"
16890709269,true,2017-02-28 07:20:26.000,-7.74683544303801,9.44999999999999,"stationary","non-breeding site",6.75,13.05,-7.85622593068037,-7.30964467005074,"solar-geolocator","Apus melba","16QM","F61863","Switzerland Biel - Long term study on migratory movement of Alpine swifts (Apus melba)"
16890709270,true,2017-02-28 20:02:03.000,-7.74683544303801,9.44999999999999,"stationary","non-breeding site",6.75,13.05,-7.85622593068037,-7.30964467005074,"solar-geolocator","Apus melba","16QM","F61863","Switzerland Biel - Long term study on migratory movement of Alpine swifts (Apus melba)"
16890709271,true,2017-03-01 07:18:27.000,-7.74683544303801,9.44999999999999,"stationary","non-breeding site",6.75,13.05,-7.85622593068037,-7.30964467005074,"solar-geolocator","Apus melba","16QM","F61863","Switzerland Biel - Long term study on migratory movement of Alpine swifts (Apus melba)"
16890709272,true,2017-03-01 20:10:04.000,-7.74683544303801,9.44999999999999,"stationary","non-breeding site",6.75,13.05,-7.85622593068037,-7.30964467005074,"solar-geolocator","Apus melba","16QM","F61863","Switzerland Biel - Long term study on migratory movement of Alpine swifts (Apus melba)"
16890709273,true,2017-03-02 07:18:27.000,-7.74683544303801,9.44999999999999,"stationary","non-breeding site",6.75,13.05,-7.85622593068037,-7.30964467005074,"solar-geolocator","Apus melba","16QM","F61863","Switzerland Biel - Long term study on migratory movement of Alpine swifts (Apus melba)"
16890709274,true,2017-03-02 20:08:04.000,-7.74683544303801,9.44999999999999,"stationary","non-breeding site",6.75,13.05,-7.85622593068037,-7.30964467005074,"solar-geolocator","Apus melba","16QM","F61863","Switzerland Biel - Long term study on migratory movement of Alpine swifts (Apus melba)"
16890709275,true,2017-03-03 07:20:28.000,-7.74683544303801,9.44999999999999,"stationary","non-breeding site",6.75,13.05,-7.85622593068037,-7.30964467005074,"solar-geolocator","Apus melba","16QM","F61863","Switzerland Biel - Long term study on migratory movement of Alpine swifts (Apus melba)"
16890709276,true,2017-03-03 20:04:05.000,-7.74683544303801,9.44999999999999,"stationary","non-breeding site",6.75,13.05,-7.85622593068037,-7.30964467005074,"solar-geolocator","Apus melba","16QM","F61863","Switzerland Biel - Long term study on migratory movement of Alpine swifts (Apus melba)"
16890709277,true,2017-03-04 07:14:28.000,-7.74683544303801,9.44999999999999,"stationary","non-breeding site",6.75,13.05,-7.85622593068037,-7.30964467005074,"solar-geolocator","Apus melba","16QM","F61863","Switzerland Biel - Long term study on migratory movement of Alpine swifts (Apus melba)"
16890709278,true,2017-03-04 20:02:06.000,-7.74683544303801,9.44999999999999,"stationary","non-breeding site",6.75,13.05,-7.85622593068037,-7.30964467005074,"solar-geolocator","Apus melba","16QM","F61863","Switzerland Biel - Long term study on migratory movement of Alpine swifts (Apus melba)"
16890709279,true,2017-03-05 07:16:29.000,-7.74683544303801,9.44999999999999,"stationary","non-breeding site",6.75,13.05,-7.85622593068037,-7.30964467005074,"solar-geolocator","Apus melba","16QM","F61863","Switzerland Biel - Long term study on migratory movement of Alpine swifts (Apus melba)"
16890709280,true,2017-03-05 20:08:06.000,-7.74683544303801,9.44999999999999,"stationary","non-breeding site",6.75,13.05,-7.85622593068037,-7.29113924050634,"solar-geolocator","Apus melba","16QM","F61863","Switzerland Biel - Long term study on migratory movement of Alpine swifts (Apus melba)"
16890709281,true,2017-03-06 07:16:29.000,-7.74683544303801,9.44999999999999,"stationary","non-breeding site",6.75,13.05,-7.85622593068037,-7.29113924050634,"solar-geolocator","Apus melba","16QM","F61863","Switzerland Biel - Long term study on migratory movement of Alpine swifts (Apus melba)"
16890709282,true,2017-03-06 20:06:07.000,-7.74683544303801,9.44999999999999,"stationary","non-breeding site",6.75,13.05,-7.85622593068037,-7.29113924050634,"solar-geolocator","Apus melba","16QM","F61863","Switzerland Biel - Long term study on migratory movement of Alpine swifts (Apus melba)"
16890709283,true,2017-03-07 07:18:30.000,-7.74683544303801,9.44999999999999,"stationary","non-breeding site",6.75,13.05,-7.85622593068037,-7.29113924050634,"solar-geolocator","Apus melba","16QM","F61863","Switzerland Biel - Long term study on migratory movement of Alpine swifts (Apus melba)"
16890709284,true,2017-03-07 20:02:07.000,-7.74683544303801,9.44999999999999,"stationary","non-breeding site",6.75,13.05,-7.85622593068037,-7.29113924050634,"solar-geolocator","Apus melba","16QM","F61863","Switzerland Biel - Long term study on migratory movement of Alpine swifts (Apus melba)"
16890709285,true,2017-03-08 07:18:30.000,-7.74683544303801,9.44999999999999,"stationary","non-breeding site",6.75,13.05,-7.85622593068037,-7.29113924050634,"solar-geolocator","Apus melba","16QM","F61863","Switzerland Biel - Long term study on migratory movement of Alpine swifts (Apus melba)"
16890709286,true,2017-03-08 20:06:08.000,-7.74683544303801,9.44999999999999,"stationary","non-breeding site",6.75,13.05,-7.85622593068037,-7.29113924050634,"solar-geolocator","Apus melba","16QM","F61863","Switzerland Biel - Long term study on migratory movement of Alpine swifts (Apus melba)"
16890709287,true,2017-03-09 07:14:31.000,-7.74683544303801,9.44999999999999,"stationary","non-breeding site",6.75,13.05,-7.85622593068037,-7.29113924050634,"solar-geolocator","Apus melba","16QM","F61863","Switzerland Biel - Long term study on migratory movement of Alpine swifts (Apus melba)"
16890709288,true,2017-03-09 20:10:08.000,-7.74683544303801,9.44999999999999,"stationary","non-breeding site",6.75,13.05,-7.85622593068037,-7.29113924050634,"solar-geolocator","Apus melba","16QM","F61863","Switzerland Biel - Long term study on migratory movement of Alpine swifts (Apus melba)"
16890709289,true,2017-03-10 07:16:32.000,-7.74683544303801,9.44999999999999,"stationary","non-breeding site",6.75,13.05,-7.85622593068037,-7.29113924050634,"solar-geolocator","Apus melba","16QM","F61863","Switzerland Biel - Long term study on migratory movement of Alpine swifts (Apus melba)"
16890709290,true,2017-03-10 20:10:09.000,-7.74683544303801,9.44999999999999,"stationary","non-breeding site",6.75,13.05,-7.85622593068037,-7.29113924050634,"solar-geolocator","Apus melba","16QM","F61863","Switzerland Biel - Long term study on migratory movement of Alpine swifts (Apus melba)"
16890709291,true,2017-03-11 07:16:32.000,-7.74683544303801,9.44999999999999,"stationary","non-breeding site",6.75,13.05,-7.85622593068037,-7.29113924050634,"solar-geolocator","Apus melba","16QM","F61863","Switzerland Biel - Long term study on migratory movement of Alpine swifts (Apus melba)"
16890709292,true,2017-03-11 20:16:10.000,-7.74683544303801,9.44999999999999,"stationary","non-breeding site",6.75,13.05,-7.85622593068037,-7.29113924050634,"solar-geolocator","Apus melba","16QM","F61863","Switzerland Biel - Long term study on migratory movement of Alpine swifts (Apus melba)"
16890709293,true,2017-03-12 07:20:33.000,-7.74683544303801,9.44999999999999,"stationary","non-breeding site",6.75,13.05,-7.85622593068037,-7.29113924050634,"solar-geolocator","Apus melba","16QM","F61863","Switzerland Biel - Long term study on migratory movement of Alpine swifts (Apus melba)"
16890709294,true,2017-03-12 20:08:10.000,-7.74683544303801,9.44999999999999,"stationary","non-breeding site",6.75,13.05,-7.85622593068037,-7.29113924050634,"solar-geolocator","Apus melba","16QM","F61863","Switzerland Biel - Long term study on migratory movement of Alpine swifts (Apus melba)"
16890709295,true,2017-03-13 07:14:33.000,-7.74683544303801,9.44999999999999,"stationary","non-breeding site",6.75,13.05,-7.85622593068037,-7.29113924050634,"solar-geolocator","Apus melba","16QM","F61863","Switzerland Biel - Long term study on migratory movement of Alpine swifts (Apus melba)"
16890709296,true,2017-03-13 19:56:11.000,-7.74683544303801,9.44999999999999,"stationary","non-breeding site",6.75,13.05,-7.85622593068037,-7.29113924050634,"solar-geolocator","Apus melba","16QM","F61863","Switzerland Biel - Long term study on migratory movement of Alpine swifts (Apus melba)"
16890709297,true,2017-03-14 07:12:34.000,-7.74683544303801,9.44999999999999,"stationary","non-breeding site",6.75,13.05,-7.85622593068037,-7.29113924050634,"solar-geolocator","Apus melba","16QM","F61863","Switzerland Biel - Long term study on migratory movement of Alpine swifts (Apus melba)"
16890709298,true,2017-03-14 19:58:11.000,-7.74683544303801,9.44999999999999,"stationary","non-breeding site",6.75,13.05,-7.85622593068037,-7.29113924050634,"solar-geolocator","Apus melba","16QM","F61863","Switzerland Biel - Long term study on migratory movement of Alpine swifts (Apus melba)"
16890709299,true,2017-03-15 07:16:35.000,-7.74683544303801,9.44999999999999,"stationary","non-breeding site",6.75,13.05,-7.85622593068037,-7.29113924050634,"solar-geolocator","Apus melba","16QM","F61863","Switzerland Biel - Long term study on migratory movement of Alpine swifts (Apus melba)"
16890709300,true,2017-03-15 20:12:12.000,-7.74683544303801,9.44999999999999,"stationary","non-breeding site",6.75,13.05,-7.85622593068037,-7.29113924050634,"solar-geolocator","Apus melba","16QM","F61863","Switzerland Biel - Long term study on migratory movement of Alpine swifts (Apus melba)"
16890709301,true,2017-03-16 07:20:35.000,-7.74683544303801,9.44999999999999,"stationary","non-breeding site",6.75,13.05,-7.85622593068037,-7.29113924050634,"solar-geolocator","Apus melba","16QM","F61863","Switzerland Biel - Long term study on migratory movement of Alpine swifts (Apus melba)"
16890709302,true,2017-03-16 20:06:12.000,-7.74683544303801,9.44999999999999,"stationary","non-breeding site",6.75,13.05,-7.85622593068037,-7.29113924050634,"solar-geolocator","Apus melba","16QM","F61863","Switzerland Biel - Long term study on migratory movement of Alpine swifts (Apus melba)"
16890709303,true,2017-03-17 07:16:36.000,-7.74683544303801,9.44999999999999,"stationary","non-breeding site",6.75,13.05,-7.85622593068037,-7.29113924050634,"solar-geolocator","Apus melba","16QM","F61863","Switzerland Biel - Long term study on migratory movement of Alpine swifts (Apus melba)"
16890709304,true,2017-03-17 20:04:13.000,-7.74683544303801,9.44999999999999,"stationary","non-breeding site",6.75,13.05,-7.85622593068037,-7.30964467005074,"solar-geolocator","Apus melba","16QM","F61863","Switzerland Biel - Long term study on migratory movement of Alpine swifts (Apus melba)"
16890709305,true,2017-03-18 07:12:36.000,-7.74683544303801,9.44999999999999,"stationary","non-breeding site",6.75,13.05,-7.85622593068037,-7.30964467005074,"solar-geolocator","Apus melba","16QM","F61863","Switzerland Biel - Long term study on migratory movement of Alpine swifts (Apus melba)"
16890709306,true,2017-03-18 20:04:14.000,-7.74683544303801,9.44999999999999,"stationary","non-breeding site",6.75,13.05,-7.85622593068037,-7.30964467005074,"solar-geolocator","Apus melba","16QM","F61863","Switzerland Biel - Long term study on migratory movement of Alpine swifts (Apus melba)"
16890709307,true,2017-03-19 07:16:37.000,-7.74683544303801,9.44999999999999,"stationary","non-breeding site",6.75,13.05,-7.85622593068037,-7.30964467005074,"solar-geolocator","Apus melba","16QM","F61863","Switzerland Biel - Long term study on migratory movement of Alpine swifts (Apus melba)"
16890709308,true,2017-03-19 20:08:14.000,-7.74683544303801,9.44999999999999,"stationary","non-breeding site",6.75,13.05,-7.85622593068037,-7.30964467005074,"solar-geolocator","Apus melba","16QM","F61863","Switzerland Biel - Long term study on migratory movement of Alpine swifts (Apus melba)"
16890709309,true,2017-03-20 07:20:37.000,-7.74683544303801,9.44999999999999,"stationary","non-breeding site",6.75,13.05,-7.85622593068037,-7.30964467005074,"solar-geolocator","Apus melba","16QM","F61863","Switzerland Biel - Long term study on migratory movement of Alpine swifts (Apus melba)"
16890709310,true,2017-03-20 20:00:15.000,-7.74683544303801,9.44999999999999,"stationary","non-breeding site",6.75,13.05,-7.85622593068037,-7.30964467005074,"solar-geolocator","Apus melba","16QM","F61863","Switzerland Biel - Long term study on migratory movement of Alpine swifts (Apus melba)"
16890709311,true,2017-03-21 07:12:38.000,-7.74683544303801,9.44999999999999,"stationary","non-breeding site",6.30000000000001,13.05,-7.85622593068037,-7.30964467005074,"solar-geolocator","Apus melba","16QM","F61863","Switzerland Biel - Long term study on migratory movement of Alpine swifts (Apus melba)"
16890709312,true,2017-03-21 20:00:15.000,-7.74683544303801,9.44999999999999,"stationary","non-breeding site",6.30000000000001,13.05,-7.85622593068037,-7.30964467005074,"solar-geolocator","Apus melba","16QM","F61863","Switzerland Biel - Long term study on migratory movement of Alpine swifts (Apus melba)"
16890709313,true,2017-03-22 07:10:39.000,-7.74683544303801,9.44999999999999,"stationary","non-breeding site",6.30000000000001,13.05,-7.85622593068037,-7.30964467005074,"solar-geolocator","Apus melba","16QM","F61863","Switzerland Biel - Long term study on migratory movement of Alpine swifts (Apus melba)"
16890709314,true,2017-03-22 19:58:16.000,-7.74683544303801,9.44999999999999,"stationary","non-breeding site",6.30000000000001,13.05,-7.85622593068037,-7.30964467005074,"solar-geolocator","Apus melba","16QM","F61863","Switzerland Biel - Long term study on migratory movement of Alpine swifts (Apus melba)"
16890709315,true,2017-03-23 07:08:39.000,-7.74683544303801,9.44999999999999,"stationary","non-breeding site",6.30000000000001,13.05,-7.85622593068037,-7.29113924050634,"solar-geolocator","Apus melba","16QM","F61863","Switzerland Biel - Long term study on migratory movement of Alpine swifts (Apus melba)"
16890709316,true,2017-03-23 19:56:16.000,-7.74683544303801,9.44999999999999,"stationary","non-breeding site",6.30000000000001,13.05,-7.85622593068037,-7.29113924050634,"solar-geolocator","Apus melba","16QM","F61863","Switzerland Biel - Long term study on migratory movement of Alpine swifts (Apus melba)"
16890709317,true,2017-03-24 07:08:40.000,-7.74683544303801,9.44999999999999,"stationary","non-breeding site",6.30000000000001,13.05,-7.85622593068037,-7.29113924050634,"solar-geolocator","Apus melba","16QM","F61863","Switzerland Biel - Long term study on migratory movement of Alpine swifts (Apus melba)"
16890709318,true,2017-03-24 19:54:17.000,-7.74683544303801,9.44999999999999,"stationary","non-breeding site",6.30000000000001,13.05,-7.85622593068037,-7.29113924050634,"solar-geolocator","Apus melba","16QM","F61863","Switzerland Biel - Long term study on migratory movement of Alpine swifts (Apus melba)"
16890709319,true,2017-03-25 07:06:40.000,-7.74683544303801,9.44999999999999,"stationary","non-breeding site",6.30000000000001,13.05,-7.85622593068037,-7.29113924050634,"solar-geolocator","Apus melba","16QM","F61863","Switzerland Biel - Long term study on migratory movement of Alpine swifts (Apus melba)"
16890709320,true,2017-03-25 20:02:18.000,-7.74683544303801,9.44999999999999,"stationary","non-breeding site",6.30000000000001,14.85,-7.91720569210864,-7.29113924050634,"solar-geolocator","Apus melba","16QM","F61863","Switzerland Biel - Long term study on migratory movement of Alpine swifts (Apus melba)"
16890709321,true,2017-03-26 08:10:41.000,-7.74683544303801,9.44999999999999,"stationary","non-breeding site",6.30000000000001,14.85,-7.91720569210864,-7.29113924050634,"solar-geolocator","Apus melba","16QM","F61863","Switzerland Biel - Long term study on migratory movement of Alpine swifts (Apus melba)"
16890709322,true,2017-03-26 21:00:18.000,-7.74683544303801,9.44999999999999,"stationary","non-breeding site",6.30000000000001,14.85,-7.91720569210864,-7.29113924050634,"solar-geolocator","Apus melba","16QM","F61863","Switzerland Biel - Long term study on migratory movement of Alpine swifts (Apus melba)"
16890709323,true,2017-03-27 08:06:41.000,-7.74683544303801,9.44999999999999,"stationary","non-breeding site",6.30000000000001,14.85,-7.91720569210864,-7.29113924050634,"solar-geolocator","Apus melba","16QM","F61863","Switzerland Biel - Long term study on migratory movement of Alpine swifts (Apus melba)"
16890709324,true,2017-03-27 21:04:19.000,-7.74683544303801,9.44999999999999,"stationary","non-breeding site",6.30000000000001,14.85,-8.49279161205766,-7.29113924050634,"solar-geolocator","Apus melba","16QM","F61863","Switzerland Biel - Long term study on migratory movement of Alpine swifts (Apus melba)"
16890709228,true,2017-03-28 08:10:42.000,-7.76649746192896,9.90000000000001,"movement","migration",6.75,20.7,-12.1457489878543,-7.21925133689839,"solar-geolocator","Apus melba","16QM","F61863","Switzerland Biel - Long term study on migratory movement of Alpine swifts (Apus melba)"
16890709223,true,2017-03-28 21:18:19.000,-7.78625954198477,10.8,"stationary","migration",6.75,23.4,-12.7391874180865,-7.27272727272731,"solar-geolocator","Apus melba","16QM","F61863","Switzerland Biel - Long term study on migratory movement of Alpine swifts (Apus melba)"
16890707457,true,2017-03-29 08:16:43.000,-12.8395061728395,22.05,"movement","migration",7.2,27.0,-14.2292490118577,-7.71752837326612,"solar-geolocator","Apus melba","16QM","F61863","Switzerland Biel - Long term study on migratory movement of Alpine swifts (Apus melba)"
16890707448,true,2017-03-29 21:36:20.000,-13.1174089068826,22.5,"movement","migration",15.75,27.45,-14.4198895027624,-11.889035667107,"solar-geolocator","Apus melba","16QM","F61863","Switzerland Biel - Long term study on migratory movement of Alpine swifts (Apus melba)"
16890707449,true,2017-03-30 08:24:43.000,-13.1174089068826,22.5,"stationary","migration",15.75,27.45,-14.3603851444292,-11.889035667107,"solar-geolocator","Apus melba","16QM","F61863","Switzerland Biel - Long term study on migratory movement of Alpine swifts (Apus melba)"
16890707450,true,2017-03-30 21:44:20.000,-13.1174089068826,22.5,"stationary","migration",16.2,27.45,-14.3603851444292,-11.889035667107,"solar-geolocator","Apus melba","16QM","F61863","Switzerland Biel - Long term study on migratory movement of Alpine swifts (Apus melba)"
16890707451,true,2017-03-31 08:20:44.000,-13.1174089068826,22.5,"stationary","migration",16.2,27.45,-14.3046357615894,-11.8844566712517,"solar-geolocator","Apus melba","16QM","F61863","Switzerland Biel - Long term study on migratory movement of Alpine swifts (Apus melba)"
16890707452,true,2017-03-31 21:34:21.000,-13.0645161290323,22.95,"stationary","migration",16.2,27.9,-14.2622950819672,-11.5817694369973,"solar-geolocator","Apus melba","16QM","F61863","Switzerland Biel - Long term study on migratory movement of Alpine swifts (Apus melba)"
16890707453,true,2017-04-01 08:08:44.000,-13.0362116991644,22.95,"stationary","migration",17.1,31.05,-14.320987654321,-11.2043301759134,"solar-geolocator","Apus melba","16QM","F61863","Switzerland Biel - Long term study on migratory movement of Alpine swifts (Apus melba)"
16890709883,true,2017-04-01 21:16:22.000,-4.37689969604864,32.4,"movement","migration",21.6,37.35,-7.92297111416781,-2.74809160305348,"solar-geolocator","Apus melba","16QM","F61863","Switzerland Biel - Long term study on migratory movement of Alpine swifts (Apus melba)"
16890709884,true,2017-04-02 07:40:45.000,-4.37689969604864,32.4,"stationary","migration",22.05,37.35,-7.63790664780765,-2.7355623100304,"solar-geolocator","Apus melba","16QM","F61863","Switzerland Biel - Long term study on migratory movement of Alpine swifts (Apus melba)"
16890709895,true,2017-04-02 21:04:22.000,-3.78947368421055,34.2,"movement","migration",24.3,40.5,-6.31578947368422,-1.12500000000002,"solar-geolocator","Apus melba","16QM","F61863","Switzerland Biel - Long term study on migratory movement of Alpine swifts (Apus melba)"
16890709898,true,2017-04-03 07:20:45.000,-3.52941176470589,35.1,"movement","migration",27.45,40.95,-5.57746478873239,-1.08761329305137,"solar-geolocator","Apus melba","16QM","F61863","Switzerland Biel - Long term study on migratory movement of Alpine swifts (Apus melba)"
16890709901,true,2017-04-03 21:08:23.000,-3.37500000000003,35.1,"stationary","migration",28.8,41.4,-5.51532033426184,-0.600000000000028,"solar-geolocator","Apus melba","16QM","F61863","Switzerland Biel - Long term study on migratory movement of Alpine swifts (Apus melba)"
16890709903,true,2017-04-04 07:20:46.000,-3.33848531684701,35.1,"stationary","migration",30.6,41.4,-4.87218045112783,-0.580645161290314,"solar-geolocator","Apus melba","16QM","F61863","Switzerland Biel - Long term study on migratory movement of Alpine swifts (Apus melba)"
16890709905,true,2017-04-04 21:14:23.000,-3.26283987915408,35.55,"stationary","migration",30.6,42.3,-4.84304932735428,0.0,"solar-geolocator","Apus melba","16QM","F61863","Switzerland Biel - Long term study on migratory movement of Alpine swifts (Apus melba)"
16890709906,true,2017-04-05 07:06:47.000,-3.18114874815906,36.0,"stationary","migration",31.05,42.75,-4.55696202531643,0.617495711835334,"solar-geolocator","Apus melba","16QM","F61863","Switzerland Biel - Long term study on migratory movement of Alpine swifts (Apus melba)"
16890709931,true,2017-04-05 21:06:24.000,-0.604026845637602,39.6,"movement","migration",31.5,45.0,-4.39694656488552,2.45315161839864,"solar-geolocator","Apus melba","16QM","F61863","Switzerland Biel - Long term study on migratory movement of Alpine swifts (Apus melba)"
16890709946,true,2017-04-06 07:02:47.000,0.6,41.4,"movement","migration",36.0,45.45,-2.7355623100304,2.5668449197861,"solar-geolocator","Apus melba","16QM","F61863","Switzerland Biel - Long term study on migratory movement of Alpine swifts (Apus melba)"
16890709947,true,2017-04-06 21:04:24.000,0.617495711835334,41.85,"stationary","migration",36.9,45.9,-1.8,3.1304347826087,"solar-geolocator","Apus melba","16QM","F61863","Switzerland Biel - Long term study on migratory movement of Alpine swifts (Apus melba)"
16890709948,true,2017-04-07 06:44:48.000,0.662983425414365,41.85,"stationary","migration",37.35,46.35,-1.20805369127519,3.6241610738255,"solar-geolocator","Apus melba","16QM","F61863","Switzerland Biel - Long term study on migratory movement of Alpine swifts (Apus melba)"
16890709949,true,2017-04-07 20:58:25.000,1.16129032258065,41.85,"stationary","migration",37.8,46.8,-1.19999999999999,4.42105263157895,"solar-geolocator","Apus melba","16QM","F61863","Switzerland Biel - Long term study on migratory movement of Alpine swifts (Apus melba)"
16890709984,true,2016-10-10 19:41:26.000,7.29281767955801,47.25,"movement","migration",36.45,47.25,2.2360248447205,7.29281767955801,"solar-geolocator","Apus melba","18DZ","F56665","Switzerland Biel - Long term study on migratory movement of Alpine swifts (Apus melba)"
16890709934,true,2016-10-11 07:19:50.000,0.001,36.9,"movement","migration",31.5,45.0,-0.527859237536687,3.18021201413428,"solar-geolocator","Apus melba","18DZ","F56665","Switzerland Biel - Long term study on migratory movement of Alpine swifts (Apus melba)"
16890709935,true,2016-10-11 19:51:28.000,0.001,36.45,"stationary","migration",31.5,43.2,-0.527859237536687,2.74809160305343,"solar-geolocator","Apus melba","18DZ","F56665","Switzerland Biel - Long term study on migratory movement of Alpine swifts (Apus melba)"
16890709936,true,2016-10-12 07:25:51.000,0.001,36.45,"stationary","migration",28.35,43.2,-0.527859237536687,2.2360248447205,"solar-geolocator","Apus melba","18DZ","F56665","Switzerland Biel - Long term study on migratory movement of Alpine swifts (Apus melba)"
16890709937,true,2016-10-12 19:59:29.000,0.001,36.45,"stationary","migration",28.35,43.2,-0.527859237536687,2.2360248447205,"solar-geolocator","Apus melba","18DZ","F56665","Switzerland Biel - Long term study on migratory movement of Alpine swifts (Apus melba)"
16890709938,true,2016-10-13 07:25:53.000,0.001,36.45,"stationary","migration",25.65,41.85,-0.998613037447993,1.23499142367067,"solar-geolocator","Apus melba","18DZ","F56665","Switzerland Biel - Long term study on migratory movement of Alpine swifts (Apus melba)"
16890709939,true,2016-10-13 20:03:31.000,0.001,36.0,"stationary","migration",18.9,40.5,-0.998613037447993,1.23499142367067,"solar-geolocator","Apus melba","18DZ","F56665","Switzerland Biel - Long term study on migratory movement of Alpine swifts (Apus melba)"
16890709940,true,2016-10-14 07:27:55.000,0.001,35.1,"stationary","migration",18.9,40.5,-0.998613037447993,1.23499142367067,"solar-geolocator","Apus melba","18DZ","F56665","Switzerland Biel - Long term study on migratory movement of Alpine swifts (Apus melba)"
16890709941,true,2016-10-14 19:57:33.000,0.001,35.1,"stationary","migration",18.9,40.5,-0.998613037447993,1.23499142367067,"solar-geolocator","Apus melba","18DZ","F56665","Switzerland Biel - Long term study on migratory movement of Alpine swifts (Apus melba)"
16890709942,true,2016-10-15 07:31:56.000,0.001,35.1,"movement","migration",18.9,40.5,-1.01408450704226,1.23499142367067,"solar-geolocator","Apus melba","18DZ","F56665","Switzerland Biel - Long term study on migratory movement of Alpine swifts (Apus melba)"
16890709943,true,2016-10-15 20:05:34.000,0.001,32.4,"movement","migration",18.9,38.7,-2.97111416781295,1.92513368983957,"solar-geolocator","Apus melba","18DZ","F56665","Switzerland Biel - Long term study on migratory movement of Alpine swifts (Apus melba)"
16890709944,true,2016-10-16 07:35:57.000,0.001,27.9,"movement","migration",12.15,37.8,-4.87144790257105,1.11801242236025,"solar-geolocator","Apus melba","18DZ","F56665","Switzerland Biel - Long term study on migratory movement of Alpine swifts (Apus melba)"
16890709873,true,2016-10-16 20:23:36.000,-4.81283422459894,20.7,"movement","migration",12.15,27.9,-6.56381486676021,-0.958721704394149,"solar-geolocator","Apus melba","18DZ","F56665","Switzerland Biel - Long term study on migratory movement of Alpine swifts (Apus melba)"
16890709874,true,2016-10-17 07:44:26.000,-4.81283422459894,20.7,"stationary","migration",12.15,27.9,-6.56381486676021,-0.958721704394149,"solar-geolocator","Apus melba","18DZ","F56665","Switzerland Biel - Long term study on migratory movement of Alpine swifts (Apus melba)"
16890708180,true,2016-10-17 20:37:38.000,-10.1668806161746,13.95,"movement","migration",12.6,27.0,-10.6426735218509,-4.88466757123477,"solar-geolocator","Apus melba","18DZ","F56665","Switzerland Biel - Long term study on migratory movement of Alpine swifts (Apus melba)"
16890708181,true,2016-10-18 08:02:01.000,-10.1668806161746,13.5,"movement","migration",12.6,18.45,-10.6426735218509,-9.71722365038563,"solar-geolocator","Apus melba","18DZ","F56665","Switzerland Biel - Long term study on migratory movement of Alpine swifts (Apus melba)"
16890708183,true,2016-10-18 20:47:39.000,-10.1668806161746,13.5,"stationary","migration",12.6,15.75,-10.6426735218509,-9.71722365038563,"solar-geolocator","Apus melba","18DZ","F56665","Switzerland Biel - Long term study on migratory movement of Alpine swifts (Apus melba)"
16890708186,true,2016-10-19 08:08:03.000,-10.1668806161746,13.5,"stationary","non-breeding site",12.6,15.3,-10.6290115532735,-9.71722365038563,"solar-geolocator","Apus melba","18DZ","F56665","Switzerland Biel - Long term study on migratory movement of Alpine swifts (Apus melba)"
16890708187,true,2016-10-19 20:47:41.000,-10.1668806161746,13.05,"stationary","non-breeding site",12.6,15.3,-10.6426735218509,-9.71722365038563,"solar-geolocator","Apus melba","18DZ","F56665","Switzerland Biel - Long term study on migratory movement of Alpine swifts (Apus melba)"
16890708190,true,2016-10-20 08:06:05.000,-10.1668806161746,13.05,"stationary","non-breeding site",12.6,15.3,-10.6290115532735,-9.71722365038563,"solar-geolocator","Apus melba","18DZ","F56665","Switzerland Biel - Long term study on migratory movement of Alpine swifts (Apus melba)"
16890708191,true,2016-10-20 20:41:43.000,-10.1668806161746,13.05,"stationary","non-breeding site",12.6,15.3,-10.6290115532735,-9.71722365038563,"solar-geolocator","Apus melba","18DZ","F56665","Switzerland Biel - Long term study on migratory movement of Alpine swifts (Apus melba)"
16890708194,true,2016-10-21 08:06:07.000,-10.1668806161746,13.05,"stationary","non-breeding site",12.6,15.3,-10.6017925736236,-9.71722365038563,"solar-geolocator","Apus melba","18DZ","F56665","Switzerland Biel - Long term study on migratory movement of Alpine swifts (Apus melba)"
16890708195,true,2016-10-21 20:43:44.000,-10.1668806161746,13.05,"stationary","non-breeding site",12.6,15.3,-10.6017925736236,-9.71722365038563,"solar-geolocator","Apus melba","18DZ","F56665","Switzerland Biel - Long term study on migratory movement of Alpine swifts (Apus melba)"
16890708198,true,2016-10-22 08:06:08.000,-10.1668806161746,13.05,"stationary","non-breeding site",12.6,14.85,-10.3529411764706,-9.71722365038563,"solar-geolocator","Apus melba","18DZ","F56665","Switzerland Biel - Long term study on migratory movement of Alpine swifts (Apus melba)"
16890708199,true,2016-10-22 20:39:46.000,-10.1668806161746,13.05,"stationary","non-breeding site",12.6,14.85,-10.3394255874674,-9.71722365038563,"solar-geolocator","Apus melba","18DZ","F56665","Switzerland Biel - Long term study on migratory movement of Alpine swifts (Apus melba)"
16890708202,true,2016-10-23 08:08:10.000,-10.1668806161746,13.05,"stationary","non-breeding site",12.6,14.85,-10.299727520436,-9.71722365038563,"solar-geolocator","Apus melba","18DZ","F56665","Switzerland Biel - Long term study on migratory movement of Alpine swifts (Apus melba)"
16890708203,true,2016-10-23 20:37:48.000,-10.1668806161746,13.05,"stationary","non-breeding site",12.6,14.85,-10.407358738502,-9.74226804123712,"solar-geolocator","Apus melba","18DZ","F56665","Switzerland Biel - Long term study on migratory movement of Alpine swifts (Apus melba)"
16890708206,true,2016-10-24 08:06:12.000,-10.1668806161746,13.05,"stationary","non-breeding site",12.6,14.85,-10.259067357513,-9.71722365038563,"solar-geolocator","Apus melba","18DZ","F56665","Switzerland Biel - Long term study on migratory movement of Alpine swifts (Apus melba)"
16890708207,true,2016-10-24 20:33:49.000,-10.1668806161746,13.05,"stationary","non-breeding site",12.6,14.85,-10.259067357513,-9.74226804123712,"solar-geolocator","Apus melba","18DZ","F56665","Switzerland Biel - Long term study on migratory movement of Alpine swifts (Apus melba)"
16890708209,true,2016-10-25 08:06:13.000,-10.1668806161746,13.05,"stationary","non-breeding site",12.6,14.85,-10.259067357513,-9.74226804123712,"solar-geolocator","Apus melba","18DZ","F56665","Switzerland Biel - Long term study on migratory movement of Alpine swifts (Apus melba)"
16890708211,true,2016-10-25 20:41:51.000,-10.1668806161746,13.05,"stationary","non-breeding site",12.6,14.4,-10.259067357513,-9.74226804123712,"solar-geolocator","Apus melba","18DZ","F56665","Switzerland Biel - Long term study on migratory movement of Alpine swifts (Apus melba)"
16890708258,true,2016-10-26 08:02:15.000,-10.1408450704225,12.6,"stationary","non-breeding site",12.6,14.4,-10.2193548387097,-9.71722365038563,"solar-geolocator","Apus melba","18DZ","F56665","Switzerland Biel - Long term study on migratory movement of Alpine swifts (Apus melba)"
16890708259,true,2016-10-26 20:39:53.000,-10.1408450704225,12.6,"stationary","non-breeding site",12.15,14.4,-10.2193548387097,-9.75483870967743,"solar-geolocator","Apus melba","18DZ","F56665","Switzerland Biel - Long term study on migratory movement of Alpine swifts (Apus melba)"
16890708260,true,2016-10-27 08:06:17.000,-10.1408450704225,12.6,"stationary","non-breeding site",12.6,14.4,-10.2193548387097,-9.75483870967743,"solar-geolocator","Apus melba","18DZ","F56665","Switzerland Biel - Long term study on migratory movement of Alpine swifts (Apus melba)"
16890708261,true,2016-10-27 20:39:56.000,-10.1408450704225,12.6,"stationary","non-breeding site",12.15,14.4,-10.259067357513,-10.1149425287357,"solar-geolocator","Apus melba","18DZ","F56665","Switzerland Biel - Long term study on migratory movement of Alpine swifts (Apus melba)"
16890708262,true,2016-10-28 08:06:18.000,-10.1408450704225,12.6,"stationary","non-breeding site",12.15,14.4,-10.2457956015524,-10.1149425287357,"solar-geolocator","Apus melba","18DZ","F56665","Switzerland Biel - Long term study on migratory movement of Alpine swifts (Apus melba)"
16890708263,true,2016-10-28 20:41:56.000,-10.1408450704225,12.6,"stationary","non-breeding site",12.15,14.4,-10.2457956015524,-10.1149425287357,"solar-geolocator","Apus melba","18DZ","F56665","Switzerland Biel - Long term study on migratory movement of Alpine swifts (Apus melba)"
16890708264,true,2016-10-29 08:04:20.000,-10.1408450704225,12.6,"stationary","non-breeding site",12.15,14.4,-10.2457956015524,-10.1149425287357,"solar-geolocator","Apus melba","18DZ","F56665","Switzerland Biel - Long term study on migratory movement of Alpine swifts (Apus melba)"
16890708265,true,2016-10-29 20:39:58.000,-10.1408450704225,12.6,"stationary","non-breeding site",12.15,14.4,-10.2457956015524,-10.1149425287357,"solar-geolocator","Apus melba","18DZ","F56665","Switzerland Biel - Long term study on migratory movement of Alpine swifts (Apus melba)"
16890708266,true,2016-10-30 07:06:22.000,-10.1408450704225,12.6,"stationary","non-breeding site",12.15,13.95,-10.2457956015524,-10.1149425287357,"solar-geolocator","Apus melba","18DZ","F56665","Switzerland Biel - Long term study on migratory movement of Alpine swifts (Apus melba)"
16890708267,true,2016-10-30 19:40:00.000,-10.1408450704225,12.6,"stationary","non-breeding site",12.15,14.4,-10.2457956015524,-10.1149425287357,"solar-geolocator","Apus melba","18DZ","F56665","Switzerland Biel - Long term study on migratory movement of Alpine swifts (Apus melba)"
16890708268,true,2016-10-31 07:08:23.000,-10.1408450704225,12.6,"stationary","non-breeding site",12.15,13.95,-10.259067357513,-10.1149425287357,"solar-geolocator","Apus melba","18DZ","F56665","Switzerland Biel - Long term study on migratory movement of Alpine swifts (Apus melba)"
16890708269,true,2016-10-31 19:40:01.000,-10.1408450704225,12.6,"stationary","non-breeding site",12.15,14.4,-10.259067357513,-10.1149425287357,"solar-geolocator","Apus melba","18DZ","F56665","Switzerland Biel - Long term study on migratory movement of Alpine swifts (Apus melba)"
16890708270,true,2016-11-01 07:08:25.000,-10.1408450704225,12.6,"stationary","non-breeding site",12.15,13.95,-10.259067357513,-10.1149425287357,"solar-geolocator","Apus melba","18DZ","F56665","Switzerland Biel - Long term study on migratory movement of Alpine swifts (Apus melba)"
16890708271,true,2016-11-01 19:36:03.000,-10.1408450704225,12.6,"stationary","non-breeding site",12.15,13.95,-10.259067357513,-10.1149425287357,"solar-geolocator","Apus melba","18DZ","F56665","Switzerland Biel - Long term study on migratory movement of Alpine swifts (Apus melba)"
16890708272,true,2016-11-02 07:14:27.000,-10.1408450704225,12.6,"stationary","non-breeding site",12.15,13.95,-10.2061855670104,-10.1149425287357,"solar-geolocator","Apus melba","18DZ","F56665","Switzerland Biel - Long term study on migratory movement of Alpine swifts (Apus melba)"
16890708273,true,2016-11-02 19:38:05.000,-10.1408450704225,12.6,"stationary","non-breeding site",12.15,13.95,-10.2061855670104,-10.1149425287357,"solar-geolocator","Apus melba","18DZ","F56665","Switzerland Biel - Long term study on migratory movement of Alpine swifts (Apus melba)"
16890708274,true,2016-11-03 07:14:29.000,-10.1408450704225,12.6,"stationary","non-breeding site",12.15,13.95,-10.2061855670104,-10.1149425287357,"solar-geolocator","Apus melba","18DZ","F56665","Switzerland Biel - Long term study on migratory movement of Alpine swifts (Apus melba)"
16890708275,true,2016-11-03 19:32:06.000,-10.1408450704225,12.6,"stationary","non-breeding site",12.15,13.95,-10.2061855670104,-10.1278772378517,"solar-geolocator","Apus melba","18DZ","F56665","Switzerland Biel - Long term study on migratory movement of Alpine swifts (Apus melba)"
16890708276,true,2016-11-04 07:14:30.000,-10.1408450704225,12.6,"stationary","non-breeding site",12.15,13.95,-10.2061855670104,-10.1278772378517,"solar-geolocator","Apus melba","18DZ","F56665","Switzerland Biel - Long term study on migratory movement of Alpine swifts (Apus melba)"
16890708277,true,2016-11-04 19:32:08.000,-10.1408450704225,12.6,"stationary","non-breeding site",12.15,13.95,-10.2061855670104,-10.1278772378517,"solar-geolocator","Apus melba","18DZ","F56665","Switzerland Biel - Long term study on migratory movement of Alpine swifts (Apus melba)"
16890708278,true,2016-11-05 07:14:32.000,-10.1408450704225,12.6,"stationary","non-breeding site",12.15,13.5,-10.1799485861183,-10.1278772378517,"solar-geolocator","Apus melba","18DZ","F56665","Switzerland Biel - Long term study on migratory movement of Alpine swifts (Apus melba)"
16890708279,true,2016-11-05 19:36:10.000,-10.1408450704225,12.6,"stationary","non-breeding site",12.15,13.5,-10.1799485861183,-10.1149425287357,"solar-geolocator","Apus melba","18DZ","F56665","Switzerland Biel - Long term study on migratory movement of Alpine swifts (Apus melba)"
16890708280,true,2016-11-06 07:12:34.000,-10.1408450704225,12.6,"stationary","non-breeding site",12.15,13.5,-10.1799485861183,-10.1149425287357,"solar-geolocator","Apus melba","18DZ","F56665","Switzerland Biel - Long term study on migratory movement of Alpine swifts (Apus melba)"
16890708281,true,2016-11-06 19:40:11.000,-10.1408450704225,12.6,"stationary","non-breeding site",11.7,13.5,-10.1799485861183,-10.1149425287357,"solar-geolocator","Apus melba","18DZ","F56665","Switzerland Biel - Long term study on migratory movement of Alpine swifts (Apus melba)"
16890708282,true,2016-11-07 07:10:35.000,-10.1408450704225,12.6,"stationary","non-breeding site",11.7,13.5,-10.1799485861183,-10.1149425287357,"solar-geolocator","Apus melba","18DZ","F56665","Switzerland Biel - Long term study on migratory movement of Alpine swifts (Apus melba)"
16890708283,true,2016-11-07 19:38:13.000,-10.1408450704225,12.6,"stationary","non-breeding site",11.7,13.5,-10.1799485861183,-10.1149425287357,"solar-geolocator","Apus melba","18DZ","F56665","Switzerland Biel - Long term study on migratory movement of Alpine swifts (Apus melba)"
16890708284,true,2016-11-08 07:08:37.000,-10.1408450704225,12.6,"stationary","non-breeding site",11.7,13.5,-10.1799485861183,-10.1149425287357,"solar-geolocator","Apus melba","18DZ","F56665","Switzerland Biel - Long term study on migratory movement of Alpine swifts (Apus melba)"
16890708285,true,2016-11-08 19:38:15.000,-10.1408450704225,12.6,"stationary","non-breeding site",11.7,13.5,-10.1799485861183,-10.1149425287357,"solar-geolocator","Apus melba","18DZ","F56665","Switzerland Biel - Long term study on migratory movement of Alpine swifts (Apus melba)"
16890708286,true,2016-11-09 07:06:39.000,-10.1408450704225,12.6,"stationary","non-breeding site",11.7,13.5,-10.1799485861183,-10.1149425287357,"solar-geolocator","Apus melba","18DZ","F56665","Switzerland Biel - Long term study on migratory movement of Alpine swifts (Apus melba)"
16890708287,true,2016-11-09 19:38:17.000,-10.1408450704225,12.6,"stationary","non-breeding site",11.7,13.5,-10.1799485861183,-10.1149425287357,"solar-geolocator","Apus melba","18DZ","F56665","Switzerland Biel - Long term study on migratory movement of Alpine swifts (Apus melba)"
16890708288,true,2016-11-10 07:12:40.000,-10.1408450704225,12.6,"stationary","non-breeding site",11.7,13.95,-10.2061855670104,-10.1149425287357,"solar-geolocator","Apus melba","18DZ","F56665","Switzerland Biel - Long term study on migratory movement of Alpine swifts (Apus melba)"
16890708289,true,2016-11-10 19:38:18.000,-10.1408450704225,12.6,"stationary","non-breeding site",11.7,13.95,-10.2061855670104,-10.1149425287357,"solar-geolocator","Apus melba","18DZ","F56665","Switzerland Biel - Long term study on migratory movement of Alpine swifts (Apus melba)"
16890708290,true,2016-11-11 07:10:42.000,-10.1408450704225,12.6,"stationary","non-breeding site",11.7,13.95,-10.2061855670104,-10.1149425287357,"solar-geolocator","Apus melba","18DZ","F56665","Switzerland Biel - Long term study on migratory movement of Alpine swifts (Apus melba)"
16890708291,true,2016-11-11 19:36:20.000,-10.1408450704225,12.6,"stationary","non-breeding site",11.7,13.95,-10.1799485861183,-10.1149425287357,"solar-geolocator","Apus melba","18DZ","F56665","Switzerland Biel - Long term study on migratory movement of Alpine swifts (Apus melba)"
16890708292,true,2016-11-12 07:12:44.000,-10.1408450704225,12.6,"stationary","non-breeding site",11.7,13.05,-10.1668806161746,-10.1149425287357,"solar-geolocator","Apus melba","18DZ","F56665","Switzerland Biel - Long term study on migratory movement of Alpine swifts (Apus melba)"
16890708293,true,2016-11-12 19:38:22.000,-10.1408450704225,12.6,"stationary","non-breeding site",11.7,13.05,-10.1668806161746,-10.1149425287357,"solar-geolocator","Apus melba","18DZ","F56665","Switzerland Biel - Long term study on migratory movement of Alpine swifts (Apus melba)"
16890708294,true,2016-11-13 07:10:45.000,-10.1408450704225,12.6,"stationary","non-breeding site",11.7,13.05,-10.1668806161746,-10.1149425287357,"solar-geolocator","Apus melba","18DZ","F56665","Switzerland Biel - Long term study on migratory movement of Alpine swifts (Apus melba)"
16890708295,true,2016-11-13 19:36:23.000,-10.1408450704225,12.6,"stationary","non-breeding site",11.7,13.05,-10.1668806161746,-10.1149425287357,"solar-geolocator","Apus melba","18DZ","F56665","Switzerland Biel - Long term study on migratory movement of Alpine swifts (Apus melba)"
16890708296,true,2016-11-14 07:12:30.000,-10.1408450704225,12.6,"stationary","non-breeding site",11.7,13.05,-10.1668806161746,-10.1149425287357,"solar-geolocator","Apus melba","18DZ","F56665","Switzerland Biel - Long term study on migratory movement of Alpine swifts (Apus melba)"
16890708297,true,2016-11-14 19:32:25.000,-10.1408450704225,12.6,"stationary","non-breeding site",11.7,13.05,-10.1668806161746,-10.1149425287357,"solar-geolocator","Apus melba","18DZ","F56665","Switzerland Biel - Long term study on migratory movement of Alpine swifts (Apus melba)"
16890708298,true,2016-11-15 07:12:49.000,-10.1408450704225,12.6,"stationary","non-breeding site",11.7,13.05,-10.1668806161746,-10.1149425287357,"solar-geolocator","Apus melba","18DZ","F56665","Switzerland Biel - Long term study on migratory movement of Alpine swifts (Apus melba)"
16890708299,true,2016-11-15 19:36:27.000,-10.1408450704225,12.6,"stationary","non-breeding site",11.7,13.05,-10.1668806161746,-10.1149425287357,"solar-geolocator","Apus melba","18DZ","F56665","Switzerland Biel - Long term study on migratory movement of Alpine swifts (Apus melba)"
16890708300,true,2016-11-16 07:12:50.000,-10.1408450704225,12.6,"stationary","non-breeding site",11.7,13.05,-10.1668806161746,-10.1149425287357,"solar-geolocator","Apus melba","18DZ","F56665","Switzerland Biel - Long term study on migratory movement of Alpine swifts (Apus melba)"
16890708301,true,2016-11-16 19:40:28.000,-10.1408450704225,12.6,"stationary","non-breeding site",11.7,13.05,-10.1668806161746,-10.1149425287357,"solar-geolocator","Apus melba","18DZ","F56665","Switzerland Biel - Long term study on migratory movement of Alpine swifts (Apus melba)"
16890708302,true,2016-11-17 07:08:52.000,-10.1408450704225,12.6,"stationary","non-breeding site",11.7,13.05,-10.1668806161746,-10.1149425287357,"solar-geolocator","Apus melba","18DZ","F56665","Switzerland Biel - Long term study on migratory movement of Alpine swifts (Apus melba)"
16890708303,true,2016-11-17 19:36:30.000,-10.1408450704225,12.6,"stationary","non-breeding site",11.7,13.05,-10.1668806161746,-10.1149425287357,"solar-geolocator","Apus melba","18DZ","F56665","Switzerland Biel - Long term study on migratory movement of Alpine swifts (Apus melba)"
16890708304,true,2016-11-18 07:12:54.000,-10.1408450704225,12.6,"stationary","non-breeding site",11.7,13.05,-10.1668806161746,-10.1149425287357,"solar-geolocator","Apus melba","18DZ","F56665","Switzerland Biel - Long term study on migratory movement of Alpine swifts (Apus melba)"
16890708305,true,2016-11-18 19:38:32.000,-10.1408450704225,12.6,"stationary","non-breeding site",11.7,13.05,-10.1668806161746,-10.1149425287357,"solar-geolocator","Apus melba","18DZ","F56665","Switzerland Biel - Long term study on migratory movement of Alpine swifts (Apus melba)"
16890708306,true,2016-11-19 07:12:56.000,-10.1408450704225,12.6,"stationary","non-breeding site",11.7,13.05,-10.1668806161746,-10.1149425287357,"solar-geolocator","Apus melba","18DZ","F56665","Switzerland Biel - Long term study on migratory movement of Alpine swifts (Apus melba)"
16890708307,true,2016-11-19 19:38:33.000,-10.1408450704225,12.6,"stationary","non-breeding site",11.7,13.05,-10.1668806161746,-10.1149425287357,"solar-geolocator","Apus melba","18DZ","F56665","Switzerland Biel - Long term study on migratory movement of Alpine swifts (Apus melba)"
16890708308,true,2016-11-20 07:12:57.000,-10.1408450704225,12.6,"stationary","non-breeding site",11.7,13.05,-10.1668806161746,-10.1149425287357,"solar-geolocator","Apus melba","18DZ","F56665","Switzerland Biel - Long term study on migratory movement of Alpine swifts (Apus melba)"
16890708309,true,2016-11-20 19:42:35.000,-10.1408450704225,12.6,"stationary","non-breeding site",11.7,13.05,-10.1668806161746,-10.1149425287357,"solar-geolocator","Apus melba","18DZ","F56665","Switzerland Biel - Long term study on migratory movement of Alpine swifts (Apus melba)"
16890708310,true,2016-11-21 07:10:59.000,-10.1408450704225,12.6,"stationary","non-breeding site",11.7,13.05,-10.1668806161746,-10.1149425287357,"solar-geolocator","Apus melba","18DZ","F56665","Switzerland Biel - Long term study on migratory movement of Alpine swifts (Apus melba)"
16890708311,true,2016-11-21 19:40:37.000,-10.1408450704225,12.6,"stationary","non-breeding site",11.7,13.05,-10.1668806161746,-10.1149425287357,"solar-geolocator","Apus melba","18DZ","F56665","Switzerland Biel - Long term study on migratory movement of Alpine swifts (Apus melba)"
16890708312,true,2016-11-22 07:13:01.000,-10.1408450704225,12.6,"stationary","non-breeding site",11.7,13.05,-10.1668806161746,-10.1149425287357,"solar-geolocator","Apus melba","18DZ","F56665","Switzerland Biel - Long term study on migratory movement of Alpine swifts (Apus melba)"
16890708313,true,2016-11-22 19:40:38.000,-10.1408450704225,12.6,"stationary","non-breeding site",11.7,13.05,-10.1668806161746,-10.1149425287357,"solar-geolocator","Apus melba","18DZ","F56665","Switzerland Biel - Long term study on migratory movement of Alpine swifts (Apus melba)"
16890708314,true,2016-11-23 07:13:02.000,-10.1408450704225,12.6,"stationary","non-breeding site",11.7,13.05,-10.1668806161746,-10.1149425287357,"solar-geolocator","Apus melba","18DZ","F56665","Switzerland Biel - Long term study on migratory movement of Alpine swifts (Apus melba)"
16890708315,true,2016-11-23 19:42:40.000,-10.1408450704225,12.6,"stationary","non-breeding site",11.7,13.05,-10.1668806161746,-10.1149425287357,"solar-geolocator","Apus melba","18DZ","F56665","Switzerland Biel - Long term study on migratory movement of Alpine swifts (Apus melba)"
16890708316,true,2016-11-24 07:13:04.000,-10.1408450704225,12.6,"stationary","non-breeding site",11.7,13.05,-10.1668806161746,-10.1149425287357,"solar-geolocator","Apus melba","18DZ","F56665","Switzerland Biel - Long term study on migratory movement of Alpine swifts (Apus melba)"
16890708317,true,2016-11-24 19:40:42.000,-10.1408450704225,12.6,"stationary","non-breeding site",11.7,13.05,-10.1668806161746,-10.1149425287357,"solar-geolocator","Apus melba","18DZ","F56665","Switzerland Biel - Long term study on migratory movement of Alpine swifts (Apus melba)"
16890708318,true,2016-11-25 07:15:06.000,-10.1408450704225,12.6,"stationary","non-breeding site",11.7,13.05,-10.1668806161746,-10.1149425287357,"solar-geolocator","Apus melba","18DZ","F56665","Switzerland Biel - Long term study on migratory movement of Alpine swifts (Apus melba)"
16890708319,true,2016-11-25 19:42:44.000,-10.1408450704225,12.6,"stationary","non-breeding site",11.7,13.05,-10.1668806161746,-10.1149425287357,"solar-geolocator","Apus melba","18DZ","F56665","Switzerland Biel - Long term study on migratory movement of Alpine swifts (Apus melba)"
16890708320,true,2016-11-26 07:17:07.000,-10.1408450704225,12.6,"stationary","non-breeding site",11.7,13.05,-10.1668806161746,-10.1149425287357,"solar-geolocator","Apus melba","18DZ","F56665","Switzerland Biel - Long term study on migratory movement of Alpine swifts (Apus melba)"
16890708321,true,2016-11-26 19:38:46.000,-10.1408450704225,12.6,"stationary","non-breeding site",11.7,13.05,-10.1668806161746,-10.1149425287357,"solar-geolocator","Apus melba","18DZ","F56665","Switzerland Biel - Long term study on migratory movement of Alpine swifts (Apus melba)"
16890708322,true,2016-11-27 07:17:09.000,-10.1408450704225,12.6,"stationary","non-breeding site",11.7,13.05,-10.1668806161746,-10.1149425287357,"solar-geolocator","Apus melba","18DZ","F56665","Switzerland Biel - Long term study on migratory movement of Alpine swifts (Apus melba)"
16890708324,true,2016-11-27 19:42:47.000,-10.1408450704225,12.6,"stationary","non-breeding site",11.7,13.05,-10.1668806161746,-10.1149425287357,"solar-geolocator","Apus melba","18DZ","F56665","Switzerland Biel - Long term study on migratory movement of Alpine swifts (Apus melba)"
16890708325,true,2016-11-28 07:17:11.000,-10.1408450704225,12.6,"stationary","non-breeding site",11.7,13.05,-10.1668806161746,-10.1149425287357,"solar-geolocator","Apus melba","18DZ","F56665","Switzerland Biel - Long term study on migratory movement of Alpine swifts (Apus melba)"
16890708326,true,2016-11-28 19:44:49.000,-10.1408450704225,12.6,"stationary","non-breeding site",11.7,13.05,-10.1668806161746,-10.1149425287357,"solar-geolocator","Apus melba","18DZ","F56665","Switzerland Biel - Long term study on migratory movement of Alpine swifts (Apus melba)"
16890708327,true,2016-11-29 07:19:12.000,-10.1408450704225,12.6,"stationary","non-breeding site",11.7,13.05,-10.1668806161746,-10.1149425287357,"solar-geolocator","Apus melba","18DZ","F56665","Switzerland Biel - Long term study on migratory movement of Alpine swifts (Apus melba)"
16890708328,true,2016-11-29 19:40:50.000,-10.1408450704225,12.6,"stationary","non-breeding site",11.7,13.05,-10.1668806161746,-10.1149425287357,"solar-geolocator","Apus melba","18DZ","F56665","Switzerland Biel - Long term study on migratory movement of Alpine swifts (Apus melba)"
16890708329,true,2016-11-30 07:19:14.000,-10.1408450704225,12.6,"stationary","non-breeding site",11.7,13.05,-10.1668806161746,-10.1149425287357,"solar-geolocator","Apus melba","18DZ","F56665","Switzerland Biel - Long term study on migratory movement of Alpine swifts (Apus melba)"
16890708330,true,2016-11-30 19:38:52.000,-10.1408450704225,12.6,"stationary","non-breeding site",11.7,13.05,-10.1668806161746,-10.1149425287357,"solar-geolocator","Apus melba","18DZ","F56665","Switzerland Biel - Long term study on migratory movement of Alpine swifts (Apus melba)"
16890708331,true,2016-12-01 07:19:16.000,-10.1408450704225,12.6,"stationary","non-breeding site",11.7,13.05,-10.1668806161746,-10.1149425287357,"solar-geolocator","Apus melba","18DZ","F56665","Switzerland Biel - Long term study on migratory movement of Alpine swifts (Apus melba)"
16890708332,true,2016-12-01 19:38:54.000,-10.1408450704225,12.6,"stationary","non-breeding site",11.7,13.05,-10.1668806161746,-10.1149425287357,"solar-geolocator","Apus melba","18DZ","F56665","Switzerland Biel - Long term study on migratory movement of Alpine swifts (Apus melba)"
16890708333,true,2016-12-02 07:21:17.000,-10.1408450704225,12.6,"stationary","non-breeding site",11.7,13.05,-10.1668806161746,-10.1149425287357,"solar-geolocator","Apus melba","18DZ","F56665","Switzerland Biel - Long term study on migratory movement of Alpine swifts (Apus melba)"
16890708334,true,2016-12-02 19:40:55.000,-10.1408450704225,12.6,"stationary","non-breeding site",11.7,13.05,-10.1668806161746,-10.1149425287357,"solar-geolocator","Apus melba","18DZ","F56665","Switzerland Biel - Long term study on migratory movement of Alpine swifts (Apus melba)"
16890708335,true,2016-12-03 07:21:19.000,-10.1408450704225,12.6,"stationary","non-breeding site",11.7,13.05,-10.1668806161746,-10.1149425287357,"solar-geolocator","Apus melba","18DZ","F56665","Switzerland Biel - Long term study on migratory movement of Alpine swifts (Apus melba)"
16890708336,true,2016-12-03 19:42:57.000,-10.1408450704225,12.6,"stationary","non-breeding site",11.7,13.05,-10.1668806161746,-10.1149425287357,"solar-geolocator","Apus melba","18DZ","F56665","Switzerland Biel - Long term study on migratory movement of Alpine swifts (Apus melba)"
16890708337,true,2016-12-04 07:21:21.000,-10.1408450704225,12.6,"stationary","non-breeding site",11.7,13.05,-10.1668806161746,-10.1149425287357,"solar-geolocator","Apus melba","18DZ","F56665","Switzerland Biel - Long term study on migratory movement of Alpine swifts (Apus melba)"
16890708338,true,2016-12-04 19:46:59.000,-10.1408450704225,12.6,"stationary","non-breeding site",11.7,13.05,-10.1668806161746,-10.1149425287357,"solar-geolocator","Apus melba","18DZ","F56665","Switzerland Biel - Long term study on migratory movement of Alpine swifts (Apus melba)"
16890708339,true,2016-12-05 07:21:23.000,-10.1408450704225,12.6,"stationary","non-breeding site",11.7,13.05,-10.1668806161746,-10.1149425287357,"solar-geolocator","Apus melba","18DZ","F56665","Switzerland Biel - Long term study on migratory movement of Alpine swifts (Apus melba)"
16890708340,true,2016-12-05 19:45:00.000,-10.1408450704225,12.6,"stationary","non-breeding site",11.7,13.05,-10.1668806161746,-10.1149425287357,"solar-geolocator","Apus melba","18DZ","F56665","Switzerland Biel - Long term study on migratory movement of Alpine swifts (Apus melba)"
16890708341,true,2016-12-06 07:21:24.000,-10.1408450704225,12.6,"stationary","non-breeding site",11.7,13.05,-10.1668806161746,-10.1149425287357,"solar-geolocator","Apus melba","18DZ","F56665","Switzerland Biel - Long term study on migratory movement of Alpine swifts (Apus melba)"
16890708342,true,2016-12-06 19:41:02.000,-10.1408450704225,12.6,"stationary","non-breeding site",11.7,13.05,-10.1668806161746,-10.1149425287357,"solar-geolocator","Apus melba","18DZ","F56665","Switzerland Biel - Long term study on migratory movement of Alpine swifts (Apus melba)"
16890708343,true,2016-12-07 07:21:26.000,-10.1408450704225,12.6,"stationary","non-breeding site",11.7,13.05,-10.1668806161746,-10.1149425287357,"solar-geolocator","Apus melba","18DZ","F56665","Switzerland Biel - Long term study on migratory movement of Alpine swifts (Apus melba)"
16890708344,true,2016-12-07 19:43:04.000,-10.1408450704225,12.6,"stationary","non-breeding site",11.7,13.05,-10.1668806161746,-10.1149425287357,"solar-geolocator","Apus melba","18DZ","F56665","Switzerland Biel - Long term study on migratory movement of Alpine swifts (Apus melba)"
16890708345,true,2016-12-08 07:23:28.000,-10.1408450704225,12.6,"stationary","non-breeding site",11.7,13.05,-10.1668806161746,-10.1149425287357,"solar-geolocator","Apus melba","18DZ","F56665","Switzerland Biel - Long term study on migratory movement of Alpine swifts (Apus melba)"
16890708346,true,2016-12-08 19:43:05.000,-10.1408450704225,12.6,"stationary","non-breeding site",11.7,13.05,-10.1668806161746,-10.1149425287357,"solar-geolocator","Apus melba","18DZ","F56665","Switzerland Biel - Long term study on migratory movement of Alpine swifts (Apus melba)"
16890708347,true,2016-12-09 07:25:29.000,-10.1408450704225,12.6,"stationary","non-breeding site",11.7,13.05,-10.1668806161746,-10.1149425287357,"solar-geolocator","Apus melba","18DZ","F56665","Switzerland Biel - Long term study on migratory movement of Alpine swifts (Apus melba)"
16890708348,true,2016-12-09 19:41:07.000,-10.1408450704225,12.6,"stationary","non-breeding site",11.7,13.05,-10.1668806161746,-10.1149425287357,"solar-geolocator","Apus melba","18DZ","F56665","Switzerland Biel - Long term study on migratory movement of Alpine swifts (Apus melba)"
16890708349,true,2016-12-10 07:23:31.000,-10.1408450704225,12.6,"stationary","non-breeding site",11.7,13.05,-10.1668806161746,-10.1149425287357,"solar-geolocator","Apus melba","18DZ","F56665","Switzerland Biel - Long term study on migratory movement of Alpine swifts (Apus melba)"
16890708350,true,2016-12-10 19:41:09.000,-10.1408450704225,12.6,"stationary","non-breeding site",11.7,13.05,-10.1668806161746,-10.1149425287357,"solar-geolocator","Apus melba","18DZ","F56665","Switzerland Biel - Long term study on migratory movement of Alpine swifts (Apus melba)"
16890708351,true,2016-12-11 07:23:33.000,-10.1408450704225,12.6,"stationary","non-breeding site",11.7,13.05,-10.1668806161746,-10.1149425287357,"solar-geolocator","Apus melba","18DZ","F56665","Switzerland Biel - Long term study on migratory movement of Alpine swifts (Apus melba)"
16890708352,true,2016-12-11 19:47:11.000,-10.1408450704225,12.6,"stationary","non-breeding site",11.7,13.05,-10.1668806161746,-10.1149425287357,"solar-geolocator","Apus melba","18DZ","F56665","Switzerland Biel - Long term study on migratory movement of Alpine swifts (Apus melba)"
16890708353,true,2016-12-12 07:27:34.000,-10.1408450704225,12.6,"stationary","non-breeding site",11.7,13.05,-10.1668806161746,-10.1149425287357,"solar-geolocator","Apus melba","18DZ","F56665","Switzerland Biel - Long term study on migratory movement of Alpine swifts (Apus melba)"
16890708354,true,2016-12-12 19:45:12.000,-10.1408450704225,12.6,"stationary","non-breeding site",11.7,13.05,-10.1668806161746,-10.1149425287357,"solar-geolocator","Apus melba","18DZ","F56665","Switzerland Biel - Long term study on migratory movement of Alpine swifts (Apus melba)"
16890708355,true,2016-12-13 07:27:36.000,-10.1408450704225,12.6,"stationary","non-breeding site",11.7,13.05,-10.1668806161746,-10.1149425287357,"solar-geolocator","Apus melba","18DZ","F56665","Switzerland Biel - Long term study on migratory movement of Alpine swifts (Apus melba)"
16890708356,true,2016-12-13 19:45:14.000,-10.1408450704225,12.6,"stationary","non-breeding site",11.7,13.05,-10.1668806161746,-10.1149425287357,"solar-geolocator","Apus melba","18DZ","F56665","Switzerland Biel - Long term study on migratory movement of Alpine swifts (Apus melba)"
16890708357,true,2016-12-14 07:27:38.000,-10.1408450704225,12.6,"stationary","non-breeding site",11.7,13.05,-10.1668806161746,-10.1149425287357,"solar-geolocator","Apus melba","18DZ","F56665","Switzerland Biel - Long term study on migratory movement of Alpine swifts (Apus melba)"
16890708358,true,2016-12-14 19:45:16.000,-10.1408450704225,12.6,"stationary","non-breeding site",11.7,13.05,-10.1668806161746,-10.1149425287357,"solar-geolocator","Apus melba","18DZ","F56665","Switzerland Biel - Long term study on migratory movement of Alpine swifts (Apus melba)"
16890708359,true,2016-12-15 07:27:39.000,-10.1408450704225,12.6,"stationary","non-breeding site",11.7,13.05,-10.1668806161746,-10.1149425287357,"solar-geolocator","Apus melba","18DZ","F56665","Switzerland Biel - Long term study on migratory movement of Alpine swifts (Apus melba)"
16890708360,true,2016-12-15 19:45:17.000,-10.1408450704225,12.6,"stationary","non-breeding site",11.7,13.05,-10.1668806161746,-10.1149425287357,"solar-geolocator","Apus melba","18DZ","F56665","Switzerland Biel - Long term study on migratory movement of Alpine swifts (Apus melba)"
16890708361,true,2016-12-16 07:29:41.000,-10.1408450704225,12.6,"stationary","non-breeding site",11.7,13.05,-10.1668806161746,-10.1149425287357,"solar-geolocator","Apus melba","18DZ","F56665","Switzerland Biel - Long term study on migratory movement of Alpine swifts (Apus melba)"
16890708362,true,2016-12-16 19:45:20.000,-10.1408450704225,12.6,"stationary","non-breeding site",11.7,13.05,-10.1668806161746,-10.1149425287357,"solar-geolocator","Apus melba","18DZ","F56665","Switzerland Biel - Long term study on migratory movement of Alpine swifts (Apus melba)"
16890708363,true,2016-12-17 07:27:43.000,-10.1408450704225,12.6,"stationary","non-breeding site",11.7,13.05,-10.1668806161746,-10.1149425287357,"solar-geolocator","Apus melba","18DZ","F56665","Switzerland Biel - Long term study on migratory movement of Alpine swifts (Apus melba)"
16890708364,true,2016-12-17 19:45:21.000,-10.1408450704225,12.6,"stationary","non-breeding site",11.7,13.05,-10.1668806161746,-10.1149425287357,"solar-geolocator","Apus melba","18DZ","F56665","Switzerland Biel - Long term study on migratory movement of Alpine swifts (Apus melba)"
16890708365,true,2016-12-18 07:31:44.000,-10.1408450704225,12.6,"stationary","non-breeding site",11.7,13.05,-10.1668806161746,-10.1149425287357,"solar-geolocator","Apus melba","18DZ","F56665","Switzerland Biel - Long term study on migratory movement of Alpine swifts (Apus melba)"
16890708366,true,2016-12-18 19:41:22.000,-10.1408450704225,12.6,"stationary","non-breeding site",11.7,13.05,-10.1668806161746,-9.2071611253197,"solar-geolocator","Apus melba","18DZ","F56665","Switzerland Biel - Long term study on migratory movement of Alpine swifts (Apus melba)"
16890708367,true,2016-12-19 07:25:46.000,-10.1408450704225,12.6,"stationary","non-breeding site",11.7,13.05,-10.1668806161746,-9.2071611253197,"solar-geolocator","Apus melba","18DZ","F56665","Switzerland Biel - Long term study on migratory movement of Alpine swifts (Apus melba)"
16890708368,true,2016-12-19 19:51:24.000,-10.1408450704225,12.6,"stationary","non-breeding site",11.7,13.05,-10.1668806161746,-9.2071611253197,"solar-geolocator","Apus melba","18DZ","F56665","Switzerland Biel - Long term study on migratory movement of Alpine swifts (Apus melba)"
16890708369,true,2016-12-20 07:29:48.000,-10.1408450704225,12.6,"stationary","non-breeding site",11.7,13.05,-10.1668806161746,-9.2071611253197,"solar-geolocator","Apus melba","18DZ","F56665","Switzerland Biel - Long term study on migratory movement of Alpine swifts (Apus melba)"
16890708370,true,2016-12-20 19:53:26.000,-10.1408450704225,12.6,"stationary","non-breeding site",11.7,13.05,-10.1668806161746,-9.2071611253197,"solar-geolocator","Apus melba","18DZ","F56665","Switzerland Biel - Long term study on migratory movement of Alpine swifts (Apus melba)"
16890708371,true,2016-12-21 07:27:50.000,-10.1408450704225,12.6,"stationary","non-breeding site",11.7,13.05,-10.1668806161746,-9.2071611253197,"solar-geolocator","Apus melba","18DZ","F56665","Switzerland Biel - Long term study on migratory movement of Alpine swifts (Apus melba)"
16890708372,true,2016-12-21 19:51:27.000,-10.1408450704225,12.6,"stationary","non-breeding site",11.7,13.05,-10.1668806161746,-9.2071611253197,"solar-geolocator","Apus melba","18DZ","F56665","Switzerland Biel - Long term study on migratory movement of Alpine swifts (Apus melba)"
16890708373,true,2016-12-22 07:29:51.000,-10.1408450704225,12.6,"stationary","non-breeding site",11.7,13.05,-10.1668806161746,-9.2071611253197,"solar-geolocator","Apus melba","18DZ","F56665","Switzerland Biel - Long term study on migratory movement of Alpine swifts (Apus melba)"
16890708374,true,2016-12-22 19:51:29.000,-10.1408450704225,12.6,"stationary","non-breeding site",11.7,13.05,-10.1668806161746,-9.2071611253197,"solar-geolocator","Apus melba","18DZ","F56665","Switzerland Biel - Long term study on migratory movement of Alpine swifts (Apus melba)"
16890708375,true,2016-12-23 07:31:53.000,-10.1408450704225,12.6,"stationary","non-breeding site",11.7,13.05,-10.1668806161746,-9.2071611253197,"solar-geolocator","Apus melba","18DZ","F56665","Switzerland Biel - Long term study on migratory movement of Alpine swifts (Apus melba)"
16890708376,true,2016-12-23 19:49:31.000,-10.1408450704225,12.6,"movement","non-breeding site",1.4210854715202E-14,13.05,-10.1668806161746,-3.59999999999999,"solar-geolocator","Apus melba","18DZ","F56665","Switzerland Biel - Long term study on migratory movement of Alpine swifts (Apus melba)"
16890709474,true,2016-12-24 07:23:55.000,-7.29113924050634,9.00000000000001,"movement","migration",8.10000000000001,13.05,-10.1668806161746,-7.27272727272731,"solar-geolocator","Apus melba","18DZ","F56665","Switzerland Biel - Long term study on migratory movement of Alpine swifts (Apus melba)"
16890709476,true,2016-12-24 19:49:32.000,-7.29113924050634,9.00000000000001,"stationary","migration",8.10000000000001,12.6,-10.1408450704225,-7.27272727272731,"solar-geolocator","Apus melba","18DZ","F56665","Switzerland Biel - Long term study on migratory movement of Alpine swifts (Apus melba)"
16890709478,true,2016-12-25 07:17:56.000,-7.29113924050634,9.00000000000001,"movement","migration",8.10000000000001,12.6,-10.1408450704225,-7.27272727272731,"solar-geolocator","Apus melba","18DZ","F56665","Switzerland Biel - Long term study on migratory movement of Alpine swifts (Apus melba)"
16890709480,true,2016-12-25 19:47:34.000,-7.29113924050634,9.00000000000001,"stationary","migration",8.10000000000001,10.35,-8.65822784810129,-7.27272727272731,"solar-geolocator","Apus melba","18DZ","F56665","Switzerland Biel - Long term study on migratory movement of Alpine swifts (Apus melba)"
16890709482,true,2016-12-26 07:19:58.000,-7.29113924050634,9.00000000000001,"stationary","non-breeding site",8.10000000000001,9.90000000000001,-7.75665399239546,-7.27272727272731,"solar-geolocator","Apus melba","18DZ","F56665","Switzerland Biel - Long term study on migratory movement of Alpine swifts (Apus melba)"
16890709484,true,2016-12-26 19:47:36.000,-7.29113924050634,9.00000000000001,"stationary","non-breeding site",8.10000000000001,9.90000000000001,-7.73704171934261,-7.27272727272731,"solar-geolocator","Apus melba","18DZ","F56665","Switzerland Biel - Long term study on migratory movement of Alpine swifts (Apus melba)"
16890709486,true,2016-12-27 07:18:00.000,-7.29113924050634,9.00000000000001,"stationary","non-breeding site",8.10000000000001,9.90000000000001,-7.30964467005074,-7.27272727272731,"solar-geolocator","Apus melba","18DZ","F56665","Switzerland Biel - Long term study on migratory movement of Alpine swifts (Apus melba)"
16890709488,true,2016-12-27 19:47:38.000,-7.29113924050634,9.00000000000001,"stationary","non-breeding site",8.10000000000001,9.90000000000001,-7.30964467005074,-7.27272727272731,"solar-geolocator","Apus melba","18DZ","F56665","Switzerland Biel - Long term study on migratory movement of Alpine swifts (Apus melba)"
16890709490,true,2016-12-28 07:20:01.000,-7.29113924050634,9.00000000000001,"stationary","non-breeding site",8.10000000000001,9.90000000000001,-7.30964467005074,-7.27272727272731,"solar-geolocator","Apus melba","18DZ","F56665","Switzerland Biel - Long term study on migratory movement of Alpine swifts (Apus melba)"
16890709492,true,2016-12-28 19:51:39.000,-7.29113924050634,9.00000000000001,"stationary","non-breeding site",8.10000000000001,9.90000000000001,-7.30964467005074,-7.27272727272731,"solar-geolocator","Apus melba","18DZ","F56665","Switzerland Biel - Long term study on migratory movement of Alpine swifts (Apus melba)"
16890709494,true,2016-12-29 07:20:03.000,-7.29113924050634,9.00000000000001,"stationary","non-breeding site",8.10000000000001,9.90000000000001,-7.30964467005074,-7.27272727272731,"solar-geolocator","Apus melba","18DZ","F56665","Switzerland Biel - Long term study on migratory movement of Alpine swifts (Apus melba)"
16890709496,true,2016-12-29 19:47:41.000,-7.29113924050634,9.00000000000001,"stationary","non-breeding site",8.10000000000001,9.90000000000001,-7.30964467005074,-7.27272727272731,"solar-geolocator","Apus melba","18DZ","F56665","Switzerland Biel - Long term study on migratory movement of Alpine swifts (Apus melba)"
16890709497,true,2016-12-30 07:14:05.000,-7.29113924050634,9.00000000000001,"stationary","non-breeding site",8.10000000000001,9.90000000000001,-7.30964467005074,-7.27272727272731,"solar-geolocator","Apus melba","18DZ","F56665","Switzerland Biel - Long term study on migratory movement of Alpine swifts (Apus melba)"
16890709499,true,2016-12-30 19:45:43.000,-7.29113924050634,9.00000000000001,"stationary","non-breeding site",8.10000000000001,9.90000000000001,-7.30964467005074,-7.27272727272731,"solar-geolocator","Apus melba","18DZ","F56665","Switzerland Biel - Long term study on migratory movement of Alpine swifts (Apus melba)"
16890709502,true,2016-12-31 07:16:06.000,-7.29113924050634,9.00000000000001,"stationary","non-breeding site",8.10000000000001,9.90000000000001,-7.30964467005074,-7.27272727272731,"solar-geolocator","Apus melba","18DZ","F56665","Switzerland Biel - Long term study on migratory movement of Alpine swifts (Apus melba)"
16890709504,true,2016-12-31 19:49:44.000,-7.29113924050634,9.00000000000001,"stationary","non-breeding site",8.10000000000001,9.90000000000001,-7.30964467005074,-7.27272727272731,"solar-geolocator","Apus melba","18DZ","F56665","Switzerland Biel - Long term study on migratory movement of Alpine swifts (Apus melba)"
16890709506,true,2017-01-01 07:16:08.000,-7.29113924050634,9.00000000000001,"stationary","non-breeding site",8.10000000000001,9.90000000000001,-7.30964467005074,-7.27272727272731,"solar-geolocator","Apus melba","18DZ","F56665","Switzerland Biel - Long term study on migratory movement of Alpine swifts (Apus melba)"
16890709507,true,2017-01-01 19:47:46.000,-7.29113924050634,9.00000000000001,"stationary","non-breeding site",8.10000000000001,9.90000000000001,-7.30964467005074,-7.27272727272731,"solar-geolocator","Apus melba","18DZ","F56665","Switzerland Biel - Long term study on migratory movement of Alpine swifts (Apus melba)"
16890709510,true,2017-01-02 07:16:10.000,-7.29113924050634,9.00000000000001,"stationary","non-breeding site",8.10000000000001,9.90000000000001,-7.30964467005074,-7.27272727272731,"solar-geolocator","Apus melba","18DZ","F56665","Switzerland Biel - Long term study on migratory movement of Alpine swifts (Apus melba)"
16890709511,true,2017-01-02 19:49:48.000,-7.29113924050634,9.00000000000001,"stationary","non-breeding site",8.10000000000001,9.90000000000001,-7.30964467005074,-7.27272727272731,"solar-geolocator","Apus melba","18DZ","F56665","Switzerland Biel - Long term study on migratory movement of Alpine swifts (Apus melba)"
16890709514,true,2017-01-03 07:16:11.000,-7.29113924050634,9.00000000000001,"stationary","non-breeding site",8.10000000000001,9.90000000000001,-7.30964467005074,-7.27272727272731,"solar-geolocator","Apus melba","18DZ","F56665","Switzerland Biel - Long term study on migratory movement of Alpine swifts (Apus melba)"
16890709515,true,2017-01-03 19:45:49.000,-7.29113924050634,9.00000000000001,"stationary","non-breeding site",8.10000000000001,9.90000000000001,-7.30964467005074,-7.27272727272731,"solar-geolocator","Apus melba","18DZ","F56665","Switzerland Biel - Long term study on migratory movement of Alpine swifts (Apus melba)"
16890709518,true,2017-01-04 07:18:13.000,-7.29113924050634,9.00000000000001,"stationary","non-breeding site",8.10000000000001,9.90000000000001,-7.30964467005074,-7.27272727272731,"solar-geolocator","Apus melba","18DZ","F56665","Switzerland Biel - Long term study on migratory movement of Alpine swifts (Apus melba)"
16890709519,true,2017-01-04 19:47:51.000,-7.29113924050634,9.00000000000001,"stationary","non-breeding site",8.10000000000001,9.90000000000001,-7.30964467005074,-7.27272727272731,"solar-geolocator","Apus melba","18DZ","F56665","Switzerland Biel - Long term study on migratory movement of Alpine swifts (Apus melba)"
16890709522,true,2017-01-05 07:18:15.000,-7.29113924050634,9.00000000000001,"stationary","non-breeding site",8.10000000000001,9.90000000000001,-7.30964467005074,-7.27272727272731,"solar-geolocator","Apus melba","18DZ","F56665","Switzerland Biel - Long term study on migratory movement of Alpine swifts (Apus melba)"
16890709523,true,2017-01-05 19:47:53.000,-7.29113924050634,9.00000000000001,"stationary","non-breeding site",8.10000000000001,9.90000000000001,-7.30964467005074,-7.27272727272731,"solar-geolocator","Apus melba","18DZ","F56665","Switzerland Biel - Long term study on migratory movement of Alpine swifts (Apus melba)"
16890709526,true,2017-01-06 07:18:17.000,-7.29113924050634,9.00000000000001,"stationary","non-breeding site",8.10000000000001,9.90000000000001,-7.30964467005074,-7.27272727272731,"solar-geolocator","Apus melba","18DZ","F56665","Switzerland Biel - Long term study on migratory movement of Alpine swifts (Apus melba)"
16890709527,true,2017-01-06 19:47:54.000,-7.29113924050634,9.00000000000001,"stationary","non-breeding site",8.10000000000001,9.90000000000001,-7.30964467005074,-7.27272727272731,"solar-geolocator","Apus melba","18DZ","F56665","Switzerland Biel - Long term study on migratory movement of Alpine swifts (Apus melba)"
16890709530,true,2017-01-07 07:18:18.000,-7.29113924050634,9.00000000000001,"stationary","non-breeding site",8.10000000000001,9.90000000000001,-7.30964467005074,-7.27272727272731,"solar-geolocator","Apus melba","18DZ","F56665","Switzerland Biel - Long term study on migratory movement of Alpine swifts (Apus melba)"
16890709531,true,2017-01-07 19:49:56.000,-7.29113924050634,9.00000000000001,"stationary","non-breeding site",8.10000000000001,9.90000000000001,-7.30964467005074,-7.27272727272731,"solar-geolocator","Apus melba","18DZ","F56665","Switzerland Biel - Long term study on migratory movement of Alpine swifts (Apus melba)"
16890709533,true,2017-01-08 07:18:20.000,-7.29113924050634,9.00000000000001,"stationary","non-breeding site",8.10000000000001,9.90000000000001,-7.30964467005074,-7.27272727272731,"solar-geolocator","Apus melba","18DZ","F56665","Switzerland Biel - Long term study on migratory movement of Alpine swifts (Apus melba)"
16890709535,true,2017-01-08 19:49:58.000,-7.29113924050634,9.00000000000001,"stationary","non-breeding site",8.10000000000001,9.90000000000001,-7.30964467005074,-7.27272727272731,"solar-geolocator","Apus melba","18DZ","F56665","Switzerland Biel - Long term study on migratory movement of Alpine swifts (Apus melba)"
16890709537,true,2017-01-09 07:20:22.000,-7.29113924050634,9.00000000000001,"stationary","non-breeding site",8.10000000000001,9.90000000000001,-7.30964467005074,-7.27272727272731,"solar-geolocator","Apus melba","18DZ","F56665","Switzerland Biel - Long term study on migratory movement of Alpine swifts (Apus melba)"
16890709539,true,2017-01-09 19:47:59.000,-7.29113924050634,9.00000000000001,"stationary","non-breeding site",8.10000000000001,9.90000000000001,-7.30964467005074,-7.27272727272731,"solar-geolocator","Apus melba","18DZ","F56665","Switzerland Biel - Long term study on migratory movement of Alpine swifts (Apus melba)"
16890709542,true,2017-01-10 07:20:23.000,-7.29113924050634,9.00000000000001,"stationary","non-breeding site",8.10000000000001,9.90000000000001,-7.30964467005074,-7.27272727272731,"solar-geolocator","Apus melba","18DZ","F56665","Switzerland Biel - Long term study on migratory movement of Alpine swifts (Apus melba)"
16890709543,true,2017-01-10 19:48:01.000,-7.29113924050634,9.00000000000001,"stationary","non-breeding site",8.10000000000001,9.90000000000001,-7.30964467005074,-7.27272727272731,"solar-geolocator","Apus melba","18DZ","F56665","Switzerland Biel - Long term study on migratory movement of Alpine swifts (Apus melba)"
16890709545,true,2017-01-11 07:18:25.000,-7.29113924050634,9.00000000000001,"stationary","non-breeding site",8.10000000000001,9.90000000000001,-7.30964467005074,-7.27272727272731,"solar-geolocator","Apus melba","18DZ","F56665","Switzerland Biel - Long term study on migratory movement of Alpine swifts (Apus melba)"
16890709547,true,2017-01-11 19:44:03.000,-7.29113924050634,9.00000000000001,"stationary","non-breeding site",8.10000000000001,9.90000000000001,-7.30964467005074,-7.27272727272731,"solar-geolocator","Apus melba","18DZ","F56665","Switzerland Biel - Long term study on migratory movement of Alpine swifts (Apus melba)"
16890709549,true,2017-01-12 07:20:27.000,-7.29113924050634,9.00000000000001,"stationary","non-breeding site",8.10000000000001,9.90000000000001,-7.30964467005074,-7.27272727272731,"solar-geolocator","Apus melba","18DZ","F56665","Switzerland Biel - Long term study on migratory movement of Alpine swifts (Apus melba)"
16890709551,true,2017-01-12 19:52:05.000,-7.29113924050634,9.00000000000001,"stationary","non-breeding site",8.10000000000001,9.90000000000001,-7.30964467005074,-7.27272727272731,"solar-geolocator","Apus melba","18DZ","F56665","Switzerland Biel - Long term study on migratory movement of Alpine swifts (Apus melba)"
16890709554,true,2017-01-13 07:22:28.000,-7.29113924050634,9.00000000000001,"stationary","non-breeding site",8.10000000000001,9.90000000000001,-7.30964467005074,-7.27272727272731,"solar-geolocator","Apus melba","18DZ","F56665","Switzerland Biel - Long term study on migratory movement of Alpine swifts (Apus melba)"
16890709555,true,2017-01-13 19:52:06.000,-7.29113924050634,9.00000000000001,"stationary","non-breeding site",8.10000000000001,9.90000000000001,-7.30964467005074,-7.27272727272731,"solar-geolocator","Apus melba","18DZ","F56665","Switzerland Biel - Long term study on migratory movement of Alpine swifts (Apus melba)"
16890709558,true,2017-01-14 07:22:30.000,-7.29113924050634,9.00000000000001,"stationary","non-breeding site",8.10000000000001,9.90000000000001,-7.30964467005074,-7.27272727272731,"solar-geolocator","Apus melba","18DZ","F56665","Switzerland Biel - Long term study on migratory movement of Alpine swifts (Apus melba)"
16890709559,true,2017-01-14 19:50:08.000,-7.29113924050634,9.00000000000001,"stationary","non-breeding site",8.10000000000001,9.90000000000001,-7.30964467005074,-7.27272727272731,"solar-geolocator","Apus melba","18DZ","F56665","Switzerland Biel - Long term study on migratory movement of Alpine swifts (Apus melba)"
16890709561,true,2017-01-15 07:22:32.000,-7.29113924050634,9.00000000000001,"stationary","non-breeding site",8.10000000000001,9.90000000000001,-7.30964467005074,-7.27272727272731,"solar-geolocator","Apus melba","18DZ","F56665","Switzerland Biel - Long term study on migratory movement of Alpine swifts (Apus melba)"
16890709563,true,2017-01-15 19:48:10.000,-7.29113924050634,9.00000000000001,"stationary","non-breeding site",8.10000000000001,9.90000000000001,-7.30964467005074,-7.27272727272731,"solar-geolocator","Apus melba","18DZ","F56665","Switzerland Biel - Long term study on migratory movement of Alpine swifts (Apus melba)"
16890709565,true,2017-01-16 07:24:33.000,-7.29113924050634,9.00000000000001,"stationary","non-breeding site",8.10000000000001,9.90000000000001,-7.30964467005074,-7.27272727272731,"solar-geolocator","Apus melba","18DZ","F56665","Switzerland Biel - Long term study on migratory movement of Alpine swifts (Apus melba)"
16890709567,true,2017-01-16 19:48:11.000,-7.29113924050634,9.00000000000001,"stationary","non-breeding site",8.10000000000001,9.90000000000001,-7.30964467005074,-7.27272727272731,"solar-geolocator","Apus melba","18DZ","F56665","Switzerland Biel - Long term study on migratory movement of Alpine swifts (Apus melba)"
16890709569,true,2017-01-17 07:20:35.000,-7.29113924050634,9.00000000000001,"stationary","non-breeding site",8.10000000000001,9.90000000000001,-7.30964467005074,-7.27272727272731,"solar-geolocator","Apus melba","18DZ","F56665","Switzerland Biel - Long term study on migratory movement of Alpine swifts (Apus melba)"
16890709571,true,2017-01-17 19:54:13.000,-7.29113924050634,9.00000000000001,"stationary","non-breeding site",8.10000000000001,9.90000000000001,-7.30964467005074,-7.27272727272731,"solar-geolocator","Apus melba","18DZ","F56665","Switzerland Biel - Long term study on migratory movement of Alpine swifts (Apus melba)"
16890709574,true,2017-01-18 07:22:37.000,-7.29113924050634,9.00000000000001,"stationary","non-breeding site",8.10000000000001,9.90000000000001,-7.30964467005074,-7.27272727272731,"solar-geolocator","Apus melba","18DZ","F56665","Switzerland Biel - Long term study on migratory movement of Alpine swifts (Apus melba)"
16890709575,true,2017-01-18 19:54:15.000,-7.29113924050634,9.00000000000001,"stationary","non-breeding site",8.10000000000001,9.90000000000001,-7.30964467005074,-7.27272727272731,"solar-geolocator","Apus melba","18DZ","F56665","Switzerland Biel - Long term study on migratory movement of Alpine swifts (Apus melba)"
16890709578,true,2017-01-19 07:22:38.000,-7.29113924050634,9.00000000000001,"stationary","non-breeding site",8.10000000000001,9.90000000000001,-7.30964467005074,-7.27272727272731,"solar-geolocator","Apus melba","18DZ","F56665","Switzerland Biel - Long term study on migratory movement of Alpine swifts (Apus melba)"
16890709579,true,2017-01-19 19:46:16.000,-7.29113924050634,9.00000000000001,"stationary","non-breeding site",8.10000000000001,9.90000000000001,-7.30964467005074,-7.27272727272731,"solar-geolocator","Apus melba","18DZ","F56665","Switzerland Biel - Long term study on migratory movement of Alpine swifts (Apus melba)"
16890709582,true,2017-01-20 07:30:40.000,-7.29113924050634,9.00000000000001,"stationary","non-breeding site",8.10000000000001,9.90000000000001,-7.30964467005074,-7.27272727272731,"solar-geolocator","Apus melba","18DZ","F56665","Switzerland Biel - Long term study on migratory movement of Alpine swifts (Apus melba)"
16890709584,true,2017-01-20 19:58:19.000,-7.29113924050634,9.00000000000001,"stationary","non-breeding site",8.10000000000001,9.90000000000001,-7.30964467005074,-7.27272727272731,"solar-geolocator","Apus melba","18DZ","F56665","Switzerland Biel - Long term study on migratory movement of Alpine swifts (Apus melba)"
16890709586,true,2017-01-21 07:28:42.000,-7.29113924050634,9.00000000000001,"stationary","non-breeding site",8.10000000000001,9.90000000000001,-7.30964467005074,-7.27272727272731,"solar-geolocator","Apus melba","18DZ","F56665","Switzerland Biel - Long term study on migratory movement of Alpine swifts (Apus melba)"
16890709588,true,2017-01-21 19:58:20.000,-7.29113924050634,9.00000000000001,"stationary","non-breeding site",8.10000000000001,9.90000000000001,-7.30964467005074,-7.27272727272731,"solar-geolocator","Apus melba","18DZ","F56665","Switzerland Biel - Long term study on migratory movement of Alpine swifts (Apus melba)"
16890709590,true,2017-01-22 07:30:44.000,-7.29113924050634,9.00000000000001,"stationary","non-breeding site",8.10000000000001,9.90000000000001,-7.30964467005074,-7.27272727272731,"solar-geolocator","Apus melba","18DZ","F56665","Switzerland Biel - Long term study on migratory movement of Alpine swifts (Apus melba)"
16890709591,true,2017-01-22 19:58:21.000,-7.29113924050634,9.00000000000001,"stationary","non-breeding site",8.10000000000001,9.90000000000001,-7.30964467005074,-7.27272727272731,"solar-geolocator","Apus melba","18DZ","F56665","Switzerland Biel - Long term study on migratory movement of Alpine swifts (Apus melba)"
16890709594,true,2017-01-23 07:32:45.000,-7.29113924050634,9.00000000000001,"stationary","non-breeding site",8.10000000000001,9.90000000000001,-7.30964467005074,-7.27272727272731,"solar-geolocator","Apus melba","18DZ","F56665","Switzerland Biel - Long term study on migratory movement of Alpine swifts (Apus melba)"
16890709595,true,2017-01-23 19:58:23.000,-7.29113924050634,9.00000000000001,"stationary","non-breeding site",8.10000000000001,9.90000000000001,-7.30964467005074,-7.27272727272731,"solar-geolocator","Apus melba","18DZ","F56665","Switzerland Biel - Long term study on migratory movement of Alpine swifts (Apus melba)"
16890709598,true,2017-01-24 07:30:47.000,-7.29113924050634,9.00000000000001,"stationary","non-breeding site",8.10000000000001,9.90000000000001,-7.30964467005074,-7.27272727272731,"solar-geolocator","Apus melba","18DZ","F56665","Switzerland Biel - Long term study on migratory movement of Alpine swifts (Apus melba)"
16890709600,true,2017-01-24 20:00:25.000,-7.29113924050634,9.00000000000001,"stationary","non-breeding site",8.10000000000001,9.90000000000001,-7.30964467005074,-7.27272727272731,"solar-geolocator","Apus melba","18DZ","F56665","Switzerland Biel - Long term study on migratory movement of Alpine swifts (Apus melba)"
16890709602,true,2017-01-25 07:24:49.000,-7.29113924050634,9.00000000000001,"stationary","non-breeding site",8.10000000000001,9.90000000000001,-7.30964467005074,-7.27272727272731,"solar-geolocator","Apus melba","18DZ","F56665","Switzerland Biel - Long term study on migratory movement of Alpine swifts (Apus melba)"
16890709603,true,2017-01-25 19:58:27.000,-7.29113924050634,9.00000000000001,"stationary","non-breeding site",8.10000000000001,9.90000000000001,-7.30964467005074,-7.27272727272731,"solar-geolocator","Apus melba","18DZ","F56665","Switzerland Biel - Long term study on migratory movement of Alpine swifts (Apus melba)"
16890709606,true,2017-01-26 07:22:50.000,-7.29113924050634,9.00000000000001,"stationary","non-breeding site",8.10000000000001,9.90000000000001,-7.30964467005074,-7.27272727272731,"solar-geolocator","Apus melba","18DZ","F56665","Switzerland Biel - Long term study on migratory movement of Alpine swifts (Apus melba)"
16890709607,true,2017-01-26 19:56:28.000,-7.29113924050634,9.00000000000001,"stationary","non-breeding site",8.10000000000001,9.90000000000001,-7.30964467005074,-7.27272727272731,"solar-geolocator","Apus melba","18DZ","F56665","Switzerland Biel - Long term study on migratory movement of Alpine swifts (Apus melba)"
16890709610,true,2017-01-27 07:24:52.000,-7.29113924050634,9.00000000000001,"stationary","non-breeding site",8.10000000000001,9.90000000000001,-7.30964467005074,-7.27272727272731,"solar-geolocator","Apus melba","18DZ","F56665","Switzerland Biel - Long term study on migratory movement of Alpine swifts (Apus melba)"
16890709611,true,2017-01-27 19:58:30.000,-7.29113924050634,9.00000000000001,"stationary","non-breeding site",8.10000000000001,9.90000000000001,-7.30964467005074,-7.27272727272731,"solar-geolocator","Apus melba","18DZ","F56665","Switzerland Biel - Long term study on migratory movement of Alpine swifts (Apus melba)"
16890709614,true,2017-01-28 07:22:54.000,-7.29113924050634,9.00000000000001,"stationary","non-breeding site",8.10000000000001,9.90000000000001,-7.30964467005074,-7.27272727272731,"solar-geolocator","Apus melba","18DZ","F56665","Switzerland Biel - Long term study on migratory movement of Alpine swifts (Apus melba)"
16890709615,true,2017-01-28 19:56:32.000,-7.29113924050634,9.00000000000001,"stationary","non-breeding site",8.10000000000001,9.90000000000001,-7.30964467005074,-7.27272727272731,"solar-geolocator","Apus melba","18DZ","F56665","Switzerland Biel - Long term study on migratory movement of Alpine swifts (Apus melba)"
16890709617,true,2017-01-29 07:20:55.000,-7.29113924050634,9.00000000000001,"stationary","non-breeding site",8.10000000000001,9.90000000000001,-7.30964467005074,-7.27272727272731,"solar-geolocator","Apus melba","18DZ","F56665","Switzerland Biel - Long term study on migratory movement of Alpine swifts (Apus melba)"
16890709619,true,2017-01-29 19:58:33.000,-7.29113924050634,9.00000000000001,"stationary","non-breeding site",8.10000000000001,9.90000000000001,-7.30964467005074,-7.27272727272731,"solar-geolocator","Apus melba","18DZ","F56665","Switzerland Biel - Long term study on migratory movement of Alpine swifts (Apus melba)"
16890709621,true,2017-01-30 07:20:57.000,-7.29113924050634,9.00000000000001,"stationary","non-breeding site",8.10000000000001,9.90000000000001,-7.30964467005074,-7.27272727272731,"solar-geolocator","Apus melba","18DZ","F56665","Switzerland Biel - Long term study on migratory movement of Alpine swifts (Apus melba)"
16890709624,true,2017-01-30 19:56:35.000,-7.29113924050634,9.00000000000001,"stationary","non-breeding site",8.10000000000001,9.90000000000001,-7.30964467005074,-7.27272727272731,"solar-geolocator","Apus melba","18DZ","F56665","Switzerland Biel - Long term study on migratory movement of Alpine swifts (Apus melba)"
16890709625,true,2017-01-31 07:20:59.000,-7.29113924050634,9.00000000000001,"stationary","non-breeding site",8.10000000000001,9.90000000000001,-7.30964467005074,-7.27272727272731,"solar-geolocator","Apus melba","18DZ","F56665","Switzerland Biel - Long term study on migratory movement of Alpine swifts (Apus melba)"
16890709628,true,2017-01-31 19:58:37.000,-7.29113924050634,9.00000000000001,"stationary","non-breeding site",8.10000000000001,9.90000000000001,-7.30964467005074,-7.27272727272731,"solar-geolocator","Apus melba","18DZ","F56665","Switzerland Biel - Long term study on migratory movement of Alpine swifts (Apus melba)"
16890709629,true,2017-02-01 07:23:00.000,-7.29113924050634,9.00000000000001,"stationary","non-breeding site",8.10000000000001,9.90000000000001,-7.30964467005074,-7.27272727272731,"solar-geolocator","Apus melba","18DZ","F56665","Switzerland Biel - Long term study on migratory movement of Alpine swifts (Apus melba)"
16890709632,true,2017-02-01 20:02:38.000,-7.29113924050634,9.00000000000001,"stationary","non-breeding site",8.10000000000001,9.90000000000001,-7.30964467005074,-7.27272727272731,"solar-geolocator","Apus melba","18DZ","F56665","Switzerland Biel - Long term study on migratory movement of Alpine swifts (Apus melba)"
16890709633,true,2017-02-02 07:23:02.000,-7.29113924050634,9.00000000000001,"stationary","non-breeding site",8.10000000000001,9.90000000000001,-7.30964467005074,-7.27272727272731,"solar-geolocator","Apus melba","18DZ","F56665","Switzerland Biel - Long term study on migratory movement of Alpine swifts (Apus melba)"
16890709636,true,2017-02-02 20:06:40.000,-7.29113924050634,9.00000000000001,"stationary","non-breeding site",8.10000000000001,9.90000000000001,-7.30964467005074,-7.27272727272731,"solar-geolocator","Apus melba","18DZ","F56665","Switzerland Biel - Long term study on migratory movement of Alpine swifts (Apus melba)"
16890709638,true,2017-02-03 07:31:04.000,-7.29113924050634,9.00000000000001,"stationary","non-breeding site",8.10000000000001,9.90000000000001,-7.30964467005074,-7.27272727272731,"solar-geolocator","Apus melba","18DZ","F56665","Switzerland Biel - Long term study on migratory movement of Alpine swifts (Apus melba)"
16890709640,true,2017-02-03 20:06:42.000,-7.29113924050634,9.00000000000001,"stationary","non-breeding site",8.10000000000001,9.90000000000001,-7.30964467005074,-7.27272727272731,"solar-geolocator","Apus melba","18DZ","F56665","Switzerland Biel - Long term study on migratory movement of Alpine swifts (Apus melba)"
16890709642,true,2017-02-04 07:31:06.000,-7.29113924050634,9.00000000000001,"stationary","non-breeding site",8.10000000000001,9.90000000000001,-7.30964467005074,-7.27272727272731,"solar-geolocator","Apus melba","18DZ","F56665","Switzerland Biel - Long term study on migratory movement of Alpine swifts (Apus melba)"
16890709644,true,2017-02-04 20:08:43.000,-7.29113924050634,9.00000000000001,"stationary","non-breeding site",8.10000000000001,9.90000000000001,-7.30964467005074,-7.27272727272731,"solar-geolocator","Apus melba","18DZ","F56665","Switzerland Biel - Long term study on migratory movement of Alpine swifts (Apus melba)"
16890709646,true,2017-02-05 07:27:07.000,-7.29113924050634,9.00000000000001,"stationary","non-breeding site",8.10000000000001,9.90000000000001,-7.30964467005074,-7.27272727272731,"solar-geolocator","Apus melba","18DZ","F56665","Switzerland Biel - Long term study on migratory movement of Alpine swifts (Apus melba)"
16890709647,true,2017-02-05 20:02:45.000,-7.29113924050634,9.00000000000001,"stationary","non-breeding site",8.10000000000001,9.90000000000001,-7.30964467005074,-7.27272727272731,"solar-geolocator","Apus melba","18DZ","F56665","Switzerland Biel - Long term study on migratory movement of Alpine swifts (Apus melba)"
16890709650,true,2017-02-06 07:25:09.000,-7.29113924050634,9.00000000000001,"stationary","non-breeding site",8.10000000000001,9.90000000000001,-7.30964467005074,-7.27272727272731,"solar-geolocator","Apus melba","18DZ","F56665","Switzerland Biel - Long term study on migratory movement of Alpine swifts (Apus melba)"
16890709651,true,2017-02-06 20:02:47.000,-7.29113924050634,9.00000000000001,"stationary","non-breeding site",8.10000000000001,9.90000000000001,-7.30964467005074,-7.27272727272731,"solar-geolocator","Apus melba","18DZ","F56665","Switzerland Biel - Long term study on migratory movement of Alpine swifts (Apus melba)"
16890709654,true,2017-02-07 07:25:11.000,-7.29113924050634,9.00000000000001,"stationary","non-breeding site",8.10000000000001,9.90000000000001,-7.30964467005074,-7.27272727272731,"solar-geolocator","Apus melba","18DZ","F56665","Switzerland Biel - Long term study on migratory movement of Alpine swifts (Apus melba)"
16890709656,true,2017-02-07 20:08:48.000,-7.29113924050634,9.00000000000001,"stationary","non-breeding site",8.10000000000001,9.90000000000001,-7.30964467005074,-7.27272727272731,"solar-geolocator","Apus melba","18DZ","F56665","Switzerland Biel - Long term study on migratory movement of Alpine swifts (Apus melba)"
16890709658,true,2017-02-08 07:27:12.000,-7.29113924050634,9.00000000000001,"stationary","non-breeding site",8.10000000000001,9.90000000000001,-7.30964467005074,-7.27272727272731,"solar-geolocator","Apus melba","18DZ","F56665","Switzerland Biel - Long term study on migratory movement of Alpine swifts (Apus melba)"
16890709659,true,2017-02-08 20:00:50.000,-7.29113924050634,9.00000000000001,"stationary","non-breeding site",8.10000000000001,9.90000000000001,-7.30964467005074,-7.27272727272731,"solar-geolocator","Apus melba","18DZ","F56665","Switzerland Biel - Long term study on migratory movement of Alpine swifts (Apus melba)"
16890709661,true,2017-02-09 07:21:14.000,-7.29113924050634,9.00000000000001,"stationary","non-breeding site",8.10000000000001,9.90000000000001,-7.30964467005074,-7.27272727272731,"solar-geolocator","Apus melba","18DZ","F56665","Switzerland Biel - Long term study on migratory movement of Alpine swifts (Apus melba)"
16890709663,true,2017-02-09 20:00:52.000,-7.29113924050634,9.00000000000001,"stationary","non-breeding site",8.10000000000001,9.90000000000001,-7.30964467005074,-7.27272727272731,"solar-geolocator","Apus melba","18DZ","F56665","Switzerland Biel - Long term study on migratory movement of Alpine swifts (Apus melba)"
16890709666,true,2017-02-10 07:21:16.000,-7.29113924050634,9.00000000000001,"stationary","non-breeding site",8.10000000000001,9.90000000000001,-7.30964467005074,-7.27272727272731,"solar-geolocator","Apus melba","18DZ","F56665","Switzerland Biel - Long term study on migratory movement of Alpine swifts (Apus melba)"
16890709667,true,2017-02-10 19:58:54.000,-7.29113924050634,9.00000000000001,"stationary","non-breeding site",8.10000000000001,9.90000000000001,-7.30964467005074,-7.27272727272731,"solar-geolocator","Apus melba","18DZ","F56665","Switzerland Biel - Long term study on migratory movement of Alpine swifts (Apus melba)"
16890709669,true,2017-02-11 07:21:17.000,-7.29113924050634,9.00000000000001,"stationary","non-breeding site",8.10000000000001,9.90000000000001,-7.30964467005074,-7.27272727272731,"solar-geolocator","Apus melba","18DZ","F56665","Switzerland Biel - Long term study on migratory movement of Alpine swifts (Apus melba)"
16890709672,true,2017-02-11 19:58:55.000,-7.29113924050634,9.00000000000001,"stationary","non-breeding site",8.10000000000001,9.90000000000001,-7.30964467005074,-7.27272727272731,"solar-geolocator","Apus melba","18DZ","F56665","Switzerland Biel - Long term study on migratory movement of Alpine swifts (Apus melba)"
16890709673,true,2017-02-12 07:23:19.000,-7.29113924050634,9.00000000000001,"stationary","non-breeding site",8.10000000000001,9.90000000000001,-7.30964467005074,-7.27272727272731,"solar-geolocator","Apus melba","18DZ","F56665","Switzerland Biel - Long term study on migratory movement of Alpine swifts (Apus melba)"
16890709675,true,2017-02-12 19:56:57.000,-7.29113924050634,9.00000000000001,"stationary","non-breeding site",8.10000000000001,9.90000000000001,-7.30964467005074,-7.27272727272731,"solar-geolocator","Apus melba","18DZ","F56665","Switzerland Biel - Long term study on migratory movement of Alpine swifts (Apus melba)"
16890709677,true,2017-02-13 07:25:21.000,-7.29113924050634,9.00000000000001,"stationary","non-breeding site",8.10000000000001,9.90000000000001,-7.30964467005074,-7.27272727272731,"solar-geolocator","Apus melba","18DZ","F56665","Switzerland Biel - Long term study on migratory movement of Alpine swifts (Apus melba)"
16890709679,true,2017-02-13 19:58:59.000,-7.29113924050634,9.00000000000001,"stationary","non-breeding site",8.10000000000001,9.90000000000001,-7.30964467005074,-7.27272727272731,"solar-geolocator","Apus melba","18DZ","F56665","Switzerland Biel - Long term study on migratory movement of Alpine swifts (Apus melba)"
16890709681,true,2017-02-14 07:19:22.000,-7.29113924050634,9.00000000000001,"stationary","non-breeding site",8.10000000000001,9.90000000000001,-7.30964467005074,-7.27272727272731,"solar-geolocator","Apus melba","18DZ","F56665","Switzerland Biel - Long term study on migratory movement of Alpine swifts (Apus melba)"
16890709684,true,2017-02-14 20:09:00.000,-7.29113924050634,9.00000000000001,"stationary","non-breeding site",8.10000000000001,9.90000000000001,-7.30964467005074,-7.27272727272731,"solar-geolocator","Apus melba","18DZ","F56665","Switzerland Biel - Long term study on migratory movement of Alpine swifts (Apus melba)"
16890709686,true,2017-02-15 07:25:24.000,-7.29113924050634,9.00000000000001,"stationary","non-breeding site",8.10000000000001,9.90000000000001,-7.30964467005074,-7.27272727272731,"solar-geolocator","Apus melba","18DZ","F56665","Switzerland Biel - Long term study on migratory movement of Alpine swifts (Apus melba)"
16890709688,true,2017-02-15 20:09:02.000,-7.29113924050634,9.00000000000001,"stationary","non-breeding site",8.10000000000001,9.90000000000001,-7.30964467005074,-7.27272727272731,"solar-geolocator","Apus melba","18DZ","F56665","Switzerland Biel - Long term study on migratory movement of Alpine swifts (Apus melba)"
16890709690,true,2017-02-16 07:25:26.000,-7.29113924050634,9.00000000000001,"stationary","non-breeding site",8.10000000000001,9.90000000000001,-7.30964467005074,-7.27272727272731,"solar-geolocator","Apus melba","18DZ","F56665","Switzerland Biel - Long term study on migratory movement of Alpine swifts (Apus melba)"
16890709692,true,2017-02-16 20:05:04.000,-7.29113924050634,9.00000000000001,"stationary","non-breeding site",8.10000000000001,9.90000000000001,-7.30964467005074,-7.27272727272731,"solar-geolocator","Apus melba","18DZ","F56665","Switzerland Biel - Long term study on migratory movement of Alpine swifts (Apus melba)"
16890709693,true,2017-02-17 07:19:27.000,-7.29113924050634,9.00000000000001,"stationary","non-breeding site",8.10000000000001,9.44999999999999,-7.30038022813691,-7.27272727272731,"solar-geolocator","Apus melba","18DZ","F56665","Switzerland Biel - Long term study on migratory movement of Alpine swifts (Apus melba)"
16890709696,true,2017-02-17 20:03:05.000,-7.29113924050634,9.00000000000001,"stationary","non-breeding site",8.10000000000001,9.90000000000001,-7.30964467005074,-7.27272727272731,"solar-geolocator","Apus melba","18DZ","F56665","Switzerland Biel - Long term study on migratory movement of Alpine swifts (Apus melba)"
16890709697,true,2017-02-18 07:19:29.000,-7.29113924050634,9.00000000000001,"stationary","non-breeding site",8.10000000000001,9.44999999999999,-7.30038022813691,-7.27272727272731,"solar-geolocator","Apus melba","18DZ","F56665","Switzerland Biel - Long term study on migratory movement of Alpine swifts (Apus melba)"
16890709699,true,2017-02-18 20:03:07.000,-7.29113924050634,9.00000000000001,"stationary","non-breeding site",8.10000000000001,9.90000000000001,-7.30964467005074,-7.27272727272731,"solar-geolocator","Apus melba","18DZ","F56665","Switzerland Biel - Long term study on migratory movement of Alpine swifts (Apus melba)"
16890709701,true,2017-02-19 07:17:31.000,-7.29113924050634,9.00000000000001,"stationary","non-breeding site",8.55000000000001,9.90000000000001,-7.30964467005074,-7.28192161820483,"solar-geolocator","Apus melba","18DZ","F56665","Switzerland Biel - Long term study on migratory movement of Alpine swifts (Apus melba)"
16890709703,true,2017-02-19 20:03:09.000,-7.29113924050634,9.00000000000001,"stationary","non-breeding site",8.10000000000001,9.90000000000001,-7.30964467005074,-7.27272727272731,"solar-geolocator","Apus melba","18DZ","F56665","Switzerland Biel - Long term study on migratory movement of Alpine swifts (Apus melba)"
16890709705,true,2017-02-20 07:19:32.000,-7.29113924050634,9.00000000000001,"stationary","non-breeding site",8.10000000000001,9.90000000000001,-7.30964467005074,-7.27272727272731,"solar-geolocator","Apus melba","18DZ","F56665","Switzerland Biel - Long term study on migratory movement of Alpine swifts (Apus melba)"
16890709707,true,2017-02-20 20:01:10.000,-7.29113924050634,9.00000000000001,"stationary","non-breeding site",8.10000000000001,9.90000000000001,-7.30964467005074,-7.27272727272731,"solar-geolocator","Apus melba","18DZ","F56665","Switzerland Biel - Long term study on migratory movement of Alpine swifts (Apus melba)"
16890709709,true,2017-02-21 07:17:34.000,-7.29113924050634,9.00000000000001,"stationary","non-breeding site",7.2,9.90000000000001,-7.67879548306151,-7.27272727272731,"solar-geolocator","Apus melba","18DZ","F56665","Switzerland Biel - Long term study on migratory movement of Alpine swifts (Apus melba)"
16890709711,true,2017-02-21 20:05:12.000,-7.29113924050634,9.00000000000001,"stationary","non-breeding site",7.2,9.90000000000001,-7.67879548306151,-7.27272727272731,"solar-geolocator","Apus melba","18DZ","F56665","Switzerland Biel - Long term study on migratory movement of Alpine swifts (Apus melba)"
16890709713,true,2017-02-22 07:17:36.000,-7.29113924050634,9.00000000000001,"stationary","non-breeding site",7.2,9.90000000000001,-7.67879548306151,-7.27272727272731,"solar-geolocator","Apus melba","18DZ","F56665","Switzerland Biel - Long term study on migratory movement of Alpine swifts (Apus melba)"
16890709716,true,2017-02-22 20:01:14.000,-7.29113924050634,9.00000000000001,"stationary","non-breeding site",7.2,9.90000000000001,-7.67879548306151,-7.27272727272731,"solar-geolocator","Apus melba","18DZ","F56665","Switzerland Biel - Long term study on migratory movement of Alpine swifts (Apus melba)"
16890709717,true,2017-02-23 07:17:38.000,-7.29113924050634,9.00000000000001,"stationary","non-breeding site",7.2,9.90000000000001,-7.67879548306151,-7.27272727272731,"solar-geolocator","Apus melba","18DZ","F56665","Switzerland Biel - Long term study on migratory movement of Alpine swifts (Apus melba)"
16890709719,true,2017-02-23 20:05:15.000,-7.29113924050634,9.00000000000001,"stationary","non-breeding site",7.2,9.90000000000001,-7.67879548306151,-7.27272727272731,"solar-geolocator","Apus melba","18DZ","F56665","Switzerland Biel - Long term study on migratory movement of Alpine swifts (Apus melba)"
16890709722,true,2017-02-24 07:19:39.000,-7.29113924050634,9.00000000000001,"stationary","non-breeding site",7.2,9.90000000000001,-7.68844221105529,-7.27272727272731,"solar-geolocator","Apus melba","18DZ","F56665","Switzerland Biel - Long term study on migratory movement of Alpine swifts (Apus melba)"
16890709723,true,2017-02-24 20:03:17.000,-7.29113924050634,9.00000000000001,"stationary","non-breeding site",7.2,9.90000000000001,-7.68844221105529,-7.27272727272731,"solar-geolocator","Apus melba","18DZ","F56665","Switzerland Biel - Long term study on migratory movement of Alpine swifts (Apus melba)"
16890709726,true,2017-02-25 07:23:41.000,-7.29113924050634,9.00000000000001,"stationary","non-breeding site",7.2,9.90000000000001,-7.68844221105529,-7.27272727272731,"solar-geolocator","Apus melba","18DZ","F56665","Switzerland Biel - Long term study on migratory movement of Alpine swifts (Apus melba)"
16890709728,true,2017-02-25 20:05:19.000,-7.29113924050634,9.00000000000001,"stationary","non-breeding site",5.40000000000001,9.90000000000001,-7.68844221105529,-7.27272727272731,"solar-geolocator","Apus melba","18DZ","F56665","Switzerland Biel - Long term study on migratory movement of Alpine swifts (Apus melba)"
16890709730,true,2017-02-26 07:23:43.000,-7.29113924050634,9.00000000000001,"stationary","non-breeding site",5.40000000000001,9.90000000000001,-7.68844221105529,-7.27272727272731,"solar-geolocator","Apus melba","18DZ","F56665","Switzerland Biel - Long term study on migratory movement of Alpine swifts (Apus melba)"
16890709732,true,2017-02-26 20:05:21.000,-7.29113924050634,9.00000000000001,"stationary","non-breeding site",5.40000000000001,9.90000000000001,-7.68844221105529,-7.27272727272731,"solar-geolocator","Apus melba","18DZ","F56665","Switzerland Biel - Long term study on migratory movement of Alpine swifts (Apus melba)"
16890709734,true,2017-02-27 07:23:44.000,-7.29113924050634,9.00000000000001,"stationary","non-breeding site",5.40000000000001,9.90000000000001,-7.68844221105529,-7.27272727272731,"solar-geolocator","Apus melba","18DZ","F56665","Switzerland Biel - Long term study on migratory movement of Alpine swifts (Apus melba)"
16890709736,true,2017-02-27 20:03:22.000,-7.29113924050634,9.00000000000001,"stationary","non-breeding site",5.40000000000001,9.90000000000001,-7.68844221105529,-7.27272727272731,"solar-geolocator","Apus melba","18DZ","F56665","Switzerland Biel - Long term study on migratory movement of Alpine swifts (Apus melba)"
16890709738,true,2017-02-28 07:19:46.000,-7.29113924050634,9.00000000000001,"stationary","non-breeding site",5.40000000000001,9.90000000000001,-7.68844221105529,-7.27272727272731,"solar-geolocator","Apus melba","18DZ","F56665","Switzerland Biel - Long term study on migratory movement of Alpine swifts (Apus melba)"
16890709740,true,2017-02-28 20:09:24.000,-7.29113924050634,9.00000000000001,"stationary","non-breeding site",5.40000000000001,9.90000000000001,-7.68844221105529,-7.27272727272731,"solar-geolocator","Apus melba","18DZ","F56665","Switzerland Biel - Long term study on migratory movement of Alpine swifts (Apus melba)"
16890709742,true,2017-03-01 07:21:48.000,-7.29113924050634,9.00000000000001,"stationary","non-breeding site",5.40000000000001,9.90000000000001,-7.68844221105529,-7.27272727272731,"solar-geolocator","Apus melba","18DZ","F56665","Switzerland Biel - Long term study on migratory movement of Alpine swifts (Apus melba)"
16890709744,true,2017-03-01 20:11:26.000,-7.29113924050634,9.00000000000001,"stationary","non-breeding site",5.40000000000001,9.90000000000001,-7.68844221105529,-7.27272727272731,"solar-geolocator","Apus melba","18DZ","F56665","Switzerland Biel - Long term study on migratory movement of Alpine swifts (Apus melba)"
16890709745,true,2017-03-02 07:15:49.000,-7.29113924050634,9.00000000000001,"stationary","non-breeding site",5.40000000000001,9.90000000000001,-7.68844221105529,-7.27272727272731,"solar-geolocator","Apus melba","18DZ","F56665","Switzerland Biel - Long term study on migratory movement of Alpine swifts (Apus melba)"
16890709747,true,2017-03-02 20:01:27.000,-7.29113924050634,9.00000000000001,"stationary","non-breeding site",5.40000000000001,9.90000000000001,-7.68844221105529,-7.27272727272731,"solar-geolocator","Apus melba","18DZ","F56665","Switzerland Biel - Long term study on migratory movement of Alpine swifts (Apus melba)"
16890709749,true,2017-03-03 07:17:51.000,-7.29113924050634,9.00000000000001,"stationary","non-breeding site",5.40000000000001,9.90000000000001,-7.68844221105529,-7.27272727272731,"solar-geolocator","Apus melba","18DZ","F56665","Switzerland Biel - Long term study on migratory movement of Alpine swifts (Apus melba)"
16890709751,true,2017-03-03 20:09:29.000,-7.29113924050634,9.00000000000001,"stationary","non-breeding site",5.40000000000001,9.90000000000001,-7.68844221105529,-7.27272727272731,"solar-geolocator","Apus melba","18DZ","F56665","Switzerland Biel - Long term study on migratory movement of Alpine swifts (Apus melba)"
16890709753,true,2017-03-04 07:17:53.000,-7.29113924050634,9.00000000000001,"stationary","non-breeding site",5.40000000000001,9.90000000000001,-7.68844221105529,-7.27272727272731,"solar-geolocator","Apus melba","18DZ","F56665","Switzerland Biel - Long term study on migratory movement of Alpine swifts (Apus melba)"
16890709756,true,2017-03-04 20:07:31.000,-7.29113924050634,9.00000000000001,"stationary","non-breeding site",5.40000000000001,9.90000000000001,-7.68844221105529,-7.27272727272731,"solar-geolocator","Apus melba","18DZ","F56665","Switzerland Biel - Long term study on migratory movement of Alpine swifts (Apus melba)"
16890709757,true,2017-03-05 07:19:54.000,-7.29113924050634,9.00000000000001,"stationary","non-breeding site",5.40000000000001,9.90000000000001,-7.68844221105529,-7.27272727272731,"solar-geolocator","Apus melba","18DZ","F56665","Switzerland Biel - Long term study on migratory movement of Alpine swifts (Apus melba)"
16890709759,true,2017-03-05 20:07:32.000,-7.29113924050634,9.00000000000001,"stationary","non-breeding site",5.40000000000001,9.90000000000001,-7.68844221105529,-7.27272727272731,"solar-geolocator","Apus melba","18DZ","F56665","Switzerland Biel - Long term study on migratory movement of Alpine swifts (Apus melba)"
16890709761,true,2017-03-06 07:13:56.000,-7.29113924050634,9.00000000000001,"stationary","non-breeding site",5.40000000000001,9.90000000000001,-7.68844221105529,-7.27272727272731,"solar-geolocator","Apus melba","18DZ","F56665","Switzerland Biel - Long term study on migratory movement of Alpine swifts (Apus melba)"
16890709763,true,2017-03-06 20:05:34.000,-7.29113924050634,9.00000000000001,"stationary","non-breeding site",5.40000000000001,9.90000000000001,-7.68844221105529,-7.27272727272731,"solar-geolocator","Apus melba","18DZ","F56665","Switzerland Biel - Long term study on migratory movement of Alpine swifts (Apus melba)"
16890709765,true,2017-03-07 07:15:58.000,-7.29113924050634,9.00000000000001,"stationary","non-breeding site",5.40000000000001,9.90000000000001,-7.68844221105529,-7.28192161820483,"solar-geolocator","Apus melba","18DZ","F56665","Switzerland Biel - Long term study on migratory movement of Alpine swifts (Apus melba)"
16890709768,true,2017-03-07 20:07:36.000,-7.29113924050634,9.00000000000001,"stationary","non-breeding site",5.40000000000001,9.90000000000001,-7.68844221105529,-7.28192161820483,"solar-geolocator","Apus melba","18DZ","F56665","Switzerland Biel - Long term study on migratory movement of Alpine swifts (Apus melba)"
16890709769,true,2017-03-08 07:13:59.000,-7.29113924050634,9.00000000000001,"stationary","non-breeding site",5.40000000000001,9.90000000000001,-7.68844221105529,-7.28192161820483,"solar-geolocator","Apus melba","18DZ","F56665","Switzerland Biel - Long term study on migratory movement of Alpine swifts (Apus melba)"
16890709771,true,2017-03-08 20:07:37.000,-7.29113924050634,9.00000000000001,"stationary","non-breeding site",5.40000000000001,9.90000000000001,-7.68844221105529,-7.28192161820483,"solar-geolocator","Apus melba","18DZ","F56665","Switzerland Biel - Long term study on migratory movement of Alpine swifts (Apus melba)"
16890709773,true,2017-03-09 07:14:01.000,-7.29113924050634,9.00000000000001,"stationary","non-breeding site",5.40000000000001,9.90000000000001,-7.68844221105529,-7.28192161820483,"solar-geolocator","Apus melba","18DZ","F56665","Switzerland Biel - Long term study on migratory movement of Alpine swifts (Apus melba)"
16890709775,true,2017-03-09 20:07:39.000,-7.29113924050634,9.00000000000001,"stationary","non-breeding site",5.40000000000001,9.90000000000001,-7.68844221105529,-7.28192161820483,"solar-geolocator","Apus melba","18DZ","F56665","Switzerland Biel - Long term study on migratory movement of Alpine swifts (Apus melba)"
16890709777,true,2017-03-10 07:14:03.000,-7.29113924050634,9.00000000000001,"stationary","non-breeding site",5.40000000000001,9.90000000000001,-7.68844221105529,-7.28192161820483,"solar-geolocator","Apus melba","18DZ","F56665","Switzerland Biel - Long term study on migratory movement of Alpine swifts (Apus melba)"
16890709780,true,2017-03-10 20:09:41.000,-7.29113924050634,9.00000000000001,"stationary","non-breeding site",5.40000000000001,9.90000000000001,-7.68844221105529,-7.28192161820483,"solar-geolocator","Apus melba","18DZ","F56665","Switzerland Biel - Long term study on migratory movement of Alpine swifts (Apus melba)"
16890709781,true,2017-03-11 07:12:05.000,-7.29113924050634,9.00000000000001,"stationary","non-breeding site",5.40000000000001,9.90000000000001,-7.68844221105529,-7.28192161820483,"solar-geolocator","Apus melba","18DZ","F56665","Switzerland Biel - Long term study on migratory movement of Alpine swifts (Apus melba)"
16890709784,true,2017-03-11 20:05:42.000,-7.29113924050634,9.00000000000001,"stationary","non-breeding site",5.40000000000001,13.95,-7.68844221105529,-7.28192161820483,"solar-geolocator","Apus melba","18DZ","F56665","Switzerland Biel - Long term study on migratory movement of Alpine swifts (Apus melba)"
16890709785,true,2017-03-12 07:14:06.000,-7.29113924050634,9.00000000000001,"stationary","non-breeding site",5.40000000000001,13.95,-7.68844221105529,-7.28192161820483,"solar-geolocator","Apus melba","18DZ","F56665","Switzerland Biel - Long term study on migratory movement of Alpine swifts (Apus melba)"
16890709787,true,2017-03-12 20:05:44.000,-7.29113924050634,9.00000000000001,"stationary","non-breeding site",5.40000000000001,13.95,-7.68844221105529,-7.28192161820483,"solar-geolocator","Apus melba","18DZ","F56665","Switzerland Biel - Long term study on migratory movement of Alpine swifts (Apus melba)"
16890709789,true,2017-03-13 07:12:08.000,-7.29113924050634,9.00000000000001,"stationary","non-breeding site",5.40000000000001,13.95,-7.68844221105529,-7.28192161820483,"solar-geolocator","Apus melba","18DZ","F56665","Switzerland Biel - Long term study on migratory movement of Alpine swifts (Apus melba)"
16890709792,true,2017-03-13 19:57:46.000,-7.29113924050634,9.00000000000001,"stationary","non-breeding site",5.40000000000001,13.95,-7.68844221105529,-7.28192161820483,"solar-geolocator","Apus melba","18DZ","F56665","Switzerland Biel - Long term study on migratory movement of Alpine swifts (Apus melba)"
16890709793,true,2017-03-14 07:12:10.000,-7.29113924050634,9.00000000000001,"stationary","non-breeding site",5.40000000000001,13.95,-7.68844221105529,-7.28192161820483,"solar-geolocator","Apus melba","18DZ","F56665","Switzerland Biel - Long term study on migratory movement of Alpine swifts (Apus melba)"
16890709796,true,2017-03-14 20:05:48.000,-7.29113924050634,9.00000000000001,"stationary","non-breeding site",5.40000000000001,13.95,-7.68844221105529,-7.28192161820483,"solar-geolocator","Apus melba","18DZ","F56665","Switzerland Biel - Long term study on migratory movement of Alpine swifts (Apus melba)"
16890709798,true,2017-03-15 07:16:11.000,-7.29113924050634,9.00000000000001,"stationary","non-breeding site",5.40000000000001,13.95,-7.68844221105529,-7.28192161820483,"solar-geolocator","Apus melba","18DZ","F56665","Switzerland Biel - Long term study on migratory movement of Alpine swifts (Apus melba)"
16890709800,true,2017-03-15 20:03:49.000,-7.29113924050634,9.00000000000001,"stationary","non-breeding site",5.40000000000001,13.95,-7.68844221105529,-7.28192161820483,"solar-geolocator","Apus melba","18DZ","F56665","Switzerland Biel - Long term study on migratory movement of Alpine swifts (Apus melba)"
16890709801,true,2017-03-16 07:16:27.000,-7.29113924050634,9.00000000000001,"stationary","non-breeding site",5.40000000000001,13.95,-7.68844221105529,-7.28192161820483,"solar-geolocator","Apus melba","18DZ","F56665","Switzerland Biel - Long term study on migratory movement of Alpine swifts (Apus melba)"
16890709803,true,2017-03-16 20:03:51.000,-7.29113924050634,9.00000000000001,"stationary","non-breeding site",5.40000000000001,13.95,-7.68844221105529,-7.28192161820483,"solar-geolocator","Apus melba","18DZ","F56665","Switzerland Biel - Long term study on migratory movement of Alpine swifts (Apus melba)"
16890709805,true,2017-03-17 07:10:15.000,-7.29113924050634,9.00000000000001,"stationary","non-breeding site",5.40000000000001,13.95,-7.68844221105529,-7.28192161820483,"solar-geolocator","Apus melba","18DZ","F56665","Switzerland Biel - Long term study on migratory movement of Alpine swifts (Apus melba)"
16890709807,true,2017-03-17 20:01:53.000,-7.29113924050634,9.00000000000001,"stationary","non-breeding site",5.40000000000001,13.95,-7.68844221105529,-7.28192161820483,"solar-geolocator","Apus melba","18DZ","F56665","Switzerland Biel - Long term study on migratory movement of Alpine swifts (Apus melba)"
16890709810,true,2017-03-18 07:14:16.000,-7.29113924050634,9.00000000000001,"stationary","non-breeding site",5.40000000000001,13.95,-7.68844221105529,-7.28192161820483,"solar-geolocator","Apus melba","18DZ","F56665","Switzerland Biel - Long term study on migratory movement of Alpine swifts (Apus melba)"
16890709812,true,2017-03-18 20:05:54.000,-7.29113924050634,9.00000000000001,"stationary","non-breeding site",5.40000000000001,13.05,-7.68844221105529,-7.28192161820483,"solar-geolocator","Apus melba","18DZ","F56665","Switzerland Biel - Long term study on migratory movement of Alpine swifts (Apus melba)"
16890709814,true,2017-03-19 07:14:18.000,-7.29113924050634,9.00000000000001,"stationary","non-breeding site",5.40000000000001,13.05,-7.68844221105529,-7.28192161820483,"solar-geolocator","Apus melba","18DZ","F56665","Switzerland Biel - Long term study on migratory movement of Alpine swifts (Apus melba)"
16890709815,true,2017-03-19 19:59:56.000,-7.29113924050634,9.00000000000001,"stationary","non-breeding site",5.40000000000001,13.05,-7.68844221105529,-7.28192161820483,"solar-geolocator","Apus melba","18DZ","F56665","Switzerland Biel - Long term study on migratory movement of Alpine swifts (Apus melba)"
16890709817,true,2017-03-20 07:14:20.000,-7.29113924050634,9.00000000000001,"stationary","non-breeding site",4.95,16.2,-7.70780856423175,-7.28192161820483,"solar-geolocator","Apus melba","18DZ","F56665","Switzerland Biel - Long term study on migratory movement of Alpine swifts (Apus melba)"
16890709819,true,2017-03-20 19:55:58.000,-7.29113924050634,9.00000000000001,"stationary","non-breeding site",4.95,16.2,-7.70780856423175,-7.28192161820483,"solar-geolocator","Apus melba","18DZ","F56665","Switzerland Biel - Long term study on migratory movement of Alpine swifts (Apus melba)"
16890709821,true,2017-03-21 07:10:21.000,-7.29113924050634,9.00000000000001,"stationary","non-breeding site",3.15000000000001,16.2,-8.042049934297,-7.28192161820483,"solar-geolocator","Apus melba","18DZ","F56665","Switzerland Biel - Long term study on migratory movement of Alpine swifts (Apus melba)"
16890709823,true,2017-03-21 19:59:59.000,-7.29113924050634,9.00000000000001,"stationary","non-breeding site",2.25,13.95,-9.91239048811015,-7.28192161820483,"solar-geolocator","Apus melba","18DZ","F56665","Switzerland Biel - Long term study on migratory movement of Alpine swifts (Apus melba)"
16890709416,true,2017-03-22 07:16:23.000,-7.30038022813691,8.55000000000001,"movement","migration",0.900000000000006,13.5,-10.0,-7.28192161820483,"solar-geolocator","Apus melba","18DZ","F56665","Switzerland Biel - Long term study on migratory movement of Alpine swifts (Apus melba)"
16890708597,true,2017-03-22 20:08:01.000,-9.46182728410517,5.40000000000001,"movement","migration",0.450000000000003,13.5,-10.3629536921151,-7.28192161820483,"solar-geolocator","Apus melba","18DZ","F56665","Switzerland Biel - Long term study on migratory movement of Alpine swifts (Apus melba)"
16890708595,true,2017-03-23 07:20:25.000,-9.70474967907575,4.05000000000001,"movement","migration",0.450000000000003,13.5,-10.3629536921151,-7.28192161820483,"solar-geolocator","Apus melba","18DZ","F56665","Switzerland Biel - Long term study on migratory movement of Alpine swifts (Apus melba)"
16890708583,true,2017-03-23 20:10:03.000,-9.90000000000001,4.05000000000001,"stationary","migration",1.4210854715202E-14,13.05,-10.3629536921151,-9.00000000000001,"solar-geolocator","Apus melba","18DZ","F56665","Switzerland Biel - Long term study on migratory movement of Alpine swifts (Apus melba)"
16890708584,true,2017-03-24 07:24:27.000,-9.90000000000001,4.05000000000001,"stationary","migration",1.4210854715202E-14,13.05,-10.3629536921151,-9.01126408010013,"solar-geolocator","Apus melba","18DZ","F56665","Switzerland Biel - Long term study on migratory movement of Alpine swifts (Apus melba)"
16890708585,true,2017-03-24 20:10:04.000,-9.90000000000001,4.05000000000001,"stationary","migration",1.4210854715202E-14,13.05,-10.3629536921151,-9.01126408010013,"solar-geolocator","Apus melba","18DZ","F56665","Switzerland Biel - Long term study on migratory movement of Alpine swifts (Apus melba)"
16890708586,true,2017-03-25 07:22:28.000,-9.90000000000001,4.05000000000001,"stationary","migration",1.4210854715202E-14,13.05,-10.3629536921151,-9.01126408010013,"solar-geolocator","Apus melba","18DZ","F56665","Switzerland Biel - Long term study on migratory movement of Alpine swifts (Apus melba)"
16890708587,true,2017-03-25 20:04:06.000,-9.90000000000001,4.05000000000001,"stationary","migration",1.4210854715202E-14,10.8,-10.3629536921151,-9.01126408010013,"solar-geolocator","Apus melba","18DZ","F56665","Switzerland Biel - Long term study on migratory movement of Alpine swifts (Apus melba)"
16890708588,true,2017-03-26 08:20:30.000,-9.90000000000001,4.05000000000001,"stationary","migration",1.4210854715202E-14,13.5,-10.3629536921151,-9.01126408010013,"solar-geolocator","Apus melba","18DZ","F56665","Switzerland Biel - Long term study on migratory movement of Alpine swifts (Apus melba)"
16890708589,true,2017-03-26 21:06:08.000,-9.90000000000001,4.05000000000001,"stationary","migration",1.4210854715202E-14,13.5,-10.3629536921151,-9.01126408010013,"solar-geolocator","Apus melba","18DZ","F56665","Switzerland Biel - Long term study on migratory movement of Alpine swifts (Apus melba)"
16890708590,true,2017-03-27 08:20:31.000,-9.90000000000001,4.05000000000001,"stationary","migration",0.450000000000003,13.5,-10.3629536921151,-9.01126408010013,"solar-geolocator","Apus melba","18DZ","F56665","Switzerland Biel - Long term study on migratory movement of Alpine swifts (Apus melba)"
16890708591,true,2017-03-27 20:54:09.000,-9.90000000000001,4.05000000000001,"stationary","migration",0.450000000000003,13.5,-10.3629536921151,-9.01126408010013,"solar-geolocator","Apus melba","18DZ","F56665","Switzerland Biel - Long term study on migratory movement of Alpine swifts (Apus melba)"
16890708592,true,2017-03-28 08:20:33.000,-9.90000000000001,4.05000000000001,"stationary","migration",0.450000000000003,13.5,-10.3629536921151,-9.01126408010013,"solar-geolocator","Apus melba","18DZ","F56665","Switzerland Biel - Long term study on migratory movement of Alpine swifts (Apus melba)"
16890708593,true,2017-03-28 21:04:11.000,-9.90000000000001,4.05000000000001,"stationary","migration",0.450000000000003,13.5,-10.3629536921151,-9.01126408010013,"solar-geolocator","Apus melba","18DZ","F56665","Switzerland Biel - Long term study on migratory movement of Alpine swifts (Apus melba)"
16890708594,true,2017-03-29 08:20:35.000,-9.90000000000001,4.5,"stationary","migration",0.450000000000003,15.3,-11.5817694369973,-9.02255639097744,"solar-geolocator","Apus melba","18DZ","F56665","Switzerland Biel - Long term study on migratory movement of Alpine swifts (Apus melba)"
16890708581,true,2017-03-29 21:14:13.000,-9.91239048811015,4.95,"stationary","migration",0.450000000000003,18.45,-12.0774193548387,-9.03387703889584,"solar-geolocator","Apus melba","18DZ","F56665","Switzerland Biel - Long term study on migratory movement of Alpine swifts (Apus melba)"
16890708582,true,2017-03-30 08:20:37.000,-9.91239048811015,5.40000000000001,"movement","migration",0.900000000000006,18.9,-12.6792452830189,-9.13705583756344,"solar-geolocator","Apus melba","18DZ","F56665","Switzerland Biel - Long term study on migratory movement of Alpine swifts (Apus melba)"
16890708580,true,2017-03-30 21:16:15.000,-9.98738965952082,8.10000000000001,"movement","migration",0.900000000000006,21.6,-13.0909090909091,-9.02255639097744,"solar-geolocator","Apus melba","18DZ","F56665","Switzerland Biel - Long term study on migratory movement of Alpine swifts (Apus melba)"
16890707458,true,2017-03-31 08:26:38.000,-12.7058823529412,16.65,"movement","migration",2.25,25.2,-14.7424042272127,-9.58174904942969,"solar-geolocator","Apus melba","18DZ","F56665","Switzerland Biel - Long term study on migratory movement of Alpine swifts (Apus melba)"
16890707455,true,2017-03-31 21:30:16.000,-12.9396662387677,18.0,"movement","migration",8.10000000000001,27.9,-14.6564885496183,-11.0063694267516,"solar-geolocator","Apus melba","18DZ","F56665","Switzerland Biel - Long term study on migratory movement of Alpine swifts (Apus melba)"
16890707456,true,2017-04-01 08:18:40.000,-12.9065300896287,18.45,"stationary","migration",8.10000000000001,32.85,-15.0,-11.0063694267516,"solar-geolocator","Apus melba","18DZ","F56665","Switzerland Biel - Long term study on migratory movement of Alpine swifts (Apus melba)"
16890709846,true,2017-04-01 21:18:18.000,-6.49624060150376,28.35,"movement","migration",9.90000000000001,40.5,-13.475935828877,-3.84732824427484,"solar-geolocator","Apus melba","18DZ","F56665","Switzerland Biel - Long term study on migratory movement of Alpine swifts (Apus melba)"
16890709848,true,2017-04-02 07:48:42.000,-5.78102189781024,28.8,"movement","migration",19.8,40.5,-8.45303867403317,-3.48387096774191,"solar-geolocator","Apus melba","18DZ","F56665","Switzerland Biel - Long term study on migratory movement of Alpine swifts (Apus melba)"
16890709869,true,2017-04-02 21:12:20.000,-4.94656488549621,31.5,"movement","migration",20.7,40.5,-8.0222841225627,-0.573248407643345,"solar-geolocator","Apus melba","18DZ","F56665","Switzerland Biel - Long term study on migratory movement of Alpine swifts (Apus melba)"
16890709890,true,2017-04-03 07:26:43.000,-3.96226415094344,33.75,"movement","migration",24.75,40.95,-6.42857142857144,-0.543806646525718,"solar-geolocator","Apus melba","18DZ","F56665","Switzerland Biel - Long term study on migratory movement of Alpine swifts (Apus melba)"
16890709896,true,2017-04-03 20:56:21.000,-3.76681614349779,33.75,"stationary","migration",24.75,45.0,-6.21582733812955,1.37404580152672,"solar-geolocator","Apus melba","18DZ","F56665","Switzerland Biel - Long term study on migratory movement of Alpine swifts (Apus melba)"
16890709968,true,2017-04-04 06:56:45.000,5.25974025974026,40.05,"movement","migration",32.4,46.35,-1.13924050632913,7.1523178807947,"solar-geolocator","Apus melba","18DZ","F56665","Switzerland Biel - Long term study on migratory movement of Alpine swifts (Apus melba)"
16890709969,true,2017-04-04 20:32:23.000,5.625,40.5,"movement","migration",33.75,45.45,3.80664652567976,8.24427480916031,"solar-geolocator","Apus melba","18DZ","F56665","Switzerland Biel - Long term study on migratory movement of Alpine swifts (Apus melba)"
16890709970,true,2017-04-05 06:40:47.000,5.69620253164557,40.5,"stationary","migration",35.55,45.9,4.06451612903226,8.26855123674912,"solar-geolocator","Apus melba","18DZ","F56665","Switzerland Biel - Long term study on migratory movement of Alpine swifts (Apus melba)"
16890709971,true,2017-04-05 20:36:25.000,5.73248407643312,40.95,"stationary","migration",36.0,46.8,4.06451612903226,8.61878453038674,"solar-geolocator","Apus melba","18DZ","F56665","Switzerland Biel - Long term study on migratory movement of Alpine swifts (Apus melba)"
16890709981,true,2016-10-03 19:55:48.000,7.29281767955801,47.25,"movement","migration",43.2,48.15,0.652173913043478,7.29281767955801,"solar-geolocator","Apus melba","16QD","F61072","Switzerland Biel - Long term study on migratory movement of Alpine swifts (Apus melba)"
16890709930,true,2016-10-04 07:24:11.000,-1.28342245989307,41.85,"movement","migration",32.4,49.5,-5.72438162544169,3.18021201413428,"solar-geolocator","Apus melba","16QD","F61072","Switzerland Biel - Long term study on migratory movement of Alpine swifts (Apus melba)"
16890709927,true,2016-10-04 20:19:48.000,-1.74193548387101,41.4,"movement","migration",29.7,49.5,-5.72438162544169,1.08270676691729,"solar-geolocator","Apus melba","16QD","F61072","Switzerland Biel - Long term study on migratory movement of Alpine swifts (Apus melba)"
16890709863,true,2016-10-05 07:48:11.000,-5.39509536784744,38.25,"movement","migration",24.75,49.5,-6.51315789473686,-1.71974522292996,"solar-geolocator","Apus melba","16QD","F61072","Switzerland Biel - Long term study on migratory movement of Alpine swifts (Apus melba)"
16890709852,true,2016-10-05 20:33:48.000,-5.44704264099041,38.25,"stationary","migration",24.75,49.5,-6.51315789473686,-3.8948995363215,"solar-geolocator","Apus melba","16QD","F61072","Switzerland Biel - Long term study on migratory movement of Alpine swifts (Apus melba)"
16890709853,true,2016-10-06 07:52:11.000,-5.44704264099041,37.8,"stationary","migration",24.75,49.5,-6.51315789473686,-3.9416058394161,"solar-geolocator","Apus melba","16QD","F61072","Switzerland Biel - Long term study on migratory movement of Alpine swifts (Apus melba)"
16890709854,true,2016-10-06 20:29:48.000,-5.44704264099041,37.8,"stationary","migration",24.75,49.5,-6.5217391304348,-4.01486988847585,"solar-geolocator","Apus melba","16QD","F61072","Switzerland Biel - Long term study on migratory movement of Alpine swifts (Apus melba)"
16890709855,true,2016-10-07 07:52:11.000,-5.44704264099041,37.8,"stationary","migration",24.75,49.5,-6.51315789473686,-4.01486988847585,"solar-geolocator","Apus melba","16QD","F61072","Switzerland Biel - Long term study on migratory movement of Alpine swifts (Apus melba)"
16890709856,true,2016-10-07 20:27:48.000,-5.44704264099041,37.35,"stationary","migration",24.75,49.5,-6.51315789473686,-4.01486988847585,"solar-geolocator","Apus melba","16QD","F61072","Switzerland Biel - Long term study on migratory movement of Alpine swifts (Apus melba)"
16890709857,true,2016-10-08 07:50:11.000,-5.44704264099041,37.35,"stationary","migration",24.75,49.5,-6.51315789473686,-4.01486988847585,"solar-geolocator","Apus melba","16QD","F61072","Switzerland Biel - Long term study on migratory movement of Alpine swifts (Apus melba)"
16890709851,true,2016-10-08 20:23:48.000,-5.46961325966853,37.35,"stationary","migration",24.75,49.5,-6.5217391304348,-3.9416058394161,"solar-geolocator","Apus melba","16QD","F61072","Switzerland Biel - Long term study on migratory movement of Alpine swifts (Apus melba)"
16890709850,true,2016-10-09 07:58:11.000,-5.62499999999999,36.0,"movement","migration",17.55,49.5,-12.0670391061452,-4.15384615384613,"solar-geolocator","Apus melba","16QD","F61072","Switzerland Biel - Long term study on migratory movement of Alpine swifts (Apus melba)"
16890707605,true,2016-10-09 20:41:48.000,-11.0252996005326,28.35,"movement","migration",15.75,45.45,-12.3529411764706,-5.27859237536659,"solar-geolocator","Apus melba","16QD","F61072","Switzerland Biel - Long term study on migratory movement of Alpine swifts (Apus melba)"
16890707595,true,2016-10-10 08:06:11.000,-11.3114754098361,27.0,"movement","migration",15.3,45.45,-12.7975270479135,-7.53363228699551,"solar-geolocator","Apus melba","16QD","F61072","Switzerland Biel - Long term study on migratory movement of Alpine swifts (Apus melba)"
16890707472,true,2016-10-10 20:55:48.000,-11.4364640883978,26.55,"movement","migration",15.3,38.25,-14.625,-10.259067357513,"solar-geolocator","Apus melba","16QD","F61072","Switzerland Biel - Long term study on migratory movement of Alpine swifts (Apus melba)"
16890707459,true,2016-10-11 08:22:11.000,-11.6129032258065,26.1,"stationary","migration",15.3,37.8,-14.625,-10.2857142857143,"solar-geolocator","Apus melba","16QD","F61072","Switzerland Biel - Long term study on migratory movement of Alpine swifts (Apus melba)"
16890707470,true,2016-10-11 21:05:48.000,-11.4949201741655,26.1,"stationary","migration",15.3,37.35,-14.3603851444292,-10.299727520436,"solar-geolocator","Apus melba","16QD","F61072","Switzerland Biel - Long term study on migratory movement of Alpine swifts (Apus melba)"
16890707575,true,2016-10-12 08:18:11.000,-11.3892709766162,25.2,"movement","migration",13.5,37.35,-14.1655359565808,-10.1799485861183,"solar-geolocator","Apus melba","16QD","F61072","Switzerland Biel - Long term study on migratory movement of Alpine swifts (Apus melba)"
16890707696,true,2016-10-12 20:51:48.000,-10.9668874172185,23.85,"movement","migration",13.5,34.65,-12.772667542707,-10.1278772378517,"solar-geolocator","Apus melba","16QD","F61072","Switzerland Biel - Long term study on migratory movement of Alpine swifts (Apus melba)"
16890707792,true,2016-10-13 08:06:11.000,-10.6701030927835,21.6,"movement","migration",13.05,28.8,-12.1178120617111,-9.86945169712792,"solar-geolocator","Apus melba","16QD","F61072","Switzerland Biel - Long term study on migratory movement of Alpine swifts (Apus melba)"
16890707894,true,2016-10-13 20:45:48.000,-10.5292479108635,14.85,"movement","migration",12.6,28.35,-11.6129032258065,-10.0665778961385,"solar-geolocator","Apus melba","16QD","F61072","Switzerland Biel - Long term study on migratory movement of Alpine swifts (Apus melba)"
16890707917,true,2016-10-14 08:04:11.000,-10.259067357513,14.4,"movement","migration",12.15,27.0,-11.5046604527297,-10.0132450331126,"solar-geolocator","Apus melba","16QD","F61072","Switzerland Biel - Long term study on migratory movement of Alpine swifts (Apus melba)"
16890707920,true,2016-10-14 20:45:48.000,-10.2457956015524,14.4,"stationary","migration",12.15,27.0,-11.3833992094862,-10.0665778961385,"solar-geolocator","Apus melba","16QD","F61072","Switzerland Biel - Long term study on migratory movement of Alpine swifts (Apus melba)"
16890707921,true,2016-10-15 08:14:11.000,-10.2457956015524,14.4,"stationary","non-breeding site",12.15,26.1,-11.3114754098361,-10.1149425287357,"solar-geolocator","Apus melba","16QD","F61072","Switzerland Biel - Long term study on migratory movement of Alpine swifts (Apus melba)"
16890707922,true,2016-10-15 20:43:48.000,-10.2457956015524,13.95,"stationary","non-breeding site",12.15,26.1,-11.358024691358,-10.1408450704225,"solar-geolocator","Apus melba","16QD","F61072","Switzerland Biel - Long term study on migratory movement of Alpine swifts (Apus melba)"
16890707923,true,2016-10-16 08:10:11.000,-10.2457956015524,13.95,"stationary","non-breeding site",12.15,25.65,-11.2806539509537,-10.1408450704225,"solar-geolocator","Apus melba","16QD","F61072","Switzerland Biel - Long term study on migratory movement of Alpine swifts (Apus melba)"
16890707932,true,2016-10-16 20:45:48.000,-10.2193548387097,13.95,"stationary","non-breeding site",12.15,24.75,-11.1290322580645,-10.1408450704225,"solar-geolocator","Apus melba","16QD","F61072","Switzerland Biel - Long term study on migratory movement of Alpine swifts (Apus melba)"
16890707933,true,2016-10-17 08:08:11.000,-10.2193548387097,13.95,"stationary","non-breeding site",12.15,24.75,-11.1290322580645,-10.1408450704225,"solar-geolocator","Apus melba","16QD","F61072","Switzerland Biel - Long term study on migratory movement of Alpine swifts (Apus melba)"
16890707934,true,2016-10-17 20:45:48.000,-10.2193548387097,13.95,"stationary","non-breeding site",12.6,23.85,-11.2347354138399,-10.1408450704225,"solar-geolocator","Apus melba","16QD","F61072","Switzerland Biel - Long term study on migratory movement of Alpine swifts (Apus melba)"
16890707935,true,2016-10-18 08:06:11.000,-10.2193548387097,13.95,"stationary","non-breeding site",12.6,23.4,-10.8196721311476,-10.1408450704225,"solar-geolocator","Apus melba","16QD","F61072","Switzerland Biel - Long term study on migratory movement of Alpine swifts (Apus melba)"
16890707936,true,2016-10-18 20:45:48.000,-10.2193548387097,13.5,"stationary","non-breeding site",12.6,21.15,-10.7901907356949,-10.1408450704225,"solar-geolocator","Apus melba","16QD","F61072","Switzerland Biel - Long term study on migratory movement of Alpine swifts (Apus melba)"
16890707937,true,2016-10-19 08:08:11.000,-10.2193548387097,13.5,"stationary","non-breeding site",12.6,21.15,-10.7901907356949,-10.1408450704225,"solar-geolocator","Apus melba","16QD","F61072","Switzerland Biel - Long term study on migratory movement of Alpine swifts (Apus melba)"
16890707938,true,2016-10-19 20:43:48.000,-10.2193548387097,13.5,"stationary","non-breeding site",12.6,18.0,-10.7253886010363,-10.1408450704225,"solar-geolocator","Apus melba","16QD","F61072","Switzerland Biel - Long term study on migratory movement of Alpine swifts (Apus melba)"
16890707939,true,2016-10-20 08:08:11.000,-10.2193548387097,13.5,"stationary","non-breeding site",12.15,17.55,-10.7253886010363,-10.1408450704225,"solar-geolocator","Apus melba","16QD","F61072","Switzerland Biel - Long term study on migratory movement of Alpine swifts (Apus melba)"
16890707940,true,2016-10-20 20:41:48.000,-10.2193548387097,13.5,"stationary","non-breeding site",12.15,16.65,-10.7532467532468,-10.1408450704225,"solar-geolocator","Apus melba","16QD","F61072","Switzerland Biel - Long term study on migratory movement of Alpine swifts (Apus melba)"
16890707941,true,2016-10-21 08:06:11.000,-10.2193548387097,13.5,"stationary","non-breeding site",12.15,16.65,-10.7532467532468,-10.1408450704225,"solar-geolocator","Apus melba","16QD","F61072","Switzerland Biel - Long term study on migratory movement of Alpine swifts (Apus melba)"
16890707942,true,2016-10-21 20:45:48.000,-10.2193548387097,13.5,"stationary","non-breeding site",12.15,16.65,-10.7532467532468,-10.1408450704225,"solar-geolocator","Apus melba","16QD","F61072","Switzerland Biel - Long term study on migratory movement of Alpine swifts (Apus melba)"
16890707943,true,2016-10-22 08:08:11.000,-10.2193548387097,13.5,"stationary","non-breeding site",12.15,16.65,-10.7532467532468,-10.1408450704225,"solar-geolocator","Apus melba","16QD","F61072","Switzerland Biel - Long term study on migratory movement of Alpine swifts (Apus melba)"
16890707944,true,2016-10-22 20:39:49.000,-10.2193548387097,13.95,"stationary","non-breeding site",12.15,16.65,-10.7532467532468,-10.1408450704225,"solar-geolocator","Apus melba","16QD","F61072","Switzerland Biel - Long term study on migratory movement of Alpine swifts (Apus melba)"
16890707945,true,2016-10-23 08:10:11.000,-10.2193548387097,13.95,"stationary","non-breeding site",12.15,16.65,-10.7532467532468,-10.1408450704225,"solar-geolocator","Apus melba","16QD","F61072","Switzerland Biel - Long term study on migratory movement of Alpine swifts (Apus melba)"
16890707946,true,2016-10-23 20:41:48.000,-10.2193548387097,13.95,"stationary","non-breeding site",12.15,16.65,-10.7532467532468,-10.1408450704225,"solar-geolocator","Apus melba","16QD","F61072","Switzerland Biel - Long term study on migratory movement of Alpine swifts (Apus melba)"
16890707947,true,2016-10-24 08:08:11.000,-10.2193548387097,13.95,"stationary","non-breeding site",12.15,16.65,-10.7532467532468,-10.1408450704225,"solar-geolocator","Apus melba","16QD","F61072","Switzerland Biel - Long term study on migratory movement of Alpine swifts (Apus melba)"
16890707948,true,2016-10-24 20:35:48.000,-10.2193548387097,13.95,"stationary","non-breeding site",12.15,16.65,-10.7532467532468,-10.1408450704225,"solar-geolocator","Apus melba","16QD","F61072","Switzerland Biel - Long term study on migratory movement of Alpine swifts (Apus melba)"
16890707949,true,2016-10-25 08:08:11.000,-10.2193548387097,13.95,"stationary","non-breeding site",12.15,16.65,-10.7532467532468,-10.1408450704225,"solar-geolocator","Apus melba","16QD","F61072","Switzerland Biel - Long term study on migratory movement of Alpine swifts (Apus melba)"
16890707950,true,2016-10-25 20:39:48.000,-10.2193548387097,13.95,"stationary","non-breeding site",12.15,16.2,-10.7532467532468,-10.1408450704225,"solar-geolocator","Apus melba","16QD","F61072","Switzerland Biel - Long term study on migratory movement of Alpine swifts (Apus melba)"
16890707951,true,2016-10-26 08:06:11.000,-10.2193548387097,13.95,"stationary","non-breeding site",12.15,16.2,-10.7532467532468,-10.1668806161746,"solar-geolocator","Apus melba","16QD","F61072","Switzerland Biel - Long term study on migratory movement of Alpine swifts (Apus melba)"
16890707952,true,2016-10-26 20:39:48.000,-10.2193548387097,13.95,"stationary","non-breeding site",12.15,16.2,-10.7253886010363,-10.1668806161746,"solar-geolocator","Apus melba","16QD","F61072","Switzerland Biel - Long term study on migratory movement of Alpine swifts (Apus melba)"
16890707953,true,2016-10-27 08:06:11.000,-10.2193548387097,13.95,"stationary","non-breeding site",12.15,16.2,-10.7115135834411,-10.1668806161746,"solar-geolocator","Apus melba","16QD","F61072","Switzerland Biel - Long term study on migratory movement of Alpine swifts (Apus melba)"
16890707954,true,2016-10-27 20:41:48.000,-10.2193548387097,13.95,"stationary","non-breeding site",12.15,16.2,-10.7115135834411,-10.1668806161746,"solar-geolocator","Apus melba","16QD","F61072","Switzerland Biel - Long term study on migratory movement of Alpine swifts (Apus melba)"
16890707955,true,2016-10-28 08:04:11.000,-10.2193548387097,13.95,"stationary","non-breeding site",12.15,16.2,-10.7115135834411,-10.1668806161746,"solar-geolocator","Apus melba","16QD","F61072","Switzerland Biel - Long term study on migratory movement of Alpine swifts (Apus melba)"
16890707956,true,2016-10-28 20:39:48.000,-10.2193548387097,13.95,"stationary","non-breeding site",12.15,16.2,-10.7115135834411,-10.1668806161746,"solar-geolocator","Apus melba","16QD","F61072","Switzerland Biel - Long term study on migratory movement of Alpine swifts (Apus melba)"
16890707957,true,2016-10-29 08:06:11.000,-10.2193548387097,13.95,"stationary","non-breeding site",12.15,16.2,-10.7115135834411,-10.1668806161746,"solar-geolocator","Apus melba","16QD","F61072","Switzerland Biel - Long term study on migratory movement of Alpine swifts (Apus melba)"
16890707958,true,2016-10-29 20:43:48.000,-10.2193548387097,13.95,"stationary","non-breeding site",12.15,16.2,-10.7532467532468,-10.1668806161746,"solar-geolocator","Apus melba","16QD","F61072","Switzerland Biel - Long term study on migratory movement of Alpine swifts (Apus melba)"
16890707959,true,2016-10-30 07:10:11.000,-10.2193548387097,13.95,"stationary","non-breeding site",12.15,16.2,-10.7532467532468,-10.1668806161746,"solar-geolocator","Apus melba","16QD","F61072","Switzerland Biel - Long term study on migratory movement of Alpine swifts (Apus melba)"
16890707961,true,2016-10-30 19:41:48.000,-10.2193548387097,13.95,"stationary","non-breeding site",12.6,16.2,-10.78125,-10.1668806161746,"solar-geolocator","Apus melba","16QD","F61072","Switzerland Biel - Long term study on migratory movement of Alpine swifts (Apus melba)"
16890707963,true,2016-10-31 07:10:11.000,-10.2193548387097,13.95,"stationary","non-breeding site",12.6,16.2,-10.78125,-10.1668806161746,"solar-geolocator","Apus melba","16QD","F61072","Switzerland Biel - Long term study on migratory movement of Alpine swifts (Apus melba)"
16890707964,true,2016-10-31 19:37:48.000,-10.2193548387097,13.95,"stationary","non-breeding site",12.6,16.2,-10.78125,-10.1668806161746,"solar-geolocator","Apus melba","16QD","F61072","Switzerland Biel - Long term study on migratory movement of Alpine swifts (Apus melba)"
16890707967,true,2016-11-01 07:12:11.000,-10.2193548387097,13.95,"stationary","non-breeding site",12.6,16.2,-10.78125,-10.1668806161746,"solar-geolocator","Apus melba","16QD","F61072","Switzerland Biel - Long term study on migratory movement of Alpine swifts (Apus melba)"
16890707968,true,2016-11-01 19:37:48.000,-10.2193548387097,13.95,"stationary","non-breeding site",12.6,16.2,-10.78125,-10.1668806161746,"solar-geolocator","Apus melba","16QD","F61072","Switzerland Biel - Long term study on migratory movement of Alpine swifts (Apus melba)"
16890707970,true,2016-11-02 07:12:11.000,-10.2193548387097,13.95,"stationary","non-breeding site",12.6,16.2,-10.78125,-10.1668806161746,"solar-geolocator","Apus melba","16QD","F61072","Switzerland Biel - Long term study on migratory movement of Alpine swifts (Apus melba)"
16890707972,true,2016-11-02 19:35:48.000,-10.2193548387097,13.95,"stationary","non-breeding site",12.6,16.2,-10.78125,-10.1668806161746,"solar-geolocator","Apus melba","16QD","F61072","Switzerland Biel - Long term study on migratory movement of Alpine swifts (Apus melba)"
16890707975,true,2016-11-03 07:16:11.000,-10.2193548387097,13.95,"stationary","non-breeding site",12.6,16.2,-10.78125,-10.1668806161746,"solar-geolocator","Apus melba","16QD","F61072","Switzerland Biel - Long term study on migratory movement of Alpine swifts (Apus melba)"
16890707976,true,2016-11-03 19:33:48.000,-10.2193548387097,13.95,"stationary","non-breeding site",12.6,16.2,-10.78125,-10.1668806161746,"solar-geolocator","Apus melba","16QD","F61072","Switzerland Biel - Long term study on migratory movement of Alpine swifts (Apus melba)"
16890707979,true,2016-11-04 07:14:11.000,-10.2193548387097,13.95,"stationary","non-breeding site",12.6,16.2,-10.78125,-10.1668806161746,"solar-geolocator","Apus melba","16QD","F61072","Switzerland Biel - Long term study on migratory movement of Alpine swifts (Apus melba)"
16890707980,true,2016-11-04 19:31:48.000,-10.2193548387097,13.95,"stationary","non-breeding site",12.6,16.2,-10.78125,-10.1668806161746,"solar-geolocator","Apus melba","16QD","F61072","Switzerland Biel - Long term study on migratory movement of Alpine swifts (Apus melba)"
16890707983,true,2016-11-05 07:16:11.000,-10.2193548387097,13.95,"stationary","non-breeding site",12.6,16.2,-10.78125,-10.1668806161746,"solar-geolocator","Apus melba","16QD","F61072","Switzerland Biel - Long term study on migratory movement of Alpine swifts (Apus melba)"
16890707984,true,2016-11-05 19:41:48.000,-10.2193548387097,13.95,"stationary","non-breeding site",12.6,16.2,-10.78125,-10.1668806161746,"solar-geolocator","Apus melba","16QD","F61072","Switzerland Biel - Long term study on migratory movement of Alpine swifts (Apus melba)"
16890707986,true,2016-11-06 07:12:11.000,-10.2193548387097,13.95,"stationary","non-breeding site",12.6,16.2,-10.78125,-10.1668806161746,"solar-geolocator","Apus melba","16QD","F61072","Switzerland Biel - Long term study on migratory movement of Alpine swifts (Apus melba)"
16890708084,true,2016-11-06 19:39:48.000,-10.2061855670104,13.5,"stationary","non-breeding site",12.6,15.3,-10.6701030927835,-10.1408450704225,"solar-geolocator","Apus melba","16QD","F61072","Switzerland Biel - Long term study on migratory movement of Alpine swifts (Apus melba)"
16890708085,true,2016-11-07 07:12:11.000,-10.2061855670104,13.5,"stationary","non-breeding site",12.6,15.3,-10.6701030927835,-10.1408450704225,"solar-geolocator","Apus melba","16QD","F61072","Switzerland Biel - Long term study on migratory movement of Alpine swifts (Apus melba)"
16890708086,true,2016-11-07 19:35:48.000,-10.2061855670104,13.5,"stationary","non-breeding site",12.6,15.3,-10.6701030927835,-10.1408450704225,"solar-geolocator","Apus melba","16QD","F61072","Switzerland Biel - Long term study on migratory movement of Alpine swifts (Apus melba)"
16890708087,true,2016-11-08 07:10:11.000,-10.2061855670104,13.5,"stationary","non-breeding site",12.6,15.3,-10.6701030927835,-10.1408450704225,"solar-geolocator","Apus melba","16QD","F61072","Switzerland Biel - Long term study on migratory movement of Alpine swifts (Apus melba)"
16890708088,true,2016-11-08 19:39:48.000,-10.2061855670104,13.5,"stationary","non-breeding site",12.6,15.3,-10.6701030927835,-10.1408450704225,"solar-geolocator","Apus melba","16QD","F61072","Switzerland Biel - Long term study on migratory movement of Alpine swifts (Apus melba)"
16890708089,true,2016-11-09 07:10:11.000,-10.2061855670104,13.5,"stationary","non-breeding site",12.6,15.3,-10.6701030927835,-10.1408450704225,"solar-geolocator","Apus melba","16QD","F61072","Switzerland Biel - Long term study on migratory movement of Alpine swifts (Apus melba)"
16890708090,true,2016-11-09 19:39:48.000,-10.2061855670104,13.5,"stationary","non-breeding site",12.6,15.3,-10.6701030927835,-10.1408450704225,"solar-geolocator","Apus melba","16QD","F61072","Switzerland Biel - Long term study on migratory movement of Alpine swifts (Apus melba)"
16890708091,true,2016-11-10 07:10:11.000,-10.2061855670104,13.5,"stationary","non-breeding site",12.6,14.85,-10.6701030927835,-10.1408450704225,"solar-geolocator","Apus melba","16QD","F61072","Switzerland Biel - Long term study on migratory movement of Alpine swifts (Apus melba)"
16890708092,true,2016-11-10 19:39:48.000,-10.2061855670104,13.5,"stationary","non-breeding site",12.6,14.85,-10.6701030927835,-10.1408450704225,"solar-geolocator","Apus melba","16QD","F61072","Switzerland Biel - Long term study on migratory movement of Alpine swifts (Apus melba)"
16890708093,true,2016-11-11 07:12:11.000,-10.2061855670104,13.5,"stationary","non-breeding site",12.6,14.85,-10.6701030927835,-10.1408450704225,"solar-geolocator","Apus melba","16QD","F61072","Switzerland Biel - Long term study on migratory movement of Alpine swifts (Apus melba)"
16890708094,true,2016-11-11 19:37:48.000,-10.2061855670104,13.5,"stationary","non-breeding site",12.6,14.85,-10.6701030927835,-10.1408450704225,"solar-geolocator","Apus melba","16QD","F61072","Switzerland Biel - Long term study on migratory movement of Alpine swifts (Apus melba)"
16890708095,true,2016-11-12 07:12:11.000,-10.2061855670104,13.5,"stationary","non-breeding site",12.6,14.85,-10.6701030927835,-10.1408450704225,"solar-geolocator","Apus melba","16QD","F61072","Switzerland Biel - Long term study on migratory movement of Alpine swifts (Apus melba)"
16890708096,true,2016-11-12 19:39:48.000,-10.2061855670104,13.5,"stationary","non-breeding site",12.15,14.85,-10.6701030927835,-10.1408450704225,"solar-geolocator","Apus melba","16QD","F61072","Switzerland Biel - Long term study on migratory movement of Alpine swifts (Apus melba)"
16890708097,true,2016-11-13 07:12:11.000,-10.2061855670104,13.5,"stationary","non-breeding site",12.15,14.85,-10.6701030927835,-10.1408450704225,"solar-geolocator","Apus melba","16QD","F61072","Switzerland Biel - Long term study on migratory movement of Alpine swifts (Apus melba)"
16890708002,true,2016-11-13 19:35:48.000,-10.2193548387097,13.5,"stationary","non-breeding site",12.15,14.85,-10.6701030927835,-10.1408450704225,"solar-geolocator","Apus melba","16QD","F61072","Switzerland Biel - Long term study on migratory movement of Alpine swifts (Apus melba)"
16890708005,true,2016-11-14 07:10:11.000,-10.2193548387097,13.5,"stationary","non-breeding site",12.15,14.85,-10.6701030927835,-10.1408450704225,"solar-geolocator","Apus melba","16QD","F61072","Switzerland Biel - Long term study on migratory movement of Alpine swifts (Apus melba)"
16890708006,true,2016-11-14 19:33:48.000,-10.2193548387097,13.5,"stationary","non-breeding site",12.15,14.85,-10.6701030927835,-10.1408450704225,"solar-geolocator","Apus melba","16QD","F61072","Switzerland Biel - Long term study on migratory movement of Alpine swifts (Apus melba)"
16890708008,true,2016-11-15 07:10:11.000,-10.2193548387097,13.5,"stationary","non-breeding site",12.15,14.85,-10.6701030927835,-10.1408450704225,"solar-geolocator","Apus melba","16QD","F61072","Switzerland Biel - Long term study on migratory movement of Alpine swifts (Apus melba)"
16890708010,true,2016-11-15 19:37:48.000,-10.2193548387097,13.5,"stationary","non-breeding site",12.15,14.85,-10.6701030927835,-10.1408450704225,"solar-geolocator","Apus melba","16QD","F61072","Switzerland Biel - Long term study on migratory movement of Alpine swifts (Apus melba)"
16890708012,true,2016-11-16 07:12:11.000,-10.2193548387097,13.5,"stationary","non-breeding site",11.7,14.85,-10.6701030927835,-10.1408450704225,"solar-geolocator","Apus melba","16QD","F61072","Switzerland Biel - Long term study on migratory movement of Alpine swifts (Apus melba)"
16890708014,true,2016-11-16 19:37:48.000,-10.2193548387097,13.5,"stationary","non-breeding site",11.7,14.85,-10.6701030927835,-10.1408450704225,"solar-geolocator","Apus melba","16QD","F61072","Switzerland Biel - Long term study on migratory movement of Alpine swifts (Apus melba)"
16890708016,true,2016-11-17 07:12:11.000,-10.2193548387097,13.5,"stationary","non-breeding site",11.7,14.85,-10.6701030927835,-10.1408450704225,"solar-geolocator","Apus melba","16QD","F61072","Switzerland Biel - Long term study on migratory movement of Alpine swifts (Apus melba)"
16890708018,true,2016-11-17 19:39:48.000,-10.2193548387097,13.5,"stationary","non-breeding site",11.7,14.85,-10.6701030927835,-10.1408450704225,"solar-geolocator","Apus melba","16QD","F61072","Switzerland Biel - Long term study on migratory movement of Alpine swifts (Apus melba)"
16890708020,true,2016-11-18 07:10:11.000,-10.2193548387097,13.5,"stationary","non-breeding site",11.7,14.85,-10.6701030927835,-10.1408450704225,"solar-geolocator","Apus melba","16QD","F61072","Switzerland Biel - Long term study on migratory movement of Alpine swifts (Apus melba)"
16890708023,true,2016-11-18 19:43:48.000,-10.2193548387097,13.5,"stationary","non-breeding site",11.7,14.85,-10.6701030927835,-10.1408450704225,"solar-geolocator","Apus melba","16QD","F61072","Switzerland Biel - Long term study on migratory movement of Alpine swifts (Apus melba)"
16890708025,true,2016-11-19 07:12:11.000,-10.2193548387097,13.5,"stationary","non-breeding site",11.7,14.85,-10.6701030927835,-10.1408450704225,"solar-geolocator","Apus melba","16QD","F61072","Switzerland Biel - Long term study on migratory movement of Alpine swifts (Apus melba)"
16890708027,true,2016-11-19 19:43:48.000,-10.2193548387097,13.5,"stationary","non-breeding site",11.7,14.85,-10.6701030927835,-10.1408450704225,"solar-geolocator","Apus melba","16QD","F61072","Switzerland Biel - Long term study on migratory movement of Alpine swifts (Apus melba)"
16890708028,true,2016-11-20 07:14:11.000,-10.2193548387097,13.5,"stationary","non-breeding site",11.7,14.85,-10.6701030927835,-10.1408450704225,"solar-geolocator","Apus melba","16QD","F61072","Switzerland Biel - Long term study on migratory movement of Alpine swifts (Apus melba)"
16890708029,true,2016-11-20 19:43:48.000,-10.2193548387097,13.5,"stationary","non-breeding site",11.7,14.85,-10.6701030927835,-10.1408450704225,"solar-geolocator","Apus melba","16QD","F61072","Switzerland Biel - Long term study on migratory movement of Alpine swifts (Apus melba)"
16890708030,true,2016-11-21 07:14:11.000,-10.2193548387097,13.5,"stationary","non-breeding site",11.7,14.85,-10.6701030927835,-10.1408450704225,"solar-geolocator","Apus melba","16QD","F61072","Switzerland Biel - Long term study on migratory movement of Alpine swifts (Apus melba)"
16890708031,true,2016-11-21 19:39:49.000,-10.2193548387097,13.5,"stationary","non-breeding site",11.7,14.85,-10.6701030927835,-10.1408450704225,"solar-geolocator","Apus melba","16QD","F61072","Switzerland Biel - Long term study on migratory movement of Alpine swifts (Apus melba)"
16890708032,true,2016-11-22 07:12:11.000,-10.2193548387097,13.5,"stationary","non-breeding site",11.7,14.85,-10.6701030927835,-10.1408450704225,"solar-geolocator","Apus melba","16QD","F61072","Switzerland Biel - Long term study on migratory movement of Alpine swifts (Apus melba)"
16890708033,true,2016-11-22 19:39:48.000,-10.2193548387097,13.5,"stationary","non-breeding site",11.7,14.85,-10.6701030927835,-10.1408450704225,"solar-geolocator","Apus melba","16QD","F61072","Switzerland Biel - Long term study on migratory movement of Alpine swifts (Apus melba)"
16890708034,true,2016-11-23 07:12:11.000,-10.2193548387097,13.5,"stationary","non-breeding site",11.7,14.85,-10.6701030927835,-10.1408450704225,"solar-geolocator","Apus melba","16QD","F61072","Switzerland Biel - Long term study on migratory movement of Alpine swifts (Apus melba)"
16890708035,true,2016-11-23 19:39:48.000,-10.2193548387097,13.5,"stationary","non-breeding site",11.7,14.85,-10.6701030927835,-10.1408450704225,"solar-geolocator","Apus melba","16QD","F61072","Switzerland Biel - Long term study on migratory movement of Alpine swifts (Apus melba)"
16890708036,true,2016-11-24 07:14:11.000,-10.2193548387097,13.5,"stationary","non-breeding site",11.7,14.85,-10.6701030927835,-10.1408450704225,"solar-geolocator","Apus melba","16QD","F61072","Switzerland Biel - Long term study on migratory movement of Alpine swifts (Apus melba)"
16890708037,true,2016-11-24 19:39:48.000,-10.2193548387097,13.5,"stationary","non-breeding site",11.7,14.85,-10.6701030927835,-10.1408450704225,"solar-geolocator","Apus melba","16QD","F61072","Switzerland Biel - Long term study on migratory movement of Alpine swifts (Apus melba)"
16890708038,true,2016-11-25 07:14:11.000,-10.2193548387097,13.5,"stationary","non-breeding site",11.7,14.85,-10.6701030927835,-10.1408450704225,"solar-geolocator","Apus melba","16QD","F61072","Switzerland Biel - Long term study on migratory movement of Alpine swifts (Apus melba)"
16890708039,true,2016-11-25 19:43:48.000,-10.2193548387097,13.5,"stationary","non-breeding site",11.7,14.85,-10.6701030927835,-10.1408450704225,"solar-geolocator","Apus melba","16QD","F61072","Switzerland Biel - Long term study on migratory movement of Alpine swifts (Apus melba)"
16890708040,true,2016-11-26 07:18:11.000,-10.2193548387097,13.5,"stationary","non-breeding site",11.7,14.85,-10.6701030927835,-10.1408450704225,"solar-geolocator","Apus melba","16QD","F61072","Switzerland Biel - Long term study on migratory movement of Alpine swifts (Apus melba)"
16890708041,true,2016-11-26 19:39:48.000,-10.2193548387097,13.5,"stationary","non-breeding site",11.7,14.85,-10.6701030927835,-10.1408450704225,"solar-geolocator","Apus melba","16QD","F61072","Switzerland Biel - Long term study on migratory movement of Alpine swifts (Apus melba)"
16890708042,true,2016-11-27 07:18:11.000,-10.2193548387097,13.5,"stationary","non-breeding site",11.25,14.85,-10.6701030927835,-10.0891719745223,"solar-geolocator","Apus melba","16QD","F61072","Switzerland Biel - Long term study on migratory movement of Alpine swifts (Apus melba)"
16890708323,true,2016-11-27 19:35:48.000,-10.1408450704225,12.15,"movement","non-breeding site",9.00000000000001,14.85,-10.6426735218509,-7.74683544303801,"solar-geolocator","Apus melba","16QD","F61072","Switzerland Biel - Long term study on migratory movement of Alpine swifts (Apus melba)"
16890708863,true,2016-11-28 07:04:11.000,-8.20253164556962,9.44999999999999,"movement","migration",8.55000000000001,12.6,-8.24427480916035,-6.87898089171978,"solar-geolocator","Apus melba","16QD","F61072","Switzerland Biel - Long term study on migratory movement of Alpine swifts (Apus melba)"
16890708864,true,2016-11-28 19:31:48.000,-8.20253164556962,9.44999999999999,"stationary","migration",8.55000000000001,11.7,-8.22335025380712,-6.89655172413797,"solar-geolocator","Apus melba","16QD","F61072","Switzerland Biel - Long term study on migratory movement of Alpine swifts (Apus melba)"
16890708865,true,2016-11-29 07:02:11.000,-8.20253164556962,9.44999999999999,"stationary","non-breeding site",8.55000000000001,11.7,-8.22335025380712,-6.91421254801538,"solar-geolocator","Apus melba","16QD","F61072","Switzerland Biel - Long term study on migratory movement of Alpine swifts (Apus melba)"
16890708866,true,2016-11-29 19:25:48.000,-8.20253164556962,9.44999999999999,"stationary","non-breeding site",8.55000000000001,11.7,-8.22335025380712,-6.94087403598972,"solar-geolocator","Apus melba","16QD","F61072","Switzerland Biel - Long term study on migratory movement of Alpine swifts (Apus melba)"
16890708868,true,2016-11-30 07:04:11.000,-8.20253164556962,9.44999999999999,"stationary","non-breeding site",8.55000000000001,11.7,-8.22335025380712,-6.94087403598972,"solar-geolocator","Apus melba","16QD","F61072","Switzerland Biel - Long term study on migratory movement of Alpine swifts (Apus melba)"
16890708869,true,2016-11-30 19:31:48.000,-8.20253164556962,9.44999999999999,"stationary","non-breeding site",8.55000000000001,11.7,-8.22335025380712,-6.94087403598972,"solar-geolocator","Apus melba","16QD","F61072","Switzerland Biel - Long term study on migratory movement of Alpine swifts (Apus melba)"
16890708870,true,2016-12-01 07:06:11.000,-8.20253164556962,9.44999999999999,"stationary","non-breeding site",8.55000000000001,11.7,-8.22335025380712,-6.94087403598972,"solar-geolocator","Apus melba","16QD","F61072","Switzerland Biel - Long term study on migratory movement of Alpine swifts (Apus melba)"
16890708871,true,2016-12-01 19:29:48.000,-8.20253164556962,9.44999999999999,"stationary","non-breeding site",8.55000000000001,11.7,-8.22335025380712,-6.94087403598972,"solar-geolocator","Apus melba","16QD","F61072","Switzerland Biel - Long term study on migratory movement of Alpine swifts (Apus melba)"
16890708872,true,2016-12-02 07:02:11.000,-8.20253164556962,9.44999999999999,"stationary","non-breeding site",8.55000000000001,11.7,-8.22335025380712,-6.94087403598972,"solar-geolocator","Apus melba","16QD","F61072","Switzerland Biel - Long term study on migratory movement of Alpine swifts (Apus melba)"
16890708873,true,2016-12-02 19:29:48.000,-8.20253164556962,9.44999999999999,"stationary","non-breeding site",8.55000000000001,11.7,-8.22335025380712,-6.94087403598972,"solar-geolocator","Apus melba","16QD","F61072","Switzerland Biel - Long term study on migratory movement of Alpine swifts (Apus melba)"
16890708874,true,2016-12-03 07:04:11.000,-8.20253164556962,9.44999999999999,"stationary","non-breeding site",8.55000000000001,11.7,-8.22335025380712,-7.29113924050634,"solar-geolocator","Apus melba","16QD","F61072","Switzerland Biel - Long term study on migratory movement of Alpine swifts (Apus melba)"
16890709157,true,2016-12-03 19:29:48.000,-8.1921618204804,9.44999999999999,"stationary","non-breeding site",8.55000000000001,11.25,-8.22335025380712,-7.30038022813691,"solar-geolocator","Apus melba","16QD","F61072","Switzerland Biel - Long term study on migratory movement of Alpine swifts (Apus melba)"
16890709160,true,2016-12-04 07:10:11.000,-8.1921618204804,9.44999999999999,"stationary","non-breeding site",8.55000000000001,10.8,-8.22335025380712,-7.30964467005074,"solar-geolocator","Apus melba","16QD","F61072","Switzerland Biel - Long term study on migratory movement of Alpine swifts (Apus melba)"
16890708875,true,2016-12-04 19:41:48.000,-8.20253164556962,9.44999999999999,"stationary","non-breeding site",8.55000000000001,10.8,-8.22335025380712,-7.30964467005074,"solar-geolocator","Apus melba","16QD","F61072","Switzerland Biel - Long term study on migratory movement of Alpine swifts (Apus melba)"
16890708876,true,2016-12-05 07:10:11.000,-8.20253164556962,9.44999999999999,"stationary","non-breeding site",8.55000000000001,10.8,-8.22335025380712,-7.30964467005074,"solar-geolocator","Apus melba","16QD","F61072","Switzerland Biel - Long term study on migratory movement of Alpine swifts (Apus melba)"
16890708877,true,2016-12-05 19:41:48.000,-8.20253164556962,9.44999999999999,"stationary","non-breeding site",8.55000000000001,10.8,-8.22335025380712,-7.30964467005074,"solar-geolocator","Apus melba","16QD","F61072","Switzerland Biel - Long term study on migratory movement of Alpine swifts (Apus melba)"
16890708878,true,2016-12-06 07:08:11.000,-8.20253164556962,9.44999999999999,"stationary","non-breeding site",8.55000000000001,10.8,-8.22335025380712,-7.30964467005074,"solar-geolocator","Apus melba","16QD","F61072","Switzerland Biel - Long term study on migratory movement of Alpine swifts (Apus melba)"
16890708729,true,2016-12-06 19:37:48.000,-8.21292775665402,9.44999999999999,"stationary","non-breeding site",8.55000000000001,10.8,-8.22335025380712,-7.30964467005074,"solar-geolocator","Apus melba","16QD","F61072","Switzerland Biel - Long term study on migratory movement of Alpine swifts (Apus melba)"
16890708730,true,2016-12-07 07:10:11.000,-8.21292775665402,9.44999999999999,"stationary","non-breeding site",8.55000000000001,10.8,-8.22335025380712,-7.30964467005074,"solar-geolocator","Apus melba","16QD","F61072","Switzerland Biel - Long term study on migratory movement of Alpine swifts (Apus melba)"
16890708731,true,2016-12-07 19:35:48.000,-8.21292775665402,9.44999999999999,"stationary","non-breeding site",8.55000000000001,10.8,-8.22335025380712,-7.30964467005074,"solar-geolocator","Apus melba","16QD","F61072","Switzerland Biel - Long term study on migratory movement of Alpine swifts (Apus melba)"
16890708732,true,2016-12-08 07:10:11.000,-8.21292775665402,9.44999999999999,"stationary","non-breeding site",8.55000000000001,10.8,-8.22335025380712,-7.30964467005074,"solar-geolocator","Apus melba","16QD","F61072","Switzerland Biel - Long term study on migratory movement of Alpine swifts (Apus melba)"
16890708733,true,2016-12-08 19:27:48.000,-8.21292775665402,9.44999999999999,"stationary","non-breeding site",8.55000000000001,10.8,-8.22335025380712,-7.30964467005074,"solar-geolocator","Apus melba","16QD","F61072","Switzerland Biel - Long term study on migratory movement of Alpine swifts (Apus melba)"
16890708734,true,2016-12-09 07:06:11.000,-8.21292775665402,9.44999999999999,"stationary","non-breeding site",8.55000000000001,10.8,-8.22335025380712,-7.30964467005074,"solar-geolocator","Apus melba","16QD","F61072","Switzerland Biel - Long term study on migratory movement of Alpine swifts (Apus melba)"
16890708735,true,2016-12-09 19:35:48.000,-8.21292775665402,9.44999999999999,"stationary","non-breeding site",8.55000000000001,10.8,-8.22335025380712,-7.30964467005074,"solar-geolocator","Apus melba","16QD","F61072","Switzerland Biel - Long term study on migratory movement of Alpine swifts (Apus melba)"
16890708736,true,2016-12-10 07:06:11.000,-8.21292775665402,9.44999999999999,"stationary","non-breeding site",8.55000000000001,10.8,-8.22335025380712,-7.30964467005074,"solar-geolocator","Apus melba","16QD","F61072","Switzerland Biel - Long term study on migratory movement of Alpine swifts (Apus melba)"
16890708737,true,2016-12-10 19:35:48.000,-8.21292775665402,9.44999999999999,"stationary","non-breeding site",8.55000000000001,10.8,-8.22335025380712,-7.30964467005074,"solar-geolocator","Apus melba","16QD","F61072","Switzerland Biel - Long term study on migratory movement of Alpine swifts (Apus melba)"
16890708738,true,2016-12-11 07:08:11.000,-8.21292775665402,9.44999999999999,"stationary","non-breeding site",8.55000000000001,10.8,-8.22335025380712,-7.30964467005074,"solar-geolocator","Apus melba","16QD","F61072","Switzerland Biel - Long term study on migratory movement of Alpine swifts (Apus melba)"
16890708739,true,2016-12-11 19:35:48.000,-8.21292775665402,9.44999999999999,"stationary","non-breeding site",8.55000000000001,10.8,-8.22335025380712,-7.30964467005074,"solar-geolocator","Apus melba","16QD","F61072","Switzerland Biel - Long term study on migratory movement of Alpine swifts (Apus melba)"
16890708740,true,2016-12-12 07:14:11.000,-8.21292775665402,9.44999999999999,"stationary","non-breeding site",8.55000000000001,10.35,-8.2337992376112,-7.31893265565437,"solar-geolocator","Apus melba","16QD","F61072","Switzerland Biel - Long term study on migratory movement of Alpine swifts (Apus melba)"
16890708741,true,2016-12-12 19:35:48.000,-8.21292775665402,9.44999999999999,"stationary","non-breeding site",8.55000000000001,10.35,-8.2337992376112,-7.31893265565437,"solar-geolocator","Apus melba","16QD","F61072","Switzerland Biel - Long term study on migratory movement of Alpine swifts (Apus melba)"
16890708744,true,2016-12-13 07:14:11.000,-8.21292775665402,9.44999999999999,"stationary","non-breeding site",8.55000000000001,10.35,-8.2337992376112,-7.75665399239546,"solar-geolocator","Apus melba","16QD","F61072","Switzerland Biel - Long term study on migratory movement of Alpine swifts (Apus melba)"
16890708745,true,2016-12-13 19:35:48.000,-8.21292775665402,9.44999999999999,"stationary","non-breeding site",8.55000000000001,10.35,-8.64728192161823,-7.75665399239546,"solar-geolocator","Apus melba","16QD","F61072","Switzerland Biel - Long term study on migratory movement of Alpine swifts (Apus melba)"
16890708746,true,2016-12-14 07:16:11.000,-8.21292775665402,9.44999999999999,"stationary","non-breeding site",8.55000000000001,10.35,-8.64728192161823,-7.75665399239546,"solar-geolocator","Apus melba","16QD","F61072","Switzerland Biel - Long term study on migratory movement of Alpine swifts (Apus melba)"
16890708747,true,2016-12-14 19:39:48.000,-8.21292775665402,9.44999999999999,"stationary","non-breeding site",8.55000000000001,10.35,-8.64728192161823,-7.76649746192896,"solar-geolocator","Apus melba","16QD","F61072","Switzerland Biel - Long term study on migratory movement of Alpine swifts (Apus melba)"
16890708748,true,2016-12-15 07:14:11.000,-8.21292775665402,9.44999999999999,"stationary","non-breeding site",8.55000000000001,10.35,-8.64728192161823,-7.77636594663281,"solar-geolocator","Apus melba","16QD","F61072","Switzerland Biel - Long term study on migratory movement of Alpine swifts (Apus melba)"
16890708749,true,2016-12-15 19:41:48.000,-8.21292775665402,9.44999999999999,"stationary","non-breeding site",8.55000000000001,10.35,-8.64728192161823,-7.77636594663281,"solar-geolocator","Apus melba","16QD","F61072","Switzerland Biel - Long term study on migratory movement of Alpine swifts (Apus melba)"
16890708750,true,2016-12-16 07:14:11.000,-8.21292775665402,9.44999999999999,"stationary","non-breeding site",8.55000000000001,10.35,-8.65822784810129,-7.77636594663281,"solar-geolocator","Apus melba","16QD","F61072","Switzerland Biel - Long term study on migratory movement of Alpine swifts (Apus melba)"
16890708751,true,2016-12-16 19:43:48.000,-8.21292775665402,9.44999999999999,"stationary","non-breeding site",8.55000000000001,10.35,-8.65822784810129,-7.77636594663281,"solar-geolocator","Apus melba","16QD","F61072","Switzerland Biel - Long term study on migratory movement of Alpine swifts (Apus melba)"
16890708752,true,2016-12-17 07:14:11.000,-8.21292775665402,9.44999999999999,"stationary","non-breeding site",8.55000000000001,10.35,-8.65822784810129,-7.77636594663281,"solar-geolocator","Apus melba","16QD","F61072","Switzerland Biel - Long term study on migratory movement of Alpine swifts (Apus melba)"
16890708753,true,2016-12-17 19:37:48.000,-8.21292775665402,9.44999999999999,"stationary","non-breeding site",8.55000000000001,10.35,-8.65822784810129,-7.77636594663281,"solar-geolocator","Apus melba","16QD","F61072","Switzerland Biel - Long term study on migratory movement of Alpine swifts (Apus melba)"
16890708754,true,2016-12-18 07:14:11.000,-8.21292775665402,9.44999999999999,"stationary","non-breeding site",8.55000000000001,10.35,-8.65822784810129,-7.77636594663281,"solar-geolocator","Apus melba","16QD","F61072","Switzerland Biel - Long term study on migratory movement of Alpine swifts (Apus melba)"
16890708755,true,2016-12-18 19:41:48.000,-8.21292775665402,9.44999999999999,"stationary","non-breeding site",8.55000000000001,10.35,-8.65822784810129,-7.77636594663281,"solar-geolocator","Apus melba","16QD","F61072","Switzerland Biel - Long term study on migratory movement of Alpine swifts (Apus melba)"
16890708756,true,2016-12-19 07:16:11.000,-8.21292775665402,9.44999999999999,"stationary","non-breeding site",8.55000000000001,9.90000000000001,-8.65822784810129,-8.1921618204804,"solar-geolocator","Apus melba","16QD","F61072","Switzerland Biel - Long term study on migratory movement of Alpine swifts (Apus melba)"
16890708757,true,2016-12-19 19:43:48.000,-8.21292775665402,9.44999999999999,"stationary","non-breeding site",8.55000000000001,9.90000000000001,-8.65822784810129,-8.1921618204804,"solar-geolocator","Apus melba","16QD","F61072","Switzerland Biel - Long term study on migratory movement of Alpine swifts (Apus melba)"
16890708758,true,2016-12-20 07:16:11.000,-8.21292775665402,9.44999999999999,"stationary","non-breeding site",8.55000000000001,9.90000000000001,-8.65822784810129,-8.1921618204804,"solar-geolocator","Apus melba","16QD","F61072","Switzerland Biel - Long term study on migratory movement of Alpine swifts (Apus melba)"
16890708759,true,2016-12-20 19:49:48.000,-8.21292775665402,9.44999999999999,"stationary","non-breeding site",8.55000000000001,9.90000000000001,-8.65822784810129,-8.1921618204804,"solar-geolocator","Apus melba","16QD","F61072","Switzerland Biel - Long term study on migratory movement of Alpine swifts (Apus melba)"
16890708760,true,2016-12-21 07:18:11.000,-8.21292775665402,9.44999999999999,"stationary","non-breeding site",8.55000000000001,9.90000000000001,-8.65822784810129,-8.1921618204804,"solar-geolocator","Apus melba","16QD","F61072","Switzerland Biel - Long term study on migratory movement of Alpine swifts (Apus melba)"
16890708761,true,2016-12-21 19:47:48.000,-8.21292775665402,9.44999999999999,"stationary","non-breeding site",8.55000000000001,9.90000000000001,-8.65822784810129,-8.1921618204804,"solar-geolocator","Apus melba","16QD","F61072","Switzerland Biel - Long term study on migratory movement of Alpine swifts (Apus melba)"
16890708762,true,2016-12-22 07:18:11.000,-8.21292775665402,9.44999999999999,"stationary","non-breeding site",8.55000000000001,9.90000000000001,-8.65822784810129,-8.1921618204804,"solar-geolocator","Apus melba","16QD","F61072","Switzerland Biel - Long term study on migratory movement of Alpine swifts (Apus melba)"
16890708763,true,2016-12-22 19:45:48.000,-8.21292775665402,9.44999999999999,"stationary","non-breeding site",8.55000000000001,9.90000000000001,-8.65822784810129,-8.1921618204804,"solar-geolocator","Apus melba","16QD","F61072","Switzerland Biel - Long term study on migratory movement of Alpine swifts (Apus melba)"
16890708764,true,2016-12-23 07:20:11.000,-8.21292775665402,9.44999999999999,"stationary","non-breeding site",8.55000000000001,9.90000000000001,-8.65822784810129,-8.1921618204804,"solar-geolocator","Apus melba","16QD","F61072","Switzerland Biel - Long term study on migratory movement of Alpine swifts (Apus melba)"
16890708765,true,2016-12-23 19:49:48.000,-8.21292775665402,9.44999999999999,"stationary","non-breeding site",8.55000000000001,9.90000000000001,-8.65822784810129,-8.1921618204804,"solar-geolocator","Apus melba","16QD","F61072","Switzerland Biel - Long term study on migratory movement of Alpine swifts (Apus melba)"
16890708766,true,2016-12-24 07:18:11.000,-8.21292775665402,9.44999999999999,"stationary","non-breeding site",8.55000000000001,9.90000000000001,-8.65822784810129,-8.1921618204804,"solar-geolocator","Apus melba","16QD","F61072","Switzerland Biel - Long term study on migratory movement of Alpine swifts (Apus melba)"
16890708767,true,2016-12-24 19:47:48.000,-8.21292775665402,9.44999999999999,"stationary","non-breeding site",8.55000000000001,9.90000000000001,-8.65822784810129,-8.1921618204804,"solar-geolocator","Apus melba","16QD","F61072","Switzerland Biel - Long term study on migratory movement of Alpine swifts (Apus melba)"
16890708769,true,2016-12-25 07:20:11.000,-8.21292775665402,9.44999999999999,"stationary","non-breeding site",8.55000000000001,9.90000000000001,-8.65822784810129,-8.1921618204804,"solar-geolocator","Apus melba","16QD","F61072","Switzerland Biel - Long term study on migratory movement of Alpine swifts (Apus melba)"
16890708770,true,2016-12-25 19:49:48.000,-8.21292775665402,9.44999999999999,"stationary","non-breeding site",8.55000000000001,9.90000000000001,-8.65822784810129,-8.1921618204804,"solar-geolocator","Apus melba","16QD","F61072","Switzerland Biel - Long term study on migratory movement of Alpine swifts (Apus melba)"
16890708771,true,2016-12-26 07:18:11.000,-8.21292775665402,9.44999999999999,"stationary","non-breeding site",8.55000000000001,9.90000000000001,-8.65822784810129,-8.1921618204804,"solar-geolocator","Apus melba","16QD","F61072","Switzerland Biel - Long term study on migratory movement of Alpine swifts (Apus melba)"
16890708773,true,2016-12-26 19:49:48.000,-8.21292775665402,9.44999999999999,"stationary","non-breeding site",8.55000000000001,9.90000000000001,-8.65822784810129,-8.1921618204804,"solar-geolocator","Apus melba","16QD","F61072","Switzerland Biel - Long term study on migratory movement of Alpine swifts (Apus melba)"
16890708774,true,2016-12-27 07:22:11.000,-8.21292775665402,9.44999999999999,"stationary","non-breeding site",8.55000000000001,9.90000000000001,-8.65822784810129,-8.1921618204804,"solar-geolocator","Apus melba","16QD","F61072","Switzerland Biel - Long term study on migratory movement of Alpine swifts (Apus melba)"
16890708775,true,2016-12-27 19:51:48.000,-8.21292775665402,9.44999999999999,"stationary","non-breeding site",8.55000000000001,9.90000000000001,-8.65822784810129,-8.1921618204804,"solar-geolocator","Apus melba","16QD","F61072","Switzerland Biel - Long term study on migratory movement of Alpine swifts (Apus melba)"
16890708777,true,2016-12-28 07:26:11.000,-8.21292775665402,9.44999999999999,"stationary","non-breeding site",8.55000000000001,9.90000000000001,-8.65822784810129,-8.1921618204804,"solar-geolocator","Apus melba","16QD","F61072","Switzerland Biel - Long term study on migratory movement of Alpine swifts (Apus melba)"
16890708778,true,2016-12-28 19:53:48.000,-8.21292775665402,9.44999999999999,"stationary","non-breeding site",8.55000000000001,9.90000000000001,-8.65822784810129,-8.20253164556962,"solar-geolocator","Apus melba","16QD","F61072","Switzerland Biel - Long term study on migratory movement of Alpine swifts (Apus melba)"
16890708779,true,2016-12-29 07:24:11.000,-8.21292775665402,9.44999999999999,"stationary","non-breeding site",8.55000000000001,9.90000000000001,-8.65822784810129,-8.20253164556962,"solar-geolocator","Apus melba","16QD","F61072","Switzerland Biel - Long term study on migratory movement of Alpine swifts (Apus melba)"
16890708780,true,2016-12-29 19:51:48.000,-8.21292775665402,9.44999999999999,"stationary","non-breeding site",8.55000000000001,9.90000000000001,-8.65822784810129,-8.20253164556962,"solar-geolocator","Apus melba","16QD","F61072","Switzerland Biel - Long term study on migratory movement of Alpine swifts (Apus melba)"
16890708781,true,2016-12-30 07:20:11.000,-8.21292775665402,9.44999999999999,"stationary","non-breeding site",8.55000000000001,9.90000000000001,-8.65822784810129,-8.20253164556962,"solar-geolocator","Apus melba","16QD","F61072","Switzerland Biel - Long term study on migratory movement of Alpine swifts (Apus melba)"
16890708782,true,2016-12-30 19:53:48.000,-8.21292775665402,9.44999999999999,"stationary","non-breeding site",8.55000000000001,9.90000000000001,-8.65822784810129,-8.20253164556962,"solar-geolocator","Apus melba","16QD","F61072","Switzerland Biel - Long term study on migratory movement of Alpine swifts (Apus melba)"
16890708783,true,2016-12-31 07:22:11.000,-8.21292775665402,9.44999999999999,"stationary","non-breeding site",8.55000000000001,9.90000000000001,-8.65822784810129,-8.20253164556962,"solar-geolocator","Apus melba","16QD","F61072","Switzerland Biel - Long term study on migratory movement of Alpine swifts (Apus melba)"
16890708784,true,2016-12-31 19:47:49.000,-8.21292775665402,9.44999999999999,"stationary","non-breeding site",8.55000000000001,9.90000000000001,-8.65822784810129,-8.20253164556962,"solar-geolocator","Apus melba","16QD","F61072","Switzerland Biel - Long term study on migratory movement of Alpine swifts (Apus melba)"
16890708785,true,2017-01-01 07:16:11.000,-8.21292775665402,9.44999999999999,"stationary","non-breeding site",8.55000000000001,9.90000000000001,-8.65822784810129,-8.20253164556962,"solar-geolocator","Apus melba","16QD","F61072","Switzerland Biel - Long term study on migratory movement of Alpine swifts (Apus melba)"
16890708786,true,2017-01-01 19:47:48.000,-8.21292775665402,9.44999999999999,"stationary","non-breeding site",8.55000000000001,9.90000000000001,-8.65822784810129,-8.20253164556962,"solar-geolocator","Apus melba","16QD","F61072","Switzerland Biel - Long term study on migratory movement of Alpine swifts (Apus melba)"
16890708787,true,2017-01-02 07:20:11.000,-8.21292775665402,9.44999999999999,"stationary","non-breeding site",8.55000000000001,9.90000000000001,-8.65822784810129,-8.20253164556962,"solar-geolocator","Apus melba","16QD","F61072","Switzerland Biel - Long term study on migratory movement of Alpine swifts (Apus melba)"
16890708788,true,2017-01-02 19:57:48.000,-8.21292775665402,9.44999999999999,"stationary","non-breeding site",8.55000000000001,9.90000000000001,-8.65822784810129,-8.20253164556962,"solar-geolocator","Apus melba","16QD","F61072","Switzerland Biel - Long term study on migratory movement of Alpine swifts (Apus melba)"
16890708789,true,2017-01-03 07:22:11.000,-8.21292775665402,9.44999999999999,"stationary","non-breeding site",8.55000000000001,9.90000000000001,-8.65822784810129,-8.20253164556962,"solar-geolocator","Apus melba","16QD","F61072","Switzerland Biel - Long term study on migratory movement of Alpine swifts (Apus melba)"
16890708790,true,2017-01-03 19:55:48.000,-8.21292775665402,9.44999999999999,"stationary","non-breeding site",8.55000000000001,9.90000000000001,-8.65822784810129,-8.20253164556962,"solar-geolocator","Apus melba","16QD","F61072","Switzerland Biel - Long term study on migratory movement of Alpine swifts (Apus melba)"
16890708791,true,2017-01-04 07:24:11.000,-8.21292775665402,9.44999999999999,"stationary","non-breeding site",8.55000000000001,9.90000000000001,-8.65822784810129,-8.20253164556962,"solar-geolocator","Apus melba","16QD","F61072","Switzerland Biel - Long term study on migratory movement of Alpine swifts (Apus melba)"
16890708792,true,2017-01-04 19:55:48.000,-8.21292775665402,9.44999999999999,"stationary","non-breeding site",8.55000000000001,9.90000000000001,-8.66920152091257,-8.20253164556962,"solar-geolocator","Apus melba","16QD","F61072","Switzerland Biel - Long term study on migratory movement of Alpine swifts (Apus melba)"
16890708793,true,2017-01-05 07:24:11.000,-8.21292775665402,9.44999999999999,"stationary","non-breeding site",8.55000000000001,9.90000000000001,-8.66920152091257,-8.20253164556962,"solar-geolocator","Apus melba","16QD","F61072","Switzerland Biel - Long term study on migratory movement of Alpine swifts (Apus melba)"
16890708794,true,2017-01-05 19:53:48.000,-8.21292775665402,9.44999999999999,"stationary","non-breeding site",8.55000000000001,9.90000000000001,-8.66920152091257,-8.20253164556962,"solar-geolocator","Apus melba","16QD","F61072","Switzerland Biel - Long term study on migratory movement of Alpine swifts (Apus melba)"
16890708795,true,2017-01-06 07:24:11.000,-8.21292775665402,9.44999999999999,"stationary","non-breeding site",8.55000000000001,9.90000000000001,-8.66920152091257,-8.20253164556962,"solar-geolocator","Apus melba","16QD","F61072","Switzerland Biel - Long term study on migratory movement of Alpine swifts (Apus melba)"
16890708796,true,2017-01-06 19:53:48.000,-8.21292775665402,9.44999999999999,"stationary","non-breeding site",8.55000000000001,9.90000000000001,-8.66920152091257,-8.1921618204804,"solar-geolocator","Apus melba","16QD","F61072","Switzerland Biel - Long term study on migratory movement of Alpine swifts (Apus melba)"
16890708797,true,2017-01-07 07:14:11.000,-8.21292775665402,9.44999999999999,"stationary","non-breeding site",8.55000000000001,9.90000000000001,-8.66920152091257,-8.1921618204804,"solar-geolocator","Apus melba","16QD","F61072","Switzerland Biel - Long term study on migratory movement of Alpine swifts (Apus melba)"
16890708702,true,2017-01-07 19:49:48.000,-8.22335025380712,9.00000000000001,"stationary","non-breeding site",8.55000000000001,9.90000000000001,-8.66920152091257,-8.1921618204804,"solar-geolocator","Apus melba","16QD","F61072","Switzerland Biel - Long term study on migratory movement of Alpine swifts (Apus melba)"
16890708703,true,2017-01-08 07:18:11.000,-8.22335025380712,9.44999999999999,"stationary","non-breeding site",8.55000000000001,9.90000000000001,-8.66920152091257,-8.20253164556962,"solar-geolocator","Apus melba","16QD","F61072","Switzerland Biel - Long term study on migratory movement of Alpine swifts (Apus melba)"
16890708798,true,2017-01-08 19:51:48.000,-8.21292775665402,9.44999999999999,"stationary","non-breeding site",8.55000000000001,9.90000000000001,-8.66920152091257,-8.20253164556962,"solar-geolocator","Apus melba","16QD","F61072","Switzerland Biel - Long term study on migratory movement of Alpine swifts (Apus melba)"
16890708799,true,2017-01-09 07:20:11.000,-8.21292775665402,9.44999999999999,"stationary","non-breeding site",8.55000000000001,9.90000000000001,-8.66920152091257,-8.20253164556962,"solar-geolocator","Apus melba","16QD","F61072","Switzerland Biel - Long term study on migratory movement of Alpine swifts (Apus melba)"
16890708800,true,2017-01-09 19:53:48.000,-8.21292775665402,9.44999999999999,"stationary","non-breeding site",8.55000000000001,9.90000000000001,-8.66920152091257,-8.20253164556962,"solar-geolocator","Apus melba","16QD","F61072","Switzerland Biel - Long term study on migratory movement of Alpine swifts (Apus melba)"
16890708801,true,2017-01-10 07:24:11.000,-8.21292775665402,9.44999999999999,"stationary","non-breeding site",8.55000000000001,9.90000000000001,-8.66920152091257,-8.20253164556962,"solar-geolocator","Apus melba","16QD","F61072","Switzerland Biel - Long term study on migratory movement of Alpine swifts (Apus melba)"
16890708802,true,2017-01-10 19:57:48.000,-8.21292775665402,9.44999999999999,"stationary","non-breeding site",8.55000000000001,9.90000000000001,-8.66920152091257,-8.20253164556962,"solar-geolocator","Apus melba","16QD","F61072","Switzerland Biel - Long term study on migratory movement of Alpine swifts (Apus melba)"
16890708803,true,2017-01-11 07:24:11.000,-8.21292775665402,9.44999999999999,"stationary","non-breeding site",8.55000000000001,9.90000000000001,-8.65822784810129,-8.20253164556962,"solar-geolocator","Apus melba","16QD","F61072","Switzerland Biel - Long term study on migratory movement of Alpine swifts (Apus melba)"
16890708804,true,2017-01-11 19:55:48.000,-8.21292775665402,9.44999999999999,"stationary","non-breeding site",8.55000000000001,9.90000000000001,-8.65822784810129,-8.20253164556962,"solar-geolocator","Apus melba","16QD","F61072","Switzerland Biel - Long term study on migratory movement of Alpine swifts (Apus melba)"
16890708805,true,2017-01-12 07:24:11.000,-8.21292775665402,9.44999999999999,"stationary","non-breeding site",8.55000000000001,9.90000000000001,-8.65822784810129,-8.20253164556962,"solar-geolocator","Apus melba","16QD","F61072","Switzerland Biel - Long term study on migratory movement of Alpine swifts (Apus melba)"
16890708806,true,2017-01-12 19:53:48.000,-8.21292775665402,9.44999999999999,"stationary","non-breeding site",8.55000000000001,9.90000000000001,-8.65822784810129,-8.20253164556962,"solar-geolocator","Apus melba","16QD","F61072","Switzerland Biel - Long term study on migratory movement of Alpine swifts (Apus melba)"
16890708807,true,2017-01-13 07:20:11.000,-8.21292775665402,9.44999999999999,"stationary","non-breeding site",8.55000000000001,9.90000000000001,-8.65822784810129,-8.20253164556962,"solar-geolocator","Apus melba","16QD","F61072","Switzerland Biel - Long term study on migratory movement of Alpine swifts (Apus melba)"
16890708808,true,2017-01-13 19:53:48.000,-8.21292775665402,9.44999999999999,"stationary","non-breeding site",8.55000000000001,9.90000000000001,-8.66920152091257,-8.20253164556962,"solar-geolocator","Apus melba","16QD","F61072","Switzerland Biel - Long term study on migratory movement of Alpine swifts (Apus melba)"
16890708809,true,2017-01-14 07:24:11.000,-8.21292775665402,9.44999999999999,"stationary","non-breeding site",8.55000000000001,9.90000000000001,-8.66920152091257,-8.20253164556962,"solar-geolocator","Apus melba","16QD","F61072","Switzerland Biel - Long term study on migratory movement of Alpine swifts (Apus melba)"
16890708810,true,2017-01-14 19:53:48.000,-8.21292775665402,9.44999999999999,"stationary","non-breeding site",8.55000000000001,9.90000000000001,-8.66920152091257,-8.20253164556962,"solar-geolocator","Apus melba","16QD","F61072","Switzerland Biel - Long term study on migratory movement of Alpine swifts (Apus melba)"
16890708811,true,2017-01-15 07:24:11.000,-8.21292775665402,9.44999999999999,"stationary","non-breeding site",8.55000000000001,9.90000000000001,-8.66920152091257,-8.20253164556962,"solar-geolocator","Apus melba","16QD","F61072","Switzerland Biel - Long term study on migratory movement of Alpine swifts (Apus melba)"
16890708812,true,2017-01-15 19:53:48.000,-8.21292775665402,9.44999999999999,"stationary","non-breeding site",8.55000000000001,9.90000000000001,-8.66920152091257,-8.20253164556962,"solar-geolocator","Apus melba","16QD","F61072","Switzerland Biel - Long term study on migratory movement of Alpine swifts (Apus melba)"
16890708813,true,2017-01-16 07:24:11.000,-8.21292775665402,9.44999999999999,"stationary","non-breeding site",8.55000000000001,9.90000000000001,-8.66920152091257,-8.20253164556962,"solar-geolocator","Apus melba","16QD","F61072","Switzerland Biel - Long term study on migratory movement of Alpine swifts (Apus melba)"
16890708814,true,2017-01-16 19:55:48.000,-8.21292775665402,9.44999999999999,"stationary","non-breeding site",8.55000000000001,9.90000000000001,-8.65822784810129,-8.20253164556962,"solar-geolocator","Apus melba","16QD","F61072","Switzerland Biel - Long term study on migratory movement of Alpine swifts (Apus melba)"
16890708815,true,2017-01-17 07:22:11.000,-8.21292775665402,9.44999999999999,"stationary","non-breeding site",8.55000000000001,9.90000000000001,-8.65822784810129,-8.20253164556962,"solar-geolocator","Apus melba","16QD","F61072","Switzerland Biel - Long term study on migratory movement of Alpine swifts (Apus melba)"
16890708816,true,2017-01-17 19:55:48.000,-8.21292775665402,9.44999999999999,"stationary","non-breeding site",8.55000000000001,9.90000000000001,-8.65822784810129,-8.20253164556962,"solar-geolocator","Apus melba","16QD","F61072","Switzerland Biel - Long term study on migratory movement of Alpine swifts (Apus melba)"
16890708817,true,2017-01-18 07:22:11.000,-8.21292775665402,9.44999999999999,"stationary","non-breeding site",8.55000000000001,9.90000000000001,-8.65822784810129,-8.20253164556962,"solar-geolocator","Apus melba","16QD","F61072","Switzerland Biel - Long term study on migratory movement of Alpine swifts (Apus melba)"
16890708818,true,2017-01-18 19:57:48.000,-8.21292775665402,9.44999999999999,"stationary","non-breeding site",8.55000000000001,9.90000000000001,-8.65822784810129,-8.20253164556962,"solar-geolocator","Apus melba","16QD","F61072","Switzerland Biel - Long term study on migratory movement of Alpine swifts (Apus melba)"
16890708819,true,2017-01-19 07:32:11.000,-8.21292775665402,9.44999999999999,"stationary","non-breeding site",8.55000000000001,9.90000000000001,-8.66920152091257,-8.20253164556962,"solar-geolocator","Apus melba","16QD","F61072","Switzerland Biel - Long term study on migratory movement of Alpine swifts (Apus melba)"
16890708820,true,2017-01-19 19:55:48.000,-8.21292775665402,9.44999999999999,"stationary","non-breeding site",8.55000000000001,9.90000000000001,-8.66920152091257,-8.20253164556962,"solar-geolocator","Apus melba","16QD","F61072","Switzerland Biel - Long term study on migratory movement of Alpine swifts (Apus melba)"
16890708821,true,2017-01-20 07:40:11.000,-8.21292775665402,9.44999999999999,"stationary","non-breeding site",8.55000000000001,9.90000000000001,-8.66920152091257,-8.20253164556962,"solar-geolocator","Apus melba","16QD","F61072","Switzerland Biel - Long term study on migratory movement of Alpine swifts (Apus melba)"
16890708822,true,2017-01-20 20:01:48.000,-8.21292775665402,9.44999999999999,"stationary","non-breeding site",8.55000000000001,9.90000000000001,-8.66920152091257,-8.20253164556962,"solar-geolocator","Apus melba","16QD","F61072","Switzerland Biel - Long term study on migratory movement of Alpine swifts (Apus melba)"
16890708823,true,2017-01-21 07:32:11.000,-8.21292775665402,9.44999999999999,"stationary","non-breeding site",8.55000000000001,9.90000000000001,-8.66920152091257,-8.20253164556962,"solar-geolocator","Apus melba","16QD","F61072","Switzerland Biel - Long term study on migratory movement of Alpine swifts (Apus melba)"
16890708824,true,2017-01-21 19:59:48.000,-8.21292775665402,9.44999999999999,"stationary","non-breeding site",8.55000000000001,9.90000000000001,-8.66920152091257,-8.20253164556962,"solar-geolocator","Apus melba","16QD","F61072","Switzerland Biel - Long term study on migratory movement of Alpine swifts (Apus melba)"
16890708825,true,2017-01-22 07:36:11.000,-8.21292775665402,9.44999999999999,"stationary","non-breeding site",8.55000000000001,9.90000000000001,-8.66920152091257,-8.20253164556962,"solar-geolocator","Apus melba","16QD","F61072","Switzerland Biel - Long term study on migratory movement of Alpine swifts (Apus melba)"
16890708826,true,2017-01-22 20:03:48.000,-8.21292775665402,9.44999999999999,"stationary","non-breeding site",8.55000000000001,9.90000000000001,-8.68020304568533,-8.20253164556962,"solar-geolocator","Apus melba","16QD","F61072","Switzerland Biel - Long term study on migratory movement of Alpine swifts (Apus melba)"
16890708827,true,2017-01-23 07:32:11.000,-8.21292775665402,9.44999999999999,"stationary","non-breeding site",8.55000000000001,9.90000000000001,-8.68020304568533,-8.20253164556962,"solar-geolocator","Apus melba","16QD","F61072","Switzerland Biel - Long term study on migratory movement of Alpine swifts (Apus melba)"
16890708828,true,2017-01-23 20:03:48.000,-8.21292775665402,9.44999999999999,"stationary","non-breeding site",8.55000000000001,9.90000000000001,-8.68020304568533,-8.20253164556962,"solar-geolocator","Apus melba","16QD","F61072","Switzerland Biel - Long term study on migratory movement of Alpine swifts (Apus melba)"
16890708829,true,2017-01-24 07:32:11.000,-8.21292775665402,9.44999999999999,"stationary","non-breeding site",8.55000000000001,9.90000000000001,-8.68020304568533,-8.20253164556962,"solar-geolocator","Apus melba","16QD","F61072","Switzerland Biel - Long term study on migratory movement of Alpine swifts (Apus melba)"
16890708830,true,2017-01-24 20:03:48.000,-8.21292775665402,9.44999999999999,"stationary","non-breeding site",8.55000000000001,9.90000000000001,-8.68020304568533,-8.20253164556962,"solar-geolocator","Apus melba","16QD","F61072","Switzerland Biel - Long term study on migratory movement of Alpine swifts (Apus melba)"
16890708831,true,2017-01-25 07:32:11.000,-8.21292775665402,9.44999999999999,"stationary","non-breeding site",8.55000000000001,9.90000000000001,-8.68020304568533,-8.20253164556962,"solar-geolocator","Apus melba","16QD","F61072","Switzerland Biel - Long term study on migratory movement of Alpine swifts (Apus melba)"
16890708832,true,2017-01-25 20:01:48.000,-8.21292775665402,9.44999999999999,"stationary","non-breeding site",8.55000000000001,9.90000000000001,-8.68020304568533,-8.20253164556962,"solar-geolocator","Apus melba","16QD","F61072","Switzerland Biel - Long term study on migratory movement of Alpine swifts (Apus melba)"
16890708833,true,2017-01-26 07:30:11.000,-8.21292775665402,9.44999999999999,"stationary","non-breeding site",8.55000000000001,9.90000000000001,-8.68020304568533,-8.20253164556962,"solar-geolocator","Apus melba","16QD","F61072","Switzerland Biel - Long term study on migratory movement of Alpine swifts (Apus melba)"
16890708834,true,2017-01-26 19:59:48.000,-8.21292775665402,9.44999999999999,"stationary","non-breeding site",8.55000000000001,9.90000000000001,-8.68020304568533,-8.20253164556962,"solar-geolocator","Apus melba","16QD","F61072","Switzerland Biel - Long term study on migratory movement of Alpine swifts (Apus melba)"
16890708835,true,2017-01-27 07:32:11.000,-8.21292775665402,9.44999999999999,"stationary","non-breeding site",8.55000000000001,9.90000000000001,-8.68020304568533,-8.20253164556962,"solar-geolocator","Apus melba","16QD","F61072","Switzerland Biel - Long term study on migratory movement of Alpine swifts (Apus melba)"
16890708836,true,2017-01-27 20:03:48.000,-8.21292775665402,9.44999999999999,"stationary","non-breeding site",8.55000000000001,9.90000000000001,-8.68020304568533,-8.20253164556962,"solar-geolocator","Apus melba","16QD","F61072","Switzerland Biel - Long term study on migratory movement of Alpine swifts (Apus melba)"
16890708837,true,2017-01-28 07:32:11.000,-8.21292775665402,9.44999999999999,"stationary","non-breeding site",8.55000000000001,9.90000000000001,-8.68020304568533,-8.20253164556962,"solar-geolocator","Apus melba","16QD","F61072","Switzerland Biel - Long term study on migratory movement of Alpine swifts (Apus melba)"
16890708838,true,2017-01-28 20:01:48.000,-8.21292775665402,9.44999999999999,"stationary","non-breeding site",8.55000000000001,9.90000000000001,-8.68020304568533,-8.20253164556962,"solar-geolocator","Apus melba","16QD","F61072","Switzerland Biel - Long term study on migratory movement of Alpine swifts (Apus melba)"
16890708839,true,2017-01-29 07:32:11.000,-8.21292775665402,9.44999999999999,"stationary","non-breeding site",8.55000000000001,9.90000000000001,-8.68020304568533,-8.20253164556962,"solar-geolocator","Apus melba","16QD","F61072","Switzerland Biel - Long term study on migratory movement of Alpine swifts (Apus melba)"
16890708840,true,2017-01-29 20:07:48.000,-8.21292775665402,9.44999999999999,"stationary","non-breeding site",8.55000000000001,9.90000000000001,-8.68020304568533,-8.20253164556962,"solar-geolocator","Apus melba","16QD","F61072","Switzerland Biel - Long term study on migratory movement of Alpine swifts (Apus melba)"
16890708841,true,2017-01-30 07:34:11.000,-8.21292775665402,9.44999999999999,"stationary","non-breeding site",8.55000000000001,9.90000000000001,-8.68020304568533,-8.20253164556962,"solar-geolocator","Apus melba","16QD","F61072","Switzerland Biel - Long term study on migratory movement of Alpine swifts (Apus melba)"
16890708842,true,2017-01-30 20:03:48.000,-8.21292775665402,9.44999999999999,"stationary","non-breeding site",8.55000000000001,9.90000000000001,-8.68020304568533,-8.20253164556962,"solar-geolocator","Apus melba","16QD","F61072","Switzerland Biel - Long term study on migratory movement of Alpine swifts (Apus melba)"
16890708843,true,2017-01-31 07:30:11.000,-8.21292775665402,9.44999999999999,"stationary","non-breeding site",8.55000000000001,9.90000000000001,-8.68020304568533,-8.20253164556962,"solar-geolocator","Apus melba","16QD","F61072","Switzerland Biel - Long term study on migratory movement of Alpine swifts (Apus melba)"
16890708844,true,2017-01-31 20:05:48.000,-8.21292775665402,9.44999999999999,"stationary","non-breeding site",8.55000000000001,9.90000000000001,-8.68020304568533,-8.20253164556962,"solar-geolocator","Apus melba","16QD","F61072","Switzerland Biel - Long term study on migratory movement of Alpine swifts (Apus melba)"
16890708845,true,2017-02-01 07:32:11.000,-8.21292775665402,9.44999999999999,"stationary","non-breeding site",8.55000000000001,9.90000000000001,-8.68020304568533,-8.20253164556962,"solar-geolocator","Apus melba","16QD","F61072","Switzerland Biel - Long term study on migratory movement of Alpine swifts (Apus melba)"
16890708846,true,2017-02-01 20:03:48.000,-8.21292775665402,9.44999999999999,"stationary","non-breeding site",8.55000000000001,9.90000000000001,-8.68020304568533,-8.20253164556962,"solar-geolocator","Apus melba","16QD","F61072","Switzerland Biel - Long term study on migratory movement of Alpine swifts (Apus melba)"
16890708847,true,2017-02-02 07:32:11.000,-8.21292775665402,9.44999999999999,"stationary","non-breeding site",8.55000000000001,9.90000000000001,-8.68020304568533,-8.20253164556962,"solar-geolocator","Apus melba","16QD","F61072","Switzerland Biel - Long term study on migratory movement of Alpine swifts (Apus melba)"
16890708848,true,2017-02-02 20:03:48.000,-8.21292775665402,9.44999999999999,"stationary","non-breeding site",8.55000000000001,9.90000000000001,-8.68020304568533,-8.20253164556962,"solar-geolocator","Apus melba","16QD","F61072","Switzerland Biel - Long term study on migratory movement of Alpine swifts (Apus melba)"
16890708849,true,2017-02-03 07:32:11.000,-8.21292775665402,9.44999999999999,"stationary","non-breeding site",8.55000000000001,9.90000000000001,-8.68020304568533,-8.20253164556962,"solar-geolocator","Apus melba","16QD","F61072","Switzerland Biel - Long term study on migratory movement of Alpine swifts (Apus melba)"
16890708850,true,2017-02-03 20:05:48.000,-8.21292775665402,9.44999999999999,"stationary","non-breeding site",8.55000000000001,9.90000000000001,-8.68020304568533,-8.20253164556962,"solar-geolocator","Apus melba","16QD","F61072","Switzerland Biel - Long term study on migratory movement of Alpine swifts (Apus melba)"
16890708851,true,2017-02-04 07:32:11.000,-8.21292775665402,9.44999999999999,"stationary","non-breeding site",8.55000000000001,9.90000000000001,-8.68020304568533,-8.20253164556962,"solar-geolocator","Apus melba","16QD","F61072","Switzerland Biel - Long term study on migratory movement of Alpine swifts (Apus melba)"
16890708852,true,2017-02-04 20:03:48.000,-8.21292775665402,9.44999999999999,"stationary","non-breeding site",8.55000000000001,9.90000000000001,-8.68020304568533,-8.20253164556962,"solar-geolocator","Apus melba","16QD","F61072","Switzerland Biel - Long term study on migratory movement of Alpine swifts (Apus melba)"
16890708704,true,2017-02-05 07:30:11.000,-8.22335025380712,9.44999999999999,"stationary","non-breeding site",8.55000000000001,9.90000000000001,-8.68020304568533,-8.20253164556962,"solar-geolocator","Apus melba","16QD","F61072","Switzerland Biel - Long term study on migratory movement of Alpine swifts (Apus melba)"
16890708705,true,2017-02-05 20:05:48.000,-8.22335025380712,9.44999999999999,"stationary","non-breeding site",8.55000000000001,9.90000000000001,-8.68020304568533,-8.20253164556962,"solar-geolocator","Apus melba","16QD","F61072","Switzerland Biel - Long term study on migratory movement of Alpine swifts (Apus melba)"
16890708706,true,2017-02-06 07:34:11.000,-8.22335025380712,9.44999999999999,"stationary","non-breeding site",8.55000000000001,9.90000000000001,-8.68020304568533,-8.20253164556962,"solar-geolocator","Apus melba","16QD","F61072","Switzerland Biel - Long term study on migratory movement of Alpine swifts (Apus melba)"
16890708707,true,2017-02-06 20:07:48.000,-8.22335025380712,9.44999999999999,"stationary","non-breeding site",8.55000000000001,9.90000000000001,-8.68020304568533,-8.20253164556962,"solar-geolocator","Apus melba","16QD","F61072","Switzerland Biel - Long term study on migratory movement of Alpine swifts (Apus melba)"
16890708708,true,2017-02-07 07:30:11.000,-8.22335025380712,9.44999999999999,"stationary","non-breeding site",8.55000000000001,9.90000000000001,-8.68020304568533,-8.20253164556962,"solar-geolocator","Apus melba","16QD","F61072","Switzerland Biel - Long term study on migratory movement of Alpine swifts (Apus melba)"
16890708709,true,2017-02-07 20:07:48.000,-8.22335025380712,9.44999999999999,"stationary","non-breeding site",8.55000000000001,9.90000000000001,-8.68020304568533,-8.20253164556962,"solar-geolocator","Apus melba","16QD","F61072","Switzerland Biel - Long term study on migratory movement of Alpine swifts (Apus melba)"
16890708710,true,2017-02-08 07:30:11.000,-8.22335025380712,9.44999999999999,"stationary","non-breeding site",8.55000000000001,9.90000000000001,-8.68020304568533,-8.20253164556962,"solar-geolocator","Apus melba","16QD","F61072","Switzerland Biel - Long term study on migratory movement of Alpine swifts (Apus melba)"
16890708711,true,2017-02-08 20:07:48.000,-8.22335025380712,9.44999999999999,"stationary","non-breeding site",8.55000000000001,9.90000000000001,-8.68020304568533,-8.20253164556962,"solar-geolocator","Apus melba","16QD","F61072","Switzerland Biel - Long term study on migratory movement of Alpine swifts (Apus melba)"
16890708712,true,2017-02-09 07:28:11.000,-8.22335025380712,9.44999999999999,"stationary","non-breeding site",8.55000000000001,9.90000000000001,-8.68020304568533,-8.20253164556962,"solar-geolocator","Apus melba","16QD","F61072","Switzerland Biel - Long term study on migratory movement of Alpine swifts (Apus melba)"
16890708713,true,2017-02-09 20:05:48.000,-8.22335025380712,9.44999999999999,"stationary","non-breeding site",8.55000000000001,9.90000000000001,-8.68020304568533,-8.20253164556962,"solar-geolocator","Apus melba","16QD","F61072","Switzerland Biel - Long term study on migratory movement of Alpine swifts (Apus melba)"
16890708714,true,2017-02-10 07:32:11.000,-8.22335025380712,9.44999999999999,"stationary","non-breeding site",8.55000000000001,9.90000000000001,-8.68020304568533,-8.20253164556962,"solar-geolocator","Apus melba","16QD","F61072","Switzerland Biel - Long term study on migratory movement of Alpine swifts (Apus melba)"
16890708853,true,2017-02-10 20:07:48.000,-8.21292775665402,9.44999999999999,"stationary","non-breeding site",8.55000000000001,9.90000000000001,-8.68020304568533,-8.20253164556962,"solar-geolocator","Apus melba","16QD","F61072","Switzerland Biel - Long term study on migratory movement of Alpine swifts (Apus melba)"
16890708715,true,2017-02-11 07:34:11.000,-8.22335025380712,9.44999999999999,"stationary","non-breeding site",8.55000000000001,9.90000000000001,-8.68020304568533,-8.20253164556962,"solar-geolocator","Apus melba","16QD","F61072","Switzerland Biel - Long term study on migratory movement of Alpine swifts (Apus melba)"
16890708854,true,2017-02-11 20:01:48.000,-8.21292775665402,9.44999999999999,"stationary","non-breeding site",8.55000000000001,9.90000000000001,-8.68020304568533,-8.20253164556962,"solar-geolocator","Apus melba","16QD","F61072","Switzerland Biel - Long term study on migratory movement of Alpine swifts (Apus melba)"
16890708855,true,2017-02-12 07:34:11.000,-8.21292775665402,9.44999999999999,"stationary","non-breeding site",8.55000000000001,9.90000000000001,-8.68020304568533,-8.20253164556962,"solar-geolocator","Apus melba","16QD","F61072","Switzerland Biel - Long term study on migratory movement of Alpine swifts (Apus melba)"
16890708856,true,2017-02-12 19:55:48.000,-8.21292775665402,9.44999999999999,"stationary","non-breeding site",8.55000000000001,9.90000000000001,-8.68020304568533,-8.20253164556962,"solar-geolocator","Apus melba","16QD","F61072","Switzerland Biel - Long term study on migratory movement of Alpine swifts (Apus melba)"
16890708716,true,2017-02-13 07:32:11.000,-8.22335025380712,9.44999999999999,"stationary","non-breeding site",8.55000000000001,9.90000000000001,-8.68020304568533,-8.20253164556962,"solar-geolocator","Apus melba","16QD","F61072","Switzerland Biel - Long term study on migratory movement of Alpine swifts (Apus melba)"
16890708717,true,2017-02-13 20:01:48.000,-8.22335025380712,9.44999999999999,"stationary","non-breeding site",8.55000000000001,9.90000000000001,-8.68020304568533,-8.20253164556962,"solar-geolocator","Apus melba","16QD","F61072","Switzerland Biel - Long term study on migratory movement of Alpine swifts (Apus melba)"
16890708857,true,2017-02-14 07:26:11.000,-8.21292775665402,9.44999999999999,"stationary","non-breeding site",8.55000000000001,9.90000000000001,-8.68020304568533,-8.20253164556962,"solar-geolocator","Apus melba","16QD","F61072","Switzerland Biel - Long term study on migratory movement of Alpine swifts (Apus melba)"
16890708858,true,2017-02-14 20:07:48.000,-8.21292775665402,9.44999999999999,"stationary","non-breeding site",8.55000000000001,9.90000000000001,-8.68020304568533,-8.20253164556962,"solar-geolocator","Apus melba","16QD","F61072","Switzerland Biel - Long term study on migratory movement of Alpine swifts (Apus melba)"
16890708718,true,2017-02-15 07:28:11.000,-8.22335025380712,9.44999999999999,"stationary","non-breeding site",8.55000000000001,9.90000000000001,-9.10240202275602,-8.20253164556962,"solar-geolocator","Apus melba","16QD","F61072","Switzerland Biel - Long term study on migratory movement of Alpine swifts (Apus melba)"
16890708719,true,2017-02-15 20:09:48.000,-8.22335025380712,9.44999999999999,"stationary","non-breeding site",8.55000000000001,9.90000000000001,-9.10240202275602,-8.20253164556962,"solar-geolocator","Apus melba","16QD","F61072","Switzerland Biel - Long term study on migratory movement of Alpine swifts (Apus melba)"
16890708859,true,2017-02-16 07:32:11.000,-8.21292775665402,9.44999999999999,"stationary","non-breeding site",8.55000000000001,9.90000000000001,-8.69123252858958,-8.20253164556962,"solar-geolocator","Apus melba","16QD","F61072","Switzerland Biel - Long term study on migratory movement of Alpine swifts (Apus melba)"
16890708720,true,2017-02-16 20:05:48.000,-8.22335025380712,9.44999999999999,"stationary","non-breeding site",8.55000000000001,9.90000000000001,-8.68020304568533,-8.20253164556962,"solar-geolocator","Apus melba","16QD","F61072","Switzerland Biel - Long term study on migratory movement of Alpine swifts (Apus melba)"
16890708721,true,2017-02-17 07:32:11.000,-8.22335025380712,9.44999999999999,"stationary","non-breeding site",8.55000000000001,9.90000000000001,-8.68020304568533,-8.20253164556962,"solar-geolocator","Apus melba","16QD","F61072","Switzerland Biel - Long term study on migratory movement of Alpine swifts (Apus melba)"
16890708722,true,2017-02-17 20:05:48.000,-8.22335025380712,9.44999999999999,"stationary","non-breeding site",8.55000000000001,9.90000000000001,-8.68020304568533,-8.20253164556962,"solar-geolocator","Apus melba","16QD","F61072","Switzerland Biel - Long term study on migratory movement of Alpine swifts (Apus melba)"
16890708723,true,2017-02-18 07:30:11.000,-8.22335025380712,9.44999999999999,"stationary","non-breeding site",8.55000000000001,9.90000000000001,-8.69123252858958,-8.20253164556962,"solar-geolocator","Apus melba","16QD","F61072","Switzerland Biel - Long term study on migratory movement of Alpine swifts (Apus melba)"
16890708724,true,2017-02-18 20:09:48.000,-8.22335025380712,9.44999999999999,"stationary","non-breeding site",8.55000000000001,10.35,-8.69123252858958,-8.20253164556962,"solar-geolocator","Apus melba","16QD","F61072","Switzerland Biel - Long term study on migratory movement of Alpine swifts (Apus melba)"
16890708725,true,2017-02-19 07:32:11.000,-8.22335025380712,9.44999999999999,"stationary","non-breeding site",8.55000000000001,10.35,-8.69123252858958,-8.20253164556962,"solar-geolocator","Apus melba","16QD","F61072","Switzerland Biel - Long term study on migratory movement of Alpine swifts (Apus melba)"
16890708670,true,2017-02-19 20:13:48.000,-8.64728192161823,9.44999999999999,"stationary","non-breeding site",8.55000000000001,10.35,-8.69123252858958,-8.20253164556962,"solar-geolocator","Apus melba","16QD","F61072","Switzerland Biel - Long term study on migratory movement of Alpine swifts (Apus melba)"
16890708726,true,2017-02-20 07:32:11.000,-8.22335025380712,9.44999999999999,"stationary","non-breeding site",8.55000000000001,10.35,-8.69123252858958,-8.20253164556962,"solar-geolocator","Apus melba","16QD","F61072","Switzerland Biel - Long term study on migratory movement of Alpine swifts (Apus melba)"
16890708727,true,2017-02-20 20:07:48.000,-8.22335025380712,9.44999999999999,"stationary","non-breeding site",8.55000000000001,12.6,-8.69123252858958,-8.20253164556962,"solar-geolocator","Apus melba","16QD","F61072","Switzerland Biel - Long term study on migratory movement of Alpine swifts (Apus melba)"
16890708728,true,2017-02-21 07:28:11.000,-8.22335025380712,9.44999999999999,"stationary","non-breeding site",8.55000000000001,13.95,-8.69123252858958,-7.33757961783438,"solar-geolocator","Apus melba","16QD","F61072","Switzerland Biel - Long term study on migratory movement of Alpine swifts (Apus melba)"
16890708860,true,2017-02-21 20:11:48.000,-8.21292775665402,9.44999999999999,"stationary","non-breeding site",8.55000000000001,13.95,-8.69123252858958,-7.33757961783438,"solar-geolocator","Apus melba","16QD","F61072","Switzerland Biel - Long term study on migratory movement of Alpine swifts (Apus melba)"
16890708861,true,2017-02-22 07:26:11.000,-8.21292775665402,9.44999999999999,"movement","migration",8.55000000000001,16.65,-8.69123252858958,-7.28192161820483,"solar-geolocator","Apus melba","16QD","F61072","Switzerland Biel - Long term study on migratory movement of Alpine swifts (Apus melba)"
16890709081,true,2017-02-22 19:57:48.000,-8.20253164556962,9.90000000000001,"movement","migration",8.55000000000001,16.65,-8.66920152091257,-6.9319640564827,"solar-geolocator","Apus melba","16QD","F61072","Switzerland Biel - Long term study on migratory movement of Alpine swifts (Apus melba)"
16890709343,true,2017-02-23 07:28:11.000,-7.48051948051952,11.25,"stationary","non-breeding site",8.55000000000001,16.65,-8.66920152091257,-6.9319640564827,"solar-geolocator","Apus melba","16QD","F61072","Switzerland Biel - Long term study on migratory movement of Alpine swifts (Apus melba)"
16890709344,true,2017-02-23 20:01:48.000,-7.46113989637304,12.6,"stationary","non-breeding site",8.55000000000001,17.55,-8.65822784810129,-6.94087403598972,"solar-geolocator","Apus melba","16QD","F61072","Switzerland Biel - Long term study on migratory movement of Alpine swifts (Apus melba)"
16890709345,true,2017-02-24 07:22:11.000,-7.45148771021996,13.5,"stationary","non-breeding site",8.55000000000001,18.0,-8.65822784810129,-6.9319640564827,"solar-geolocator","Apus melba","16QD","F61072","Switzerland Biel - Long term study on migratory movement of Alpine swifts (Apus melba)"
16890709346,true,2017-02-24 19:59:48.000,-7.43225806451613,13.5,"stationary","non-breeding site",8.55000000000001,17.1,-8.64728192161823,-6.9319640564827,"solar-geolocator","Apus melba","16QD","F61072","Switzerland Biel - Long term study on migratory movement of Alpine swifts (Apus melba)"
16890709347,true,2017-02-25 07:24:11.000,-7.43225806451613,13.5,"stationary","non-breeding site",8.55000000000001,18.0,-8.22335025380712,-6.9319640564827,"solar-geolocator","Apus melba","16QD","F61072","Switzerland Biel - Long term study on migratory movement of Alpine swifts (Apus melba)"
16890709350,true,2017-02-25 19:51:48.000,-7.42268041237115,13.5,"stationary","non-breeding site",8.55000000000001,18.0,-8.21292775665402,-6.9319640564827,"solar-geolocator","Apus melba","16QD","F61072","Switzerland Biel - Long term study on migratory movement of Alpine swifts (Apus melba)"
16890709351,true,2017-02-26 07:24:11.000,-7.42268041237115,13.5,"stationary","non-breeding site",8.55000000000001,18.0,-8.21292775665402,-6.9319640564827,"solar-geolocator","Apus melba","16QD","F61072","Switzerland Biel - Long term study on migratory movement of Alpine swifts (Apus melba)"
16890709352,true,2017-02-26 19:57:48.000,-7.42268041237115,13.95,"stationary","non-breeding site",8.55000000000001,18.0,-8.21292775665402,-6.9319640564827,"solar-geolocator","Apus melba","16QD","F61072","Switzerland Biel - Long term study on migratory movement of Alpine swifts (Apus melba)"
16890709353,true,2017-02-27 07:24:11.000,-7.42268041237115,13.95,"stationary","non-breeding site",8.55000000000001,18.0,-8.21292775665402,-6.9319640564827,"solar-geolocator","Apus melba","16QD","F61072","Switzerland Biel - Long term study on migratory movement of Alpine swifts (Apus melba)"
16890709354,true,2017-02-27 19:55:48.000,-7.42268041237115,13.5,"stationary","non-breeding site",8.55000000000001,17.55,-8.21292775665402,-6.94087403598972,"solar-geolocator","Apus melba","16QD","F61072","Switzerland Biel - Long term study on migratory movement of Alpine swifts (Apus melba)"
16890709355,true,2017-02-28 07:18:11.000,-7.42268041237115,13.5,"stationary","non-breeding site",8.55000000000001,17.55,-8.21292775665402,-6.94087403598972,"solar-geolocator","Apus melba","16QD","F61072","Switzerland Biel - Long term study on migratory movement of Alpine swifts (Apus melba)"
16890709356,true,2017-02-28 19:59:48.000,-7.42268041237115,13.5,"stationary","non-breeding site",8.55000000000001,16.65,-8.21292775665402,-6.94087403598972,"solar-geolocator","Apus melba","16QD","F61072","Switzerland Biel - Long term study on migratory movement of Alpine swifts (Apus melba)"
16890709357,true,2017-03-01 07:22:11.000,-7.42268041237115,13.5,"stationary","non-breeding site",8.55000000000001,16.65,-8.21292775665402,-6.94087403598972,"solar-geolocator","Apus melba","16QD","F61072","Switzerland Biel - Long term study on migratory movement of Alpine swifts (Apus melba)"
16890709358,true,2017-03-01 20:05:48.000,-7.42268041237115,13.5,"stationary","non-breeding site",8.55000000000001,16.65,-8.21292775665402,-6.94087403598972,"solar-geolocator","Apus melba","16QD","F61072","Switzerland Biel - Long term study on migratory movement of Alpine swifts (Apus melba)"
16890709359,true,2017-03-02 07:24:11.000,-7.42268041237115,13.5,"stationary","non-breeding site",8.55000000000001,16.65,-8.21292775665402,-6.94087403598972,"solar-geolocator","Apus melba","16QD","F61072","Switzerland Biel - Long term study on migratory movement of Alpine swifts (Apus melba)"
16890709360,true,2017-03-02 20:09:48.000,-7.42268041237115,13.5,"stationary","non-breeding site",8.55000000000001,16.65,-8.21292775665402,-6.94087403598972,"solar-geolocator","Apus melba","16QD","F61072","Switzerland Biel - Long term study on migratory movement of Alpine swifts (Apus melba)"
16890709361,true,2017-03-03 07:28:11.000,-7.42268041237115,13.5,"stationary","non-breeding site",8.55000000000001,16.65,-8.21292775665402,-6.94087403598972,"solar-geolocator","Apus melba","16QD","F61072","Switzerland Biel - Long term study on migratory movement of Alpine swifts (Apus melba)"
16890709362,true,2017-03-03 20:09:48.000,-7.42268041237115,13.5,"stationary","non-breeding site",8.55000000000001,16.65,-8.21292775665402,-6.94087403598972,"solar-geolocator","Apus melba","16QD","F61072","Switzerland Biel - Long term study on migratory movement of Alpine swifts (Apus melba)"
16890709363,true,2017-03-04 07:22:10.000,-7.42268041237115,13.5,"stationary","non-breeding site",8.55000000000001,16.65,-8.21292775665402,-6.94087403598972,"solar-geolocator","Apus melba","16QD","F61072","Switzerland Biel - Long term study on migratory movement of Alpine swifts (Apus melba)"
16890709364,true,2017-03-04 19:59:48.000,-7.42268041237115,13.5,"stationary","non-breeding site",8.55000000000001,16.65,-8.21292775665402,-6.94087403598972,"solar-geolocator","Apus melba","16QD","F61072","Switzerland Biel - Long term study on migratory movement of Alpine swifts (Apus melba)"
16890709365,true,2017-03-05 07:18:11.000,-7.42268041237115,13.5,"stationary","non-breeding site",8.55000000000001,16.65,-8.21292775665402,-6.94087403598972,"solar-geolocator","Apus melba","16QD","F61072","Switzerland Biel - Long term study on migratory movement of Alpine swifts (Apus melba)"
16890709366,true,2017-03-05 20:03:48.000,-7.42268041237115,13.5,"stationary","non-breeding site",8.55000000000001,16.65,-8.21292775665402,-6.94087403598972,"solar-geolocator","Apus melba","16QD","F61072","Switzerland Biel - Long term study on migratory movement of Alpine swifts (Apus melba)"
16890709367,true,2017-03-06 07:18:11.000,-7.42268041237115,13.5,"stationary","non-breeding site",8.55000000000001,16.65,-8.21292775665402,-6.94087403598972,"solar-geolocator","Apus melba","16QD","F61072","Switzerland Biel - Long term study on migratory movement of Alpine swifts (Apus melba)"
16890709368,true,2017-03-06 20:05:48.000,-7.42268041237115,13.5,"stationary","non-breeding site",8.55000000000001,16.65,-8.21292775665402,-6.94087403598972,"solar-geolocator","Apus melba","16QD","F61072","Switzerland Biel - Long term study on migratory movement of Alpine swifts (Apus melba)"
16890709369,true,2017-03-07 07:24:11.000,-7.42268041237115,13.5,"stationary","non-breeding site",8.55000000000001,16.65,-8.21292775665402,-6.94087403598972,"solar-geolocator","Apus melba","16QD","F61072","Switzerland Biel - Long term study on migratory movement of Alpine swifts (Apus melba)"
16890709370,true,2017-03-07 20:01:48.000,-7.42268041237115,13.5,"stationary","non-breeding site",8.55000000000001,16.65,-8.21292775665402,-6.94087403598972,"solar-geolocator","Apus melba","16QD","F61072","Switzerland Biel - Long term study on migratory movement of Alpine swifts (Apus melba)"
16890709371,true,2017-03-08 07:16:11.000,-7.42268041237115,13.5,"stationary","non-breeding site",8.55000000000001,16.65,-8.21292775665402,-6.94087403598972,"solar-geolocator","Apus melba","16QD","F61072","Switzerland Biel - Long term study on migratory movement of Alpine swifts (Apus melba)"
16890709372,true,2017-03-08 20:01:48.000,-7.42268041237115,13.5,"stationary","non-breeding site",3.60000000000001,16.65,-8.21292775665402,-6.94087403598972,"solar-geolocator","Apus melba","16QD","F61072","Switzerland Biel - Long term study on migratory movement of Alpine swifts (Apus melba)"
16890709373,true,2017-03-09 07:14:11.000,-7.42268041237115,13.5,"stationary","non-breeding site",3.60000000000001,16.65,-8.21292775665402,-6.94087403598972,"solar-geolocator","Apus melba","16QD","F61072","Switzerland Biel - Long term study on migratory movement of Alpine swifts (Apus melba)"
16890709374,true,2017-03-09 20:03:48.000,-7.42268041237115,13.5,"stationary","non-breeding site",3.60000000000001,16.65,-8.21292775665402,-6.94087403598972,"solar-geolocator","Apus melba","16QD","F61072","Switzerland Biel - Long term study on migratory movement of Alpine swifts (Apus melba)"
16890709375,true,2017-03-10 07:16:11.000,-7.42268041237115,13.5,"stationary","non-breeding site",3.60000000000001,16.65,-7.91720569210864,-6.94087403598972,"solar-geolocator","Apus melba","16QD","F61072","Switzerland Biel - Long term study on migratory movement of Alpine swifts (Apus melba)"
16890709376,true,2017-03-10 20:05:48.000,-7.42268041237115,13.5,"stationary","non-breeding site",3.60000000000001,16.65,-7.8967741935484,-6.9319640564827,"solar-geolocator","Apus melba","16QD","F61072","Switzerland Biel - Long term study on migratory movement of Alpine swifts (Apus melba)"
16890709377,true,2017-03-11 07:14:11.000,-7.42268041237115,13.5,"stationary","non-breeding site",3.60000000000001,16.65,-7.86632390745502,-6.9319640564827,"solar-geolocator","Apus melba","16QD","F61072","Switzerland Biel - Long term study on migratory movement of Alpine swifts (Apus melba)"
16890709378,true,2017-03-11 19:59:48.000,-7.42268041237115,13.5,"stationary","non-breeding site",3.60000000000001,16.65,-7.86632390745502,-6.9319640564827,"solar-geolocator","Apus melba","16QD","F61072","Switzerland Biel - Long term study on migratory movement of Alpine swifts (Apus melba)"
16890709379,true,2017-03-12 07:16:11.000,-7.42268041237115,13.5,"stationary","non-breeding site",3.60000000000001,16.65,-7.86632390745502,-6.9319640564827,"solar-geolocator","Apus melba","16QD","F61072","Switzerland Biel - Long term study on migratory movement of Alpine swifts (Apus melba)"
16890709380,true,2017-03-12 19:57:48.000,-7.42268041237115,13.5,"stationary","non-breeding site",3.60000000000001,16.65,-7.86632390745502,-6.9319640564827,"solar-geolocator","Apus melba","16QD","F61072","Switzerland Biel - Long term study on migratory movement of Alpine swifts (Apus melba)"
16890709381,true,2017-03-13 07:16:11.000,-7.42268041237115,13.5,"stationary","non-breeding site",3.60000000000001,16.65,-7.86632390745502,-6.94087403598972,"solar-geolocator","Apus melba","16QD","F61072","Switzerland Biel - Long term study on migratory movement of Alpine swifts (Apus melba)"
16890709382,true,2017-03-13 19:57:48.000,-7.42268041237115,13.5,"stationary","non-breeding site",3.60000000000001,16.65,-7.86632390745502,-6.94087403598972,"solar-geolocator","Apus melba","16QD","F61072","Switzerland Biel - Long term study on migratory movement of Alpine swifts (Apus melba)"
16890709383,true,2017-03-14 07:14:11.000,-7.42268041237115,13.5,"stationary","non-breeding site",3.60000000000001,16.65,-7.86632390745502,-6.94087403598972,"solar-geolocator","Apus melba","16QD","F61072","Switzerland Biel - Long term study on migratory movement of Alpine swifts (Apus melba)"
16890709384,true,2017-03-14 20:03:48.000,-7.42268041237115,13.5,"stationary","non-breeding site",3.60000000000001,16.65,-7.86632390745502,-6.94087403598972,"solar-geolocator","Apus melba","16QD","F61072","Switzerland Biel - Long term study on migratory movement of Alpine swifts (Apus melba)"
16890709385,true,2017-03-15 07:14:11.000,-7.42268041237115,13.5,"stationary","non-breeding site",3.60000000000001,16.65,-7.86632390745502,-6.94087403598972,"solar-geolocator","Apus melba","16QD","F61072","Switzerland Biel - Long term study on migratory movement of Alpine swifts (Apus melba)"
16890709386,true,2017-03-15 20:03:48.000,-7.42268041237115,13.5,"stationary","non-breeding site",3.60000000000001,17.1,-7.86632390745502,-6.94087403598972,"solar-geolocator","Apus melba","16QD","F61072","Switzerland Biel - Long term study on migratory movement of Alpine swifts (Apus melba)"
16890709387,true,2017-03-16 07:16:11.000,-7.42268041237115,13.5,"stationary","non-breeding site",3.60000000000001,17.1,-7.86632390745502,-6.94087403598972,"solar-geolocator","Apus melba","16QD","F61072","Switzerland Biel - Long term study on migratory movement of Alpine swifts (Apus melba)"
16890709388,true,2017-03-16 20:03:48.000,-7.42268041237115,13.5,"stationary","non-breeding site",3.60000000000001,17.1,-8.14070351758797,-6.98576972833122,"solar-geolocator","Apus melba","16QD","F61072","Switzerland Biel - Long term study on migratory movement of Alpine swifts (Apus melba)"
16890709389,true,2017-03-17 07:12:11.000,-7.42268041237115,13.5,"stationary","non-breeding site",3.60000000000001,17.1,-8.14070351758797,-6.98576972833122,"solar-geolocator","Apus melba","16QD","F61072","Switzerland Biel - Long term study on migratory movement of Alpine swifts (Apus melba)"
16890709390,true,2017-03-17 19:59:49.000,-7.42268041237115,13.5,"stationary","non-breeding site",3.60000000000001,17.1,-8.14070351758797,-6.98576972833122,"solar-geolocator","Apus melba","16QD","F61072","Switzerland Biel - Long term study on migratory movement of Alpine swifts (Apus melba)"
16890709391,true,2017-03-18 07:08:11.000,-7.42268041237115,13.5,"stationary","non-breeding site",3.60000000000001,17.1,-8.14070351758797,-6.98576972833122,"solar-geolocator","Apus melba","16QD","F61072","Switzerland Biel - Long term study on migratory movement of Alpine swifts (Apus melba)"
16890709392,true,2017-03-18 20:03:48.000,-7.42268041237115,13.5,"stationary","non-breeding site",3.60000000000001,17.1,-8.14070351758797,-6.98576972833122,"solar-geolocator","Apus melba","16QD","F61072","Switzerland Biel - Long term study on migratory movement of Alpine swifts (Apus melba)"
16890709393,true,2017-03-19 07:12:11.000,-7.42268041237115,13.5,"stationary","non-breeding site",2.25,17.1,-8.14070351758797,-6.89655172413797,"solar-geolocator","Apus melba","16QD","F61072","Switzerland Biel - Long term study on migratory movement of Alpine swifts (Apus melba)"
16890709394,true,2017-03-19 19:57:48.000,-7.42268041237115,13.5,"stationary","non-breeding site",2.25,17.1,-8.14070351758797,-6.89655172413797,"solar-geolocator","Apus melba","16QD","F61072","Switzerland Biel - Long term study on migratory movement of Alpine swifts (Apus melba)"
16890709395,true,2017-03-20 07:18:11.000,-7.42268041237115,13.5,"stationary","non-breeding site",2.25,16.65,-8.14070351758797,-6.89655172413797,"solar-geolocator","Apus melba","16QD","F61072","Switzerland Biel - Long term study on migratory movement of Alpine swifts (Apus melba)"
16890709396,true,2017-03-20 19:57:48.000,-7.42268041237115,13.5,"stationary","non-breeding site",2.25,16.65,-8.14070351758797,-6.89655172413797,"solar-geolocator","Apus melba","16QD","F61072","Switzerland Biel - Long term study on migratory movement of Alpine swifts (Apus melba)"
16890709397,true,2017-03-21 07:14:11.000,-7.42268041237115,13.05,"stationary","non-breeding site",1.35000000000001,18.0,-8.21292775665402,-6.89655172413797,"solar-geolocator","Apus melba","16QD","F61072","Switzerland Biel - Long term study on migratory movement of Alpine swifts (Apus melba)"
16890709398,true,2017-03-21 20:03:48.000,-7.42268041237115,13.05,"stationary","non-breeding site",1.35000000000001,18.0,-8.21292775665402,-6.89655172413797,"solar-geolocator","Apus melba","16QD","F61072","Switzerland Biel - Long term study on migratory movement of Alpine swifts (Apus melba)"
16890709348,true,2017-03-22 07:14:11.000,-7.43225806451613,13.05,"stationary","non-breeding site",1.35000000000001,18.0,-9.53341740226987,-6.76691729323309,"solar-geolocator","Apus melba","16QD","F61072","Switzerland Biel - Long term study on migratory movement of Alpine swifts (Apus melba)"
16890709349,true,2017-03-22 20:05:48.000,-7.43225806451613,13.05,"stationary","non-breeding site",1.35000000000001,18.0,-9.53341740226987,-6.76691729323309,"solar-geolocator","Apus melba","16QD","F61072","Switzerland Biel - Long term study on migratory movement of Alpine swifts (Apus melba)"
16890708862,true,2017-03-23 07:18:11.000,-8.21292775665402,10.35,"movement","migration",0.450000000000003,20.7,-12.1804511278196,-6.75000000000005,"solar-geolocator","Apus melba","16QD","F61072","Switzerland Biel - Long term study on migratory movement of Alpine swifts (Apus melba)"
16890707471,true,2017-03-23 20:17:48.000,-11.4649681528663,10.35,"movement","migration",1.8,19.8,-12.3506988564168,-7.39409499358153,"solar-geolocator","Apus melba","16QD","F61072","Switzerland Biel - Long term study on migratory movement of Alpine swifts (Apus melba)"
16890707466,true,2017-03-24 07:28:11.000,-11.5089514066497,10.35,"movement","migration",1.8,20.7,-12.3506988564168,-10.8519003931848,"solar-geolocator","Apus melba","16QD","F61072","Switzerland Biel - Long term study on migratory movement of Alpine swifts (Apus melba)"
16890707460,true,2017-03-24 20:19:48.000,-11.5236875800257,10.35,"stationary","migration",1.8,20.7,-12.3506988564168,-10.8816120906801,"solar-geolocator","Apus melba","16QD","F61072","Switzerland Biel - Long term study on migratory movement of Alpine swifts (Apus melba)"
16890707461,true,2017-03-25 07:30:11.000,-11.5236875800257,10.35,"stationary","migration",1.8,20.7,-12.3506988564168,-10.8816120906801,"solar-geolocator","Apus melba","16QD","F61072","Switzerland Biel - Long term study on migratory movement of Alpine swifts (Apus melba)"
16890707462,true,2017-03-25 20:17:48.000,-11.5236875800257,10.35,"stationary","migration",1.8,20.7,-12.3506988564168,-10.8816120906801,"solar-geolocator","Apus melba","16QD","F61072","Switzerland Biel - Long term study on migratory movement of Alpine swifts (Apus melba)"
16890707463,true,2017-03-26 08:30:11.000,-11.5236875800257,10.35,"stationary","migration",1.8,20.7,-12.3506988564168,-10.8816120906801,"solar-geolocator","Apus melba","16QD","F61072","Switzerland Biel - Long term study on migratory movement of Alpine swifts (Apus melba)"
16890707467,true,2017-03-26 21:17:48.000,-11.5089514066497,10.35,"stationary","migration",1.8,20.7,-12.3506988564168,-10.854271356784,"solar-geolocator","Apus melba","16QD","F61072","Switzerland Biel - Long term study on migratory movement of Alpine swifts (Apus melba)"
16890707464,true,2017-03-27 08:24:11.000,-11.5236875800257,10.35,"stationary","migration",1.8,20.7,-12.3506988564168,-10.854271356784,"solar-geolocator","Apus melba","16QD","F61072","Switzerland Biel - Long term study on migratory movement of Alpine swifts (Apus melba)"
16890707468,true,2017-03-27 21:19:48.000,-11.5089514066497,10.35,"stationary","migration",1.8,20.7,-12.3506988564168,-10.8093994778068,"solar-geolocator","Apus melba","16QD","F61072","Switzerland Biel - Long term study on migratory movement of Alpine swifts (Apus melba)"
16890707469,true,2017-03-28 08:30:11.000,-11.5089514066497,10.35,"stationary","migration",1.8,20.7,-12.3506988564168,-10.8093994778068,"solar-geolocator","Apus melba","16QD","F61072","Switzerland Biel - Long term study on migratory movement of Alpine swifts (Apus melba)"
16890707596,true,2017-03-28 21:27:48.000,-11.3114754098361,11.25,"movement","migration",1.8,27.45,-12.319391634981,-8.65629420084871,"solar-geolocator","Apus melba","16QD","F61072","Switzerland Biel - Long term study on migratory movement of Alpine swifts (Apus melba)"
16890707698,true,2017-03-29 08:10:11.000,-10.854271356784,14.85,"movement","migration",4.5,27.45,-12.319391634981,-7.8688524590164,"solar-geolocator","Apus melba","16QD","F61072","Switzerland Biel - Long term study on migratory movement of Alpine swifts (Apus melba)"
16890708598,true,2017-03-29 21:17:48.000,-9.38271604938271,19.35,"movement","migration",4.5,30.6,-12.1804511278196,-6.86217008797656,"solar-geolocator","Apus melba","16QD","F61072","Switzerland Biel - Long term study on migratory movement of Alpine swifts (Apus melba)"
16890708699,true,2017-03-30 07:58:11.000,-8.33787465940053,22.5,"movement","migration",11.7,34.2,-10.0665778961385,-5.12289780077622,"solar-geolocator","Apus melba","16QD","F61072","Switzerland Biel - Long term study on migratory movement of Alpine swifts (Apus melba)"
16890709218,true,2017-03-30 21:11:48.000,-7.90123456790124,24.3,"movement","migration",11.7,38.25,-9.76933514246947,-1.10599078341013,"solar-geolocator","Apus melba","16QD","F61072","Switzerland Biel - Long term study on migratory movement of Alpine swifts (Apus melba)"
16890709928,true,2017-03-31 07:30:11.000,-1.59057437407954,30.6,"movement","migration",22.05,38.7,-5.15759312320916,1.75324675324675,"solar-geolocator","Apus melba","16QD","F61072","Switzerland Biel - Long term study on migratory movement of Alpine swifts (Apus melba)"
16890709932,true,2017-03-31 20:51:48.000,-0.566037735849068,31.5,"movement","migration",22.05,44.55,-3.74999999999998,3.46153846153846,"solar-geolocator","Apus melba","16QD","F61072","Switzerland Biel - Long term study on migratory movement of Alpine swifts (Apus melba)"
16890709957,true,2017-04-01 07:06:11.000,3.08747855917667,40.5,"movement","migration",31.95,44.55,0.0,4.2,"solar-geolocator","Apus melba","16QD","F61072","Switzerland Biel - Long term study on migratory movement of Alpine swifts (Apus melba)"
16890709958,true,2017-04-01 20:41:48.000,3.10880829015544,40.5,"stationary","migration",35.1,44.55,1.75324675324675,4.2,"solar-geolocator","Apus melba","16QD","F61072","Switzerland Biel - Long term study on migratory movement of Alpine swifts (Apus melba)"
16890709959,true,2017-04-02 07:00:11.000,3.10880829015544,40.5,"stationary","migration",36.0,44.55,1.83986371379898,4.22818791946309,"solar-geolocator","Apus melba","16QD","F61072","Switzerland Biel - Long term study on migratory movement of Alpine swifts (Apus melba)"
16890709960,true,2017-04-03 20:33:50.000,3.10880829015544,40.5,"stationary","migration",36.0,44.55,2.13333333333333,4.22818791946309,"solar-geolocator","Apus melba","16QD","F61072","Switzerland Biel - Long term study on migratory movement of Alpine swifts (Apus melba)"
16890709961,true,2017-04-04 20:45:48.000,3.15789473684211,40.5,"stationary","migration",36.9,44.55,2.2360248447205,4.22818791946309,"solar-geolocator","Apus melba","16QD","F61072","Switzerland Biel - Long term study on migratory movement of Alpine swifts (Apus melba)"
16890709962,true,2017-04-05 06:58:11.000,3.28267477203647,40.5,"stationary","migration",36.9,44.55,2.25,4.25675675675676,"solar-geolocator","Apus melba","16QD","F61072","Switzerland Biel - Long term study on migratory movement of Alpine swifts (Apus melba)"
16890709963,true,2017-04-05 20:47:48.000,3.35403726708075,40.5,"stationary","migration",37.35,44.55,2.27848101265823,4.25675675675676,"solar-geolocator","Apus melba","16QD","F61072","Switzerland Biel - Long term study on migratory movement of Alpine swifts (Apus melba)"
16890709964,true,2017-04-06 06:44:11.000,3.39622641509434,40.5,"stationary","migration",37.8,44.55,2.29299363057325,4.29301533219761,"solar-geolocator","Apus melba","16QD","F61072","Switzerland Biel - Long term study on migratory movement of Alpine swifts (Apus melba)"
16890709965,true,2017-04-06 20:45:48.000,3.41772151898734,40.5,"stationary","migration",37.8,45.0,2.30769230769231,4.42105263157895,"solar-geolocator","Apus melba","16QD","F61072","Switzerland Biel - Long term study on migratory movement of Alpine swifts (Apus melba)"
16890709966,true,2017-04-07 06:42:11.000,3.43949044585987,40.95,"stationary","migration",37.8,45.45,2.30769230769231,4.64516129032258,"solar-geolocator","Apus melba","16QD","F61072","Switzerland Biel - Long term study on migratory movement of Alpine swifts (Apus melba)"
16890709967,true,2017-04-07 20:47:48.000,3.43949044585987,40.95,"stationary","migration",37.8,45.45,2.30769230769231,4.90630323679727,"solar-geolocator","Apus melba","16QD","F61072","Switzerland Biel - Long term study on migratory movement of Alpine swifts (Apus melba)"
16890709983,true,2016-10-04 19:56:02.000,7.29281767955801,47.25,"stationary","migration",47.25,47.25,7.29281767955801,7.29281767955801,"solar-geolocator","Apus melba","18CM","F61156","Switzerland Biel - Long term study on migratory movement of Alpine swifts (Apus melba)"
16890709877,true,2016-10-05 07:36:25.000,-4.52830188679245,41.85,"movement","migration",36.45,49.05,-5.55746140651803,-2.19847328244279,"solar-geolocator","Apus melba","18CM","F61156","Switzerland Biel - Long term study on migratory movement of Alpine swifts (Apus melba)"
16890709878,true,2016-10-05 20:18:02.000,-4.52830188679245,41.85,"stationary","migration",36.45,49.05,-5.55746140651803,-2.35294117647058,"solar-geolocator","Apus melba","18CM","F61156","Switzerland Biel - Long term study on migratory movement of Alpine swifts (Apus melba)"
16890709879,true,2016-10-06 07:52:25.000,-4.52830188679245,41.85,"stationary","migration",33.75,49.05,-6.22641509433966,-3.3457249070632,"solar-geolocator","Apus melba","18CM","F61156","Switzerland Biel - Long term study on migratory movement of Alpine swifts (Apus melba)"
16890709880,true,2016-10-06 20:28:02.000,-4.52830188679245,41.85,"stationary","migration",34.65,49.05,-6.22641509433966,-3.3457249070632,"solar-geolocator","Apus melba","18CM","F61156","Switzerland Biel - Long term study on migratory movement of Alpine swifts (Apus melba)"
16890709881,true,2016-10-07 07:52:25.000,-4.52830188679245,38.25,"stationary","migration",36.0,49.05,-6.83544303797467,-3.3457249070632,"solar-geolocator","Apus melba","18CM","F61156","Switzerland Biel - Long term study on migratory movement of Alpine swifts (Apus melba)"
16890709882,true,2016-10-07 20:28:02.000,-4.52830188679245,37.8,"stationary","migration",33.3,49.05,-8.70466321243527,-3.3457249070632,"solar-geolocator","Apus melba","18CM","F61156","Switzerland Biel - Long term study on migratory movement of Alpine swifts (Apus melba)"
16890707924,true,2016-10-08 08:04:25.000,-10.2242152466368,35.1,"movement","migration",27.0,47.7,-11.9620253164557,-4.59854014598544,"solar-geolocator","Apus melba","18CM","F61156","Switzerland Biel - Long term study on migratory movement of Alpine swifts (Apus melba)"
16890707925,true,2016-10-08 20:42:02.000,-10.2242152466368,33.3,"stationary","migration",27.0,47.7,-12.3499142367067,-7.48959778085993,"solar-geolocator","Apus melba","18CM","F61156","Switzerland Biel - Long term study on migratory movement of Alpine swifts (Apus melba)"
16890707597,true,2016-10-09 08:18:25.000,-11.25,32.4,"movement","migration",12.15,47.7,-15.1918158567775,-8.69888475836433,"solar-geolocator","Apus melba","18CM","F61156","Switzerland Biel - Long term study on migratory movement of Alpine swifts (Apus melba)"
16890707435,true,2016-10-09 21:00:02.000,-15.1472650771389,24.75,"movement","migration",12.15,38.7,-16.8363136176066,-11.4450867052023,"solar-geolocator","Apus melba","18CM","F61156","Switzerland Biel - Long term study on migratory movement of Alpine swifts (Apus melba)"
16890707433,true,2016-10-10 08:32:25.000,-15.2043596730246,24.3,"stationary","migration",12.15,36.0,-16.8363136176066,-12.3766816143498,"solar-geolocator","Apus melba","18CM","F61156","Switzerland Biel - Long term study on migratory movement of Alpine swifts (Apus melba)"
16890707434,true,2016-10-10 21:10:02.000,-15.2043596730246,24.3,"stationary","migration",12.15,33.75,-16.8363136176066,-10.6701030927835,"solar-geolocator","Apus melba","18CM","F61156","Switzerland Biel - Long term study on migratory movement of Alpine swifts (Apus melba)"
16890707926,true,2016-10-11 08:14:25.000,-10.2193548387097,13.95,"movement","migration",13.05,31.95,-14.5691906005222,-10.1668806161746,"solar-geolocator","Apus melba","18CM","F61156","Switzerland Biel - Long term study on migratory movement of Alpine swifts (Apus melba)"
16890707927,true,2016-10-11 20:48:02.000,-10.2193548387097,13.5,"stationary","migration",12.6,25.65,-12.0670391061452,-10.1668806161746,"solar-geolocator","Apus melba","18CM","F61156","Switzerland Biel - Long term study on migratory movement of Alpine swifts (Apus melba)"
16890707928,true,2016-10-12 08:08:26.000,-10.2193548387097,13.5,"stationary","non-breeding site",12.6,23.85,-11.3114754098361,-10.1408450704225,"solar-geolocator","Apus melba","18CM","F61156","Switzerland Biel - Long term study on migratory movement of Alpine swifts (Apus melba)"
16890707929,true,2016-10-12 20:50:03.000,-10.2193548387097,13.5,"stationary","non-breeding site",12.6,23.85,-11.3114754098361,-10.1408450704225,"solar-geolocator","Apus melba","18CM","F61156","Switzerland Biel - Long term study on migratory movement of Alpine swifts (Apus melba)"
16890707930,true,2016-10-13 08:08:26.000,-10.2193548387097,13.5,"stationary","non-breeding site",12.6,20.7,-10.996015936255,-10.1408450704225,"solar-geolocator","Apus melba","18CM","F61156","Switzerland Biel - Long term study on migratory movement of Alpine swifts (Apus melba)"
16890707931,true,2016-10-13 20:46:03.000,-10.2193548387097,13.5,"stationary","non-breeding site",12.6,19.8,-10.996015936255,-10.1408450704225,"solar-geolocator","Apus melba","18CM","F61156","Switzerland Biel - Long term study on migratory movement of Alpine swifts (Apus melba)"
16890708051,true,2016-10-14 08:08:26.000,-10.2061855670104,13.5,"stationary","non-breeding site",12.6,19.35,-10.7115135834411,-10.1408450704225,"solar-geolocator","Apus melba","18CM","F61156","Switzerland Biel - Long term study on migratory movement of Alpine swifts (Apus melba)"
16890708052,true,2016-10-14 20:46:48.000,-10.2061855670104,13.5,"stationary","non-breeding site",12.6,18.9,-10.7115135834411,-10.1408450704225,"solar-geolocator","Apus melba","18CM","F61156","Switzerland Biel - Long term study on migratory movement of Alpine swifts (Apus melba)"
16890708053,true,2016-10-15 08:14:26.000,-10.2061855670104,13.5,"stationary","non-breeding site",12.6,16.2,-10.6838709677419,-10.1408450704225,"solar-geolocator","Apus melba","18CM","F61156","Switzerland Biel - Long term study on migratory movement of Alpine swifts (Apus melba)"
16890708054,true,2016-10-15 20:44:03.000,-10.2061855670104,13.5,"stationary","non-breeding site",12.6,15.75,-10.6838709677419,-10.1408450704225,"solar-geolocator","Apus melba","18CM","F61156","Switzerland Biel - Long term study on migratory movement of Alpine swifts (Apus melba)"
16890708055,true,2016-10-16 08:08:26.000,-10.2061855670104,13.5,"stationary","non-breeding site",12.6,15.75,-10.6838709677419,-10.1408450704225,"solar-geolocator","Apus melba","18CM","F61156","Switzerland Biel - Long term study on migratory movement of Alpine swifts (Apus melba)"
16890708056,true,2016-10-16 20:46:03.000,-10.2061855670104,13.5,"stationary","non-breeding site",12.6,15.75,-10.6838709677419,-10.1408450704225,"solar-geolocator","Apus melba","18CM","F61156","Switzerland Biel - Long term study on migratory movement of Alpine swifts (Apus melba)"
16890708057,true,2016-10-17 08:06:26.000,-10.2061855670104,13.5,"stationary","non-breeding site",12.6,15.75,-10.6838709677419,-10.1408450704225,"solar-geolocator","Apus melba","18CM","F61156","Switzerland Biel - Long term study on migratory movement of Alpine swifts (Apus melba)"
16890708058,true,2016-10-17 20:42:03.000,-10.2061855670104,13.5,"stationary","non-breeding site",12.6,15.75,-10.6838709677419,-10.1408450704225,"solar-geolocator","Apus melba","18CM","F61156","Switzerland Biel - Long term study on migratory movement of Alpine swifts (Apus melba)"
16890708059,true,2016-10-18 08:08:26.000,-10.2061855670104,13.5,"stationary","non-breeding site",12.6,15.75,-10.6838709677419,-10.1408450704225,"solar-geolocator","Apus melba","18CM","F61156","Switzerland Biel - Long term study on migratory movement of Alpine swifts (Apus melba)"
16890708060,true,2016-10-18 20:44:03.000,-10.2061855670104,13.5,"stationary","non-breeding site",12.6,15.75,-10.6838709677419,-10.1408450704225,"solar-geolocator","Apus melba","18CM","F61156","Switzerland Biel - Long term study on migratory movement of Alpine swifts (Apus melba)"
16890708061,true,2016-10-19 08:08:26.000,-10.2061855670104,13.5,"stationary","non-breeding site",12.6,15.75,-10.6838709677419,-10.1408450704225,"solar-geolocator","Apus melba","18CM","F61156","Switzerland Biel - Long term study on migratory movement of Alpine swifts (Apus melba)"
16890708062,true,2016-10-19 20:42:03.000,-10.2061855670104,13.5,"stationary","non-breeding site",12.15,15.75,-10.6838709677419,-10.1408450704225,"solar-geolocator","Apus melba","18CM","F61156","Switzerland Biel - Long term study on migratory movement of Alpine swifts (Apus melba)"
16890708063,true,2016-10-20 08:08:26.000,-10.2061855670104,13.5,"stationary","non-breeding site",12.6,15.75,-10.6838709677419,-10.1408450704225,"solar-geolocator","Apus melba","18CM","F61156","Switzerland Biel - Long term study on migratory movement of Alpine swifts (Apus melba)"
16890708064,true,2016-10-20 20:40:03.000,-10.2061855670104,13.5,"stationary","non-breeding site",12.6,15.75,-10.6838709677419,-10.1668806161746,"solar-geolocator","Apus melba","18CM","F61156","Switzerland Biel - Long term study on migratory movement of Alpine swifts (Apus melba)"
16890708065,true,2016-10-21 08:08:27.000,-10.2061855670104,13.5,"stationary","non-breeding site",12.6,15.3,-10.6838709677419,-10.1668806161746,"solar-geolocator","Apus melba","18CM","F61156","Switzerland Biel - Long term study on migratory movement of Alpine swifts (Apus melba)"
16890708066,true,2016-10-21 20:42:04.000,-10.2061855670104,13.5,"stationary","non-breeding site",12.6,15.3,-10.6838709677419,-10.1668806161746,"solar-geolocator","Apus melba","18CM","F61156","Switzerland Biel - Long term study on migratory movement of Alpine swifts (Apus melba)"
16890708067,true,2016-10-22 08:06:27.000,-10.2061855670104,13.5,"stationary","non-breeding site",12.6,14.85,-10.6838709677419,-10.1408450704225,"solar-geolocator","Apus melba","18CM","F61156","Switzerland Biel - Long term study on migratory movement of Alpine swifts (Apus melba)"
16890708068,true,2016-10-22 20:42:04.000,-10.2061855670104,13.5,"stationary","non-breeding site",12.6,14.85,-10.6838709677419,-10.1408450704225,"solar-geolocator","Apus melba","18CM","F61156","Switzerland Biel - Long term study on migratory movement of Alpine swifts (Apus melba)"
16890708069,true,2016-10-23 08:08:27.000,-10.2061855670104,13.5,"stationary","non-breeding site",12.6,14.85,-10.6838709677419,-10.1408450704225,"solar-geolocator","Apus melba","18CM","F61156","Switzerland Biel - Long term study on migratory movement of Alpine swifts (Apus melba)"
16890708070,true,2016-10-23 20:40:04.000,-10.2061855670104,13.5,"stationary","non-breeding site",12.6,14.85,-10.6838709677419,-10.1408450704225,"solar-geolocator","Apus melba","18CM","F61156","Switzerland Biel - Long term study on migratory movement of Alpine swifts (Apus melba)"
16890708071,true,2016-10-24 08:06:27.000,-10.2061855670104,13.5,"stationary","non-breeding site",12.6,14.85,-10.6838709677419,-10.1408450704225,"solar-geolocator","Apus melba","18CM","F61156","Switzerland Biel - Long term study on migratory movement of Alpine swifts (Apus melba)"
16890708072,true,2016-10-24 20:36:04.000,-10.2061855670104,13.5,"stationary","non-breeding site",12.6,14.85,-10.6838709677419,-10.1408450704225,"solar-geolocator","Apus melba","18CM","F61156","Switzerland Biel - Long term study on migratory movement of Alpine swifts (Apus melba)"
16890708073,true,2016-10-25 08:06:27.000,-10.2061855670104,13.5,"stationary","non-breeding site",12.6,14.85,-10.6838709677419,-10.1668806161746,"solar-geolocator","Apus melba","18CM","F61156","Switzerland Biel - Long term study on migratory movement of Alpine swifts (Apus melba)"
16890708074,true,2016-10-25 20:40:04.000,-10.2061855670104,13.5,"stationary","non-breeding site",12.6,14.85,-10.6838709677419,-10.1668806161746,"solar-geolocator","Apus melba","18CM","F61156","Switzerland Biel - Long term study on migratory movement of Alpine swifts (Apus melba)"
16890708075,true,2016-10-26 08:04:27.000,-10.2061855670104,13.5,"stationary","non-breeding site",12.6,14.85,-10.6838709677419,-10.1668806161746,"solar-geolocator","Apus melba","18CM","F61156","Switzerland Biel - Long term study on migratory movement of Alpine swifts (Apus melba)"
16890708076,true,2016-10-26 20:40:04.000,-10.2061855670104,13.5,"stationary","non-breeding site",12.6,14.85,-10.6838709677419,-10.1668806161746,"solar-geolocator","Apus melba","18CM","F61156","Switzerland Biel - Long term study on migratory movement of Alpine swifts (Apus melba)"
16890708077,true,2016-10-27 08:08:27.000,-10.2061855670104,13.5,"stationary","non-breeding site",12.6,14.85,-10.6838709677419,-10.1668806161746,"solar-geolocator","Apus melba","18CM","F61156","Switzerland Biel - Long term study on migratory movement of Alpine swifts (Apus melba)"
16890708078,true,2016-10-27 20:40:04.000,-10.2061855670104,13.5,"stationary","non-breeding site",12.6,14.85,-10.6838709677419,-10.1668806161746,"solar-geolocator","Apus melba","18CM","F61156","Switzerland Biel - Long term study on migratory movement of Alpine swifts (Apus melba)"
16890708079,true,2016-10-28 08:06:27.000,-10.2061855670104,13.5,"stationary","non-breeding site",12.6,14.85,-10.6838709677419,-10.1668806161746,"solar-geolocator","Apus melba","18CM","F61156","Switzerland Biel - Long term study on migratory movement of Alpine swifts (Apus melba)"
16890708080,true,2016-10-28 20:44:04.000,-10.2061855670104,13.5,"stationary","non-breeding site",12.6,14.85,-10.6838709677419,-10.1668806161746,"solar-geolocator","Apus melba","18CM","F61156","Switzerland Biel - Long term study on migratory movement of Alpine swifts (Apus melba)"
16890708081,true,2016-10-29 08:06:27.000,-10.2061855670104,13.5,"stationary","non-breeding site",12.6,14.85,-10.6838709677419,-10.1668806161746,"solar-geolocator","Apus melba","18CM","F61156","Switzerland Biel - Long term study on migratory movement of Alpine swifts (Apus melba)"
16890708082,true,2016-10-29 20:42:05.000,-10.2061855670104,13.5,"stationary","non-breeding site",12.6,14.85,-10.6838709677419,-10.1668806161746,"solar-geolocator","Apus melba","18CM","F61156","Switzerland Biel - Long term study on migratory movement of Alpine swifts (Apus melba)"
16890708083,true,2016-10-30 07:08:28.000,-10.2061855670104,13.5,"stationary","non-breeding site",12.6,14.85,-10.6838709677419,-10.1668806161746,"solar-geolocator","Apus melba","18CM","F61156","Switzerland Biel - Long term study on migratory movement of Alpine swifts (Apus melba)"
16890707960,true,2016-10-30 19:40:05.000,-10.2193548387097,13.5,"stationary","non-breeding site",12.6,14.4,-10.6838709677419,-10.1668806161746,"solar-geolocator","Apus melba","18CM","F61156","Switzerland Biel - Long term study on migratory movement of Alpine swifts (Apus melba)"
16890707962,true,2016-10-31 07:08:28.000,-10.2193548387097,13.5,"stationary","non-breeding site",12.6,14.4,-10.6838709677419,-10.1668806161746,"solar-geolocator","Apus melba","18CM","F61156","Switzerland Biel - Long term study on migratory movement of Alpine swifts (Apus melba)"
16890707965,true,2016-10-31 19:40:05.000,-10.2193548387097,13.5,"stationary","non-breeding site",12.6,14.4,-10.6701030927835,-10.1668806161746,"solar-geolocator","Apus melba","18CM","F61156","Switzerland Biel - Long term study on migratory movement of Alpine swifts (Apus melba)"
16890707966,true,2016-11-01 07:08:28.000,-10.2193548387097,13.5,"stationary","non-breeding site",12.6,14.4,-10.6701030927835,-10.1408450704225,"solar-geolocator","Apus melba","18CM","F61156","Switzerland Biel - Long term study on migratory movement of Alpine swifts (Apus melba)"
16890707969,true,2016-11-01 19:40:05.000,-10.2193548387097,13.5,"stationary","non-breeding site",12.6,14.4,-10.6701030927835,-10.1668806161746,"solar-geolocator","Apus melba","18CM","F61156","Switzerland Biel - Long term study on migratory movement of Alpine swifts (Apus melba)"
16890707971,true,2016-11-02 07:14:28.000,-10.2193548387097,13.5,"stationary","non-breeding site",12.6,14.4,-10.6701030927835,-10.1408450704225,"solar-geolocator","Apus melba","18CM","F61156","Switzerland Biel - Long term study on migratory movement of Alpine swifts (Apus melba)"
16890707973,true,2016-11-02 19:36:05.000,-10.2193548387097,13.5,"stationary","non-breeding site",12.6,14.4,-10.6701030927835,-10.1408450704225,"solar-geolocator","Apus melba","18CM","F61156","Switzerland Biel - Long term study on migratory movement of Alpine swifts (Apus melba)"
16890707974,true,2016-11-03 07:14:28.000,-10.2193548387097,13.5,"stationary","non-breeding site",12.6,14.4,-10.6701030927835,-10.1408450704225,"solar-geolocator","Apus melba","18CM","F61156","Switzerland Biel - Long term study on migratory movement of Alpine swifts (Apus melba)"
16890707977,true,2016-11-03 19:36:05.000,-10.2193548387097,13.5,"stationary","non-breeding site",12.6,14.4,-10.6701030927835,-10.1408450704225,"solar-geolocator","Apus melba","18CM","F61156","Switzerland Biel - Long term study on migratory movement of Alpine swifts (Apus melba)"
16890707978,true,2016-11-04 07:12:28.000,-10.2193548387097,13.5,"stationary","non-breeding site",12.6,14.4,-10.6701030927835,-10.1408450704225,"solar-geolocator","Apus melba","18CM","F61156","Switzerland Biel - Long term study on migratory movement of Alpine swifts (Apus melba)"
16890707981,true,2016-11-04 19:32:05.000,-10.2193548387097,13.5,"stationary","non-breeding site",12.6,14.4,-10.6701030927835,-10.1408450704225,"solar-geolocator","Apus melba","18CM","F61156","Switzerland Biel - Long term study on migratory movement of Alpine swifts (Apus melba)"
16890707982,true,2016-11-05 07:14:28.000,-10.2193548387097,13.5,"stationary","non-breeding site",12.6,14.4,-10.6701030927835,-10.1408450704225,"solar-geolocator","Apus melba","18CM","F61156","Switzerland Biel - Long term study on migratory movement of Alpine swifts (Apus melba)"
16890707985,true,2016-11-05 19:42:05.000,-10.2193548387097,13.5,"stationary","non-breeding site",12.6,14.4,-10.6701030927835,-10.1408450704225,"solar-geolocator","Apus melba","18CM","F61156","Switzerland Biel - Long term study on migratory movement of Alpine swifts (Apus melba)"
16890707987,true,2016-11-06 07:12:28.000,-10.2193548387097,13.5,"stationary","non-breeding site",12.6,14.4,-10.6701030927835,-10.1408450704225,"solar-geolocator","Apus melba","18CM","F61156","Switzerland Biel - Long term study on migratory movement of Alpine swifts (Apus melba)"
16890707988,true,2016-11-06 19:40:05.000,-10.2193548387097,13.5,"stationary","non-breeding site",12.6,14.4,-10.6701030927835,-10.1408450704225,"solar-geolocator","Apus melba","18CM","F61156","Switzerland Biel - Long term study on migratory movement of Alpine swifts (Apus melba)"
16890707989,true,2016-11-07 07:12:28.000,-10.2193548387097,13.5,"stationary","non-breeding site",12.6,14.4,-10.6701030927835,-10.1408450704225,"solar-geolocator","Apus melba","18CM","F61156","Switzerland Biel - Long term study on migratory movement of Alpine swifts (Apus melba)"
16890707990,true,2016-11-07 19:40:06.000,-10.2193548387097,13.5,"stationary","non-breeding site",12.6,14.4,-10.6701030927835,-10.1408450704225,"solar-geolocator","Apus melba","18CM","F61156","Switzerland Biel - Long term study on migratory movement of Alpine swifts (Apus melba)"
16890707991,true,2016-11-08 07:08:29.000,-10.2193548387097,13.5,"stationary","non-breeding site",12.6,14.4,-10.6701030927835,-10.1408450704225,"solar-geolocator","Apus melba","18CM","F61156","Switzerland Biel - Long term study on migratory movement of Alpine swifts (Apus melba)"
16890707992,true,2016-11-08 19:42:06.000,-10.2193548387097,13.5,"stationary","non-breeding site",12.6,14.4,-10.6838709677419,-10.1408450704225,"solar-geolocator","Apus melba","18CM","F61156","Switzerland Biel - Long term study on migratory movement of Alpine swifts (Apus melba)"
16890707993,true,2016-11-09 07:10:29.000,-10.2193548387097,13.5,"stationary","non-breeding site",12.6,14.4,-10.6701030927835,-10.1668806161746,"solar-geolocator","Apus melba","18CM","F61156","Switzerland Biel - Long term study on migratory movement of Alpine swifts (Apus melba)"
16890707994,true,2016-11-09 19:38:06.000,-10.2193548387097,13.5,"stationary","non-breeding site",12.6,14.4,-10.6838709677419,-10.1668806161746,"solar-geolocator","Apus melba","18CM","F61156","Switzerland Biel - Long term study on migratory movement of Alpine swifts (Apus melba)"
16890707995,true,2016-11-10 07:10:29.000,-10.2193548387097,13.5,"stationary","non-breeding site",12.6,14.4,-10.6838709677419,-10.1668806161746,"solar-geolocator","Apus melba","18CM","F61156","Switzerland Biel - Long term study on migratory movement of Alpine swifts (Apus melba)"
16890707996,true,2016-11-10 19:38:06.000,-10.2193548387097,13.5,"stationary","non-breeding site",12.6,14.4,-10.6838709677419,-10.1668806161746,"solar-geolocator","Apus melba","18CM","F61156","Switzerland Biel - Long term study on migratory movement of Alpine swifts (Apus melba)"
16890707997,true,2016-11-11 07:12:29.000,-10.2193548387097,13.5,"stationary","non-breeding site",12.6,14.4,-10.6838709677419,-10.1668806161746,"solar-geolocator","Apus melba","18CM","F61156","Switzerland Biel - Long term study on migratory movement of Alpine swifts (Apus melba)"
16890707998,true,2016-11-11 19:42:06.000,-10.2193548387097,13.5,"stationary","non-breeding site",12.6,14.4,-10.6838709677419,-10.1668806161746,"solar-geolocator","Apus melba","18CM","F61156","Switzerland Biel - Long term study on migratory movement of Alpine swifts (Apus melba)"
16890707999,true,2016-11-12 07:12:29.000,-10.2193548387097,13.5,"stationary","non-breeding site",12.6,14.4,-10.6838709677419,-10.1668806161746,"solar-geolocator","Apus melba","18CM","F61156","Switzerland Biel - Long term study on migratory movement of Alpine swifts (Apus melba)"
16890708000,true,2016-11-12 19:40:06.000,-10.2193548387097,13.5,"stationary","non-breeding site",12.6,14.4,-10.6838709677419,-10.1668806161746,"solar-geolocator","Apus melba","18CM","F61156","Switzerland Biel - Long term study on migratory movement of Alpine swifts (Apus melba)"
16890708001,true,2016-11-13 07:08:29.000,-10.2193548387097,13.5,"stationary","non-breeding site",12.6,14.4,-10.6838709677419,-10.1668806161746,"solar-geolocator","Apus melba","18CM","F61156","Switzerland Biel - Long term study on migratory movement of Alpine swifts (Apus melba)"
16890708003,true,2016-11-13 19:40:06.000,-10.2193548387097,13.5,"stationary","non-breeding site",12.6,14.4,-10.6838709677419,-10.1668806161746,"solar-geolocator","Apus melba","18CM","F61156","Switzerland Biel - Long term study on migratory movement of Alpine swifts (Apus melba)"
16890708004,true,2016-11-14 07:06:29.000,-10.2193548387097,13.5,"stationary","non-breeding site",12.15,14.85,-10.6838709677419,-10.1668806161746,"solar-geolocator","Apus melba","18CM","F61156","Switzerland Biel - Long term study on migratory movement of Alpine swifts (Apus melba)"
16890708007,true,2016-11-15 01:28:06.000,-10.2193548387097,13.5,"stationary","non-breeding site",12.15,14.85,-10.6838709677419,-10.1668806161746,"solar-geolocator","Apus melba","18CM","F61156","Switzerland Biel - Long term study on migratory movement of Alpine swifts (Apus melba)"
16890708009,true,2016-11-15 07:12:29.000,-10.2193548387097,13.5,"stationary","non-breeding site",12.15,14.85,-10.6838709677419,-10.1668806161746,"solar-geolocator","Apus melba","18CM","F61156","Switzerland Biel - Long term study on migratory movement of Alpine swifts (Apus melba)"
16890708011,true,2016-11-15 19:40:06.000,-10.2193548387097,13.5,"stationary","non-breeding site",12.15,14.85,-10.6838709677419,-10.1668806161746,"solar-geolocator","Apus melba","18CM","F61156","Switzerland Biel - Long term study on migratory movement of Alpine swifts (Apus melba)"
16890708013,true,2016-11-16 07:12:30.000,-10.2193548387097,13.5,"stationary","non-breeding site",12.15,14.85,-10.6838709677419,-10.1668806161746,"solar-geolocator","Apus melba","18CM","F61156","Switzerland Biel - Long term study on migratory movement of Alpine swifts (Apus melba)"
16890708015,true,2016-11-16 19:40:07.000,-10.2193548387097,13.5,"stationary","non-breeding site",12.15,14.85,-10.6838709677419,-10.1668806161746,"solar-geolocator","Apus melba","18CM","F61156","Switzerland Biel - Long term study on migratory movement of Alpine swifts (Apus melba)"
16890708017,true,2016-11-17 07:12:30.000,-10.2193548387097,13.5,"stationary","non-breeding site",12.15,14.85,-10.6838709677419,-10.1668806161746,"solar-geolocator","Apus melba","18CM","F61156","Switzerland Biel - Long term study on migratory movement of Alpine swifts (Apus melba)"
16890708019,true,2016-11-17 19:42:07.000,-10.2193548387097,13.5,"stationary","non-breeding site",12.15,14.85,-10.6838709677419,-10.1668806161746,"solar-geolocator","Apus melba","18CM","F61156","Switzerland Biel - Long term study on migratory movement of Alpine swifts (Apus melba)"
16890708021,true,2016-11-18 07:10:30.000,-10.2193548387097,13.5,"stationary","non-breeding site",12.15,14.85,-10.6838709677419,-10.1668806161746,"solar-geolocator","Apus melba","18CM","F61156","Switzerland Biel - Long term study on migratory movement of Alpine swifts (Apus melba)"
16890708022,true,2016-11-18 19:36:07.000,-10.2193548387097,13.5,"stationary","non-breeding site",12.15,14.85,-10.6838709677419,-10.1668806161746,"solar-geolocator","Apus melba","18CM","F61156","Switzerland Biel - Long term study on migratory movement of Alpine swifts (Apus melba)"
16890708024,true,2016-11-19 06:56:30.000,-10.2193548387097,13.5,"stationary","non-breeding site",12.15,15.3,-10.6838709677419,-10.1668806161746,"solar-geolocator","Apus melba","18CM","F61156","Switzerland Biel - Long term study on migratory movement of Alpine swifts (Apus melba)"
16890708026,true,2016-11-19 19:36:07.000,-10.2193548387097,13.5,"stationary","non-breeding site",12.15,15.3,-10.6838709677419,-10.1408450704225,"solar-geolocator","Apus melba","18CM","F61156","Switzerland Biel - Long term study on migratory movement of Alpine swifts (Apus melba)"
16890708098,true,2016-11-20 06:58:30.000,-10.2061855670104,13.5,"stationary","non-breeding site",12.15,15.75,-10.6838709677419,-10.1278772378517,"solar-geolocator","Apus melba","18CM","F61156","Switzerland Biel - Long term study on migratory movement of Alpine swifts (Apus melba)"
16890708255,true,2016-11-20 19:32:07.000,-10.1668806161746,13.05,"movement","non-breeding site",8.55000000000001,14.4,-10.6838709677419,-7.29113924050634,"solar-geolocator","Apus melba","18CM","F61156","Switzerland Biel - Long term study on migratory movement of Alpine swifts (Apus melba)"
16890709406,true,2016-11-21 06:56:30.000,-7.30038022813691,9.44999999999999,"movement","migration",8.55000000000001,13.5,-10.2061855670104,-7.28192161820483,"solar-geolocator","Apus melba","18CM","F61156","Switzerland Biel - Long term study on migratory movement of Alpine swifts (Apus melba)"
16890709407,true,2016-11-21 19:30:07.000,-7.30038022813691,9.44999999999999,"stationary","migration",8.55000000000001,13.5,-10.1799485861183,-7.28192161820483,"solar-geolocator","Apus melba","18CM","F61156","Switzerland Biel - Long term study on migratory movement of Alpine swifts (Apus melba)"
16890709408,true,2016-11-22 06:58:30.000,-7.30038022813691,9.00000000000001,"stationary","non-breeding site",8.55000000000001,9.90000000000001,-7.76649746192896,-7.28192161820483,"solar-geolocator","Apus melba","18CM","F61156","Switzerland Biel - Long term study on migratory movement of Alpine swifts (Apus melba)"
16890709409,true,2016-11-22 19:34:07.000,-7.30038022813691,9.00000000000001,"stationary","non-breeding site",8.55000000000001,9.90000000000001,-7.76649746192896,-7.28192161820483,"solar-geolocator","Apus melba","18CM","F61156","Switzerland Biel - Long term study on migratory movement of Alpine swifts (Apus melba)"
16890709410,true,2016-11-23 06:58:30.000,-7.30038022813691,9.00000000000001,"stationary","non-breeding site",8.55000000000001,9.90000000000001,-7.76649746192896,-7.28192161820483,"solar-geolocator","Apus melba","18CM","F61156","Switzerland Biel - Long term study on migratory movement of Alpine swifts (Apus melba)"
16890709411,true,2016-11-23 19:30:07.000,-7.30038022813691,9.00000000000001,"stationary","non-breeding site",8.55000000000001,9.90000000000001,-7.76649746192896,-7.28192161820483,"solar-geolocator","Apus melba","18CM","F61156","Switzerland Biel - Long term study on migratory movement of Alpine swifts (Apus melba)"
16890709412,true,2016-11-24 07:00:30.000,-7.30038022813691,9.00000000000001,"stationary","non-breeding site",8.55000000000001,9.90000000000001,-7.76649746192896,-7.28192161820483,"solar-geolocator","Apus melba","18CM","F61156","Switzerland Biel - Long term study on migratory movement of Alpine swifts (Apus melba)"
16890709413,true,2016-11-24 19:30:07.000,-7.30038022813691,9.00000000000001,"stationary","non-breeding site",8.55000000000001,9.90000000000001,-7.76649746192896,-7.28192161820483,"solar-geolocator","Apus melba","18CM","F61156","Switzerland Biel - Long term study on migratory movement of Alpine swifts (Apus melba)"
16890709414,true,2016-11-25 07:00:31.000,-7.30038022813691,9.00000000000001,"stationary","non-breeding site",8.55000000000001,9.90000000000001,-7.76649746192896,-7.28192161820483,"solar-geolocator","Apus melba","18CM","F61156","Switzerland Biel - Long term study on migratory movement of Alpine swifts (Apus melba)"
16890709415,true,2016-11-25 19:30:08.000,-7.30038022813691,9.00000000000001,"stationary","non-breeding site",8.55000000000001,9.90000000000001,-7.76649746192896,-7.28192161820483,"solar-geolocator","Apus melba","18CM","F61156","Switzerland Biel - Long term study on migratory movement of Alpine swifts (Apus melba)"
16890709417,true,2016-11-26 07:04:31.000,-7.29113924050634,9.00000000000001,"stationary","non-breeding site",8.55000000000001,9.90000000000001,-7.76649746192896,-7.28192161820483,"solar-geolocator","Apus melba","18CM","F61156","Switzerland Biel - Long term study on migratory movement of Alpine swifts (Apus melba)"
16890709418,true,2016-11-26 19:32:08.000,-7.29113924050634,9.00000000000001,"stationary","non-breeding site",8.55000000000001,9.90000000000001,-7.76649746192896,-7.28192161820483,"solar-geolocator","Apus melba","18CM","F61156","Switzerland Biel - Long term study on migratory movement of Alpine swifts (Apus melba)"
16890709419,true,2016-11-27 07:02:31.000,-7.29113924050634,9.00000000000001,"stationary","non-breeding site",8.55000000000001,9.90000000000001,-7.76649746192896,-7.28192161820483,"solar-geolocator","Apus melba","18CM","F61156","Switzerland Biel - Long term study on migratory movement of Alpine swifts (Apus melba)"
16890709420,true,2016-11-27 19:34:08.000,-7.29113924050634,9.00000000000001,"stationary","non-breeding site",8.55000000000001,9.90000000000001,-7.76649746192896,-7.28192161820483,"solar-geolocator","Apus melba","18CM","F61156","Switzerland Biel - Long term study on migratory movement of Alpine swifts (Apus melba)"
16890709421,true,2016-11-28 07:00:31.000,-7.29113924050634,9.00000000000001,"stationary","non-breeding site",8.55000000000001,9.90000000000001,-7.76649746192896,-7.28192161820483,"solar-geolocator","Apus melba","18CM","F61156","Switzerland Biel - Long term study on migratory movement of Alpine swifts (Apus melba)"
16890709422,true,2016-11-28 19:30:08.000,-7.29113924050634,9.00000000000001,"stationary","non-breeding site",8.55000000000001,9.90000000000001,-7.76649746192896,-7.28192161820483,"solar-geolocator","Apus melba","18CM","F61156","Switzerland Biel - Long term study on migratory movement of Alpine swifts (Apus melba)"
16890709423,true,2016-11-29 07:02:31.000,-7.29113924050634,9.00000000000001,"stationary","non-breeding site",8.55000000000001,9.90000000000001,-7.76649746192896,-7.28192161820483,"solar-geolocator","Apus melba","18CM","F61156","Switzerland Biel - Long term study on migratory movement of Alpine swifts (Apus melba)"
16890709424,true,2016-11-29 19:30:08.000,-7.29113924050634,9.00000000000001,"stationary","non-breeding site",8.55000000000001,9.90000000000001,-7.76649746192896,-7.28192161820483,"solar-geolocator","Apus melba","18CM","F61156","Switzerland Biel - Long term study on migratory movement of Alpine swifts (Apus melba)"
16890709425,true,2016-11-30 07:06:31.000,-7.29113924050634,9.00000000000001,"stationary","non-breeding site",8.55000000000001,9.90000000000001,-7.76649746192896,-7.28192161820483,"solar-geolocator","Apus melba","18CM","F61156","Switzerland Biel - Long term study on migratory movement of Alpine swifts (Apus melba)"
16890709426,true,2016-11-30 19:34:08.000,-7.29113924050634,9.00000000000001,"stationary","non-breeding site",8.55000000000001,9.90000000000001,-7.76649746192896,-7.28192161820483,"solar-geolocator","Apus melba","18CM","F61156","Switzerland Biel - Long term study on migratory movement of Alpine swifts (Apus melba)"
16890709427,true,2016-12-01 07:04:31.000,-7.29113924050634,9.00000000000001,"stationary","non-breeding site",8.55000000000001,9.90000000000001,-7.76649746192896,-7.28192161820483,"solar-geolocator","Apus melba","18CM","F61156","Switzerland Biel - Long term study on migratory movement of Alpine swifts (Apus melba)"
16890709428,true,2016-12-01 19:32:08.000,-7.29113924050634,9.00000000000001,"stationary","non-breeding site",8.55000000000001,9.90000000000001,-7.76649746192896,-7.28192161820483,"solar-geolocator","Apus melba","18CM","F61156","Switzerland Biel - Long term study on migratory movement of Alpine swifts (Apus melba)"
16890709429,true,2016-12-02 07:04:31.000,-7.29113924050634,9.00000000000001,"stationary","non-breeding site",8.55000000000001,9.90000000000001,-7.76649746192896,-7.28192161820483,"solar-geolocator","Apus melba","18CM","F61156","Switzerland Biel - Long term study on migratory movement of Alpine swifts (Apus melba)"
16890709430,true,2016-12-02 19:34:08.000,-7.29113924050634,9.00000000000001,"stationary","non-breeding site",8.55000000000001,9.90000000000001,-7.76649746192896,-7.28192161820483,"solar-geolocator","Apus melba","18CM","F61156","Switzerland Biel - Long term study on migratory movement of Alpine swifts (Apus melba)"
16890709431,true,2016-12-03 07:04:31.000,-7.29113924050634,9.00000000000001,"stationary","non-breeding site",8.55000000000001,9.90000000000001,-7.76649746192896,-7.28192161820483,"solar-geolocator","Apus melba","18CM","F61156","Switzerland Biel - Long term study on migratory movement of Alpine swifts (Apus melba)"
16890709432,true,2016-12-03 19:38:09.000,-7.29113924050634,9.00000000000001,"stationary","non-breeding site",8.55000000000001,9.90000000000001,-7.76649746192896,-7.28192161820483,"solar-geolocator","Apus melba","18CM","F61156","Switzerland Biel - Long term study on migratory movement of Alpine swifts (Apus melba)"
16890709433,true,2016-12-04 07:10:32.000,-7.29113924050634,9.00000000000001,"stationary","non-breeding site",8.55000000000001,9.90000000000001,-7.76649746192896,-7.28192161820483,"solar-geolocator","Apus melba","18CM","F61156","Switzerland Biel - Long term study on migratory movement of Alpine swifts (Apus melba)"
16890709434,true,2016-12-04 19:40:09.000,-7.29113924050634,9.00000000000001,"stationary","non-breeding site",8.55000000000001,9.90000000000001,-7.76649746192896,-7.28192161820483,"solar-geolocator","Apus melba","18CM","F61156","Switzerland Biel - Long term study on migratory movement of Alpine swifts (Apus melba)"
16890709435,true,2016-12-05 07:10:32.000,-7.29113924050634,9.00000000000001,"stationary","non-breeding site",8.55000000000001,9.90000000000001,-7.76649746192896,-7.28192161820483,"solar-geolocator","Apus melba","18CM","F61156","Switzerland Biel - Long term study on migratory movement of Alpine swifts (Apus melba)"
16890709436,true,2016-12-05 19:36:09.000,-7.29113924050634,9.00000000000001,"stationary","non-breeding site",8.55000000000001,9.90000000000001,-7.76649746192896,-7.28192161820483,"solar-geolocator","Apus melba","18CM","F61156","Switzerland Biel - Long term study on migratory movement of Alpine swifts (Apus melba)"
16890709437,true,2016-12-06 07:04:32.000,-7.29113924050634,9.00000000000001,"stationary","non-breeding site",8.55000000000001,9.90000000000001,-7.76649746192896,-7.28192161820483,"solar-geolocator","Apus melba","18CM","F61156","Switzerland Biel - Long term study on migratory movement of Alpine swifts (Apus melba)"
16890709438,true,2016-12-06 19:38:09.000,-7.29113924050634,9.00000000000001,"stationary","non-breeding site",8.55000000000001,9.90000000000001,-7.76649746192896,-7.28192161820483,"solar-geolocator","Apus melba","18CM","F61156","Switzerland Biel - Long term study on migratory movement of Alpine swifts (Apus melba)"
16890709439,true,2016-12-07 07:06:32.000,-7.29113924050634,9.00000000000001,"stationary","non-breeding site",8.55000000000001,9.90000000000001,-7.76649746192896,-7.28192161820483,"solar-geolocator","Apus melba","18CM","F61156","Switzerland Biel - Long term study on migratory movement of Alpine swifts (Apus melba)"
16890709440,true,2016-12-07 19:38:09.000,-7.29113924050634,9.00000000000001,"stationary","non-breeding site",8.55000000000001,9.90000000000001,-7.76649746192896,-7.28192161820483,"solar-geolocator","Apus melba","18CM","F61156","Switzerland Biel - Long term study on migratory movement of Alpine swifts (Apus melba)"
16890709441,true,2016-12-08 07:08:32.000,-7.29113924050634,9.00000000000001,"stationary","non-breeding site",8.55000000000001,9.90000000000001,-7.76649746192896,-7.28192161820483,"solar-geolocator","Apus melba","18CM","F61156","Switzerland Biel - Long term study on migratory movement of Alpine swifts (Apus melba)"
16890709442,true,2016-12-08 19:30:09.000,-7.29113924050634,9.00000000000001,"stationary","non-breeding site",8.55000000000001,9.90000000000001,-7.76649746192896,-7.28192161820483,"solar-geolocator","Apus melba","18CM","F61156","Switzerland Biel - Long term study on migratory movement of Alpine swifts (Apus melba)"
16890709443,true,2016-12-09 07:06:32.000,-7.29113924050634,9.00000000000001,"stationary","non-breeding site",8.55000000000001,9.90000000000001,-7.76649746192896,-7.28192161820483,"solar-geolocator","Apus melba","18CM","F61156","Switzerland Biel - Long term study on migratory movement of Alpine swifts (Apus melba)"
16890709444,true,2016-12-09 19:34:09.000,-7.29113924050634,9.00000000000001,"stationary","non-breeding site",8.55000000000001,9.90000000000001,-7.76649746192896,-7.28192161820483,"solar-geolocator","Apus melba","18CM","F61156","Switzerland Biel - Long term study on migratory movement of Alpine swifts (Apus melba)"
16890709445,true,2016-12-10 07:06:32.000,-7.29113924050634,9.00000000000001,"stationary","non-breeding site",8.55000000000001,9.90000000000001,-7.76649746192896,-7.28192161820483,"solar-geolocator","Apus melba","18CM","F61156","Switzerland Biel - Long term study on migratory movement of Alpine swifts (Apus melba)"
16890709446,true,2016-12-10 19:38:09.000,-7.29113924050634,9.00000000000001,"stationary","non-breeding site",8.55000000000001,9.90000000000001,-7.75665399239546,-7.28192161820483,"solar-geolocator","Apus melba","18CM","F61156","Switzerland Biel - Long term study on migratory movement of Alpine swifts (Apus melba)"
16890709447,true,2016-12-11 07:08:32.000,-7.29113924050634,9.00000000000001,"stationary","non-breeding site",8.55000000000001,9.44999999999999,-7.75665399239546,-7.28192161820483,"solar-geolocator","Apus melba","18CM","F61156","Switzerland Biel - Long term study on migratory movement of Alpine swifts (Apus melba)"
16890709448,true,2016-12-11 19:40:09.000,-7.29113924050634,9.00000000000001,"stationary","non-breeding site",8.55000000000001,9.44999999999999,-7.75665399239546,-7.28192161820483,"solar-geolocator","Apus melba","18CM","F61156","Switzerland Biel - Long term study on migratory movement of Alpine swifts (Apus melba)"
16890709449,true,2016-12-12 07:12:32.000,-7.29113924050634,9.00000000000001,"stationary","non-breeding site",8.55000000000001,9.44999999999999,-7.74683544303801,-7.28192161820483,"solar-geolocator","Apus melba","18CM","F61156","Switzerland Biel - Long term study on migratory movement of Alpine swifts (Apus melba)"
16890709450,true,2016-12-12 19:38:10.000,-7.29113924050634,9.00000000000001,"stationary","non-breeding site",8.55000000000001,9.44999999999999,-7.74683544303801,-7.28192161820483,"solar-geolocator","Apus melba","18CM","F61156","Switzerland Biel - Long term study on migratory movement of Alpine swifts (Apus melba)"
16890709451,true,2016-12-13 07:10:33.000,-7.29113924050634,9.00000000000001,"stationary","non-breeding site",8.55000000000001,9.44999999999999,-7.74683544303801,-7.28192161820483,"solar-geolocator","Apus melba","18CM","F61156","Switzerland Biel - Long term study on migratory movement of Alpine swifts (Apus melba)"
16890709452,true,2016-12-13 19:38:10.000,-7.29113924050634,9.00000000000001,"stationary","non-breeding site",8.55000000000001,9.44999999999999,-7.74683544303801,-7.28192161820483,"solar-geolocator","Apus melba","18CM","F61156","Switzerland Biel - Long term study on migratory movement of Alpine swifts (Apus melba)"
16890709453,true,2016-12-14 07:10:33.000,-7.29113924050634,9.00000000000001,"stationary","non-breeding site",8.55000000000001,9.44999999999999,-7.74683544303801,-7.28192161820483,"solar-geolocator","Apus melba","18CM","F61156","Switzerland Biel - Long term study on migratory movement of Alpine swifts (Apus melba)"
16890709454,true,2016-12-14 19:42:10.000,-7.29113924050634,9.00000000000001,"stationary","non-breeding site",8.55000000000001,9.44999999999999,-7.74683544303801,-7.28192161820483,"solar-geolocator","Apus melba","18CM","F61156","Switzerland Biel - Long term study on migratory movement of Alpine swifts (Apus melba)"
16890709455,true,2016-12-15 07:14:33.000,-7.29113924050634,9.00000000000001,"stationary","non-breeding site",8.55000000000001,9.44999999999999,-7.74683544303801,-7.28192161820483,"solar-geolocator","Apus melba","18CM","F61156","Switzerland Biel - Long term study on migratory movement of Alpine swifts (Apus melba)"
16890709456,true,2016-12-15 19:44:10.000,-7.29113924050634,9.00000000000001,"stationary","non-breeding site",8.55000000000001,9.44999999999999,-7.74683544303801,-7.28192161820483,"solar-geolocator","Apus melba","18CM","F61156","Switzerland Biel - Long term study on migratory movement of Alpine swifts (Apus melba)"
16890709457,true,2016-12-16 07:14:33.000,-7.29113924050634,9.00000000000001,"stationary","non-breeding site",8.55000000000001,9.44999999999999,-7.74683544303801,-7.28192161820483,"solar-geolocator","Apus melba","18CM","F61156","Switzerland Biel - Long term study on migratory movement of Alpine swifts (Apus melba)"
16890709458,true,2016-12-16 19:42:10.000,-7.29113924050634,9.00000000000001,"stationary","non-breeding site",8.55000000000001,9.44999999999999,-7.74683544303801,-7.28192161820483,"solar-geolocator","Apus melba","18CM","F61156","Switzerland Biel - Long term study on migratory movement of Alpine swifts (Apus melba)"
16890709459,true,2016-12-17 07:12:33.000,-7.29113924050634,9.00000000000001,"stationary","non-breeding site",8.55000000000001,9.44999999999999,-7.74683544303801,-7.28192161820483,"solar-geolocator","Apus melba","18CM","F61156","Switzerland Biel - Long term study on migratory movement of Alpine swifts (Apus melba)"
16890709460,true,2016-12-17 19:42:10.000,-7.29113924050634,9.00000000000001,"stationary","non-breeding site",8.55000000000001,9.44999999999999,-7.74683544303801,-7.28192161820483,"solar-geolocator","Apus melba","18CM","F61156","Switzerland Biel - Long term study on migratory movement of Alpine swifts (Apus melba)"
16890709461,true,2016-12-18 07:08:33.000,-7.29113924050634,9.00000000000001,"stationary","non-breeding site",8.55000000000001,9.44999999999999,-7.74683544303801,-7.28192161820483,"solar-geolocator","Apus melba","18CM","F61156","Switzerland Biel - Long term study on migratory movement of Alpine swifts (Apus melba)"
16890709462,true,2016-12-18 19:38:10.000,-7.29113924050634,9.00000000000001,"stationary","non-breeding site",8.55000000000001,9.44999999999999,-7.74683544303801,-7.28192161820483,"solar-geolocator","Apus melba","18CM","F61156","Switzerland Biel - Long term study on migratory movement of Alpine swifts (Apus melba)"
16890709463,true,2016-12-19 07:08:33.000,-7.29113924050634,9.00000000000001,"stationary","non-breeding site",8.55000000000001,9.44999999999999,-7.74683544303801,-7.28192161820483,"solar-geolocator","Apus melba","18CM","F61156","Switzerland Biel - Long term study on migratory movement of Alpine swifts (Apus melba)"
16890709464,true,2016-12-19 19:44:10.000,-7.29113924050634,9.00000000000001,"stationary","non-breeding site",8.55000000000001,9.44999999999999,-7.73704171934261,-7.28192161820483,"solar-geolocator","Apus melba","18CM","F61156","Switzerland Biel - Long term study on migratory movement of Alpine swifts (Apus melba)"
16890709465,true,2016-12-20 07:08:33.000,-7.29113924050634,9.00000000000001,"stationary","non-breeding site",8.55000000000001,9.44999999999999,-7.73704171934261,-7.28192161820483,"solar-geolocator","Apus melba","18CM","F61156","Switzerland Biel - Long term study on migratory movement of Alpine swifts (Apus melba)"
16890709466,true,2016-12-20 19:44:10.000,-7.29113924050634,9.00000000000001,"stationary","non-breeding site",8.55000000000001,9.44999999999999,-7.30964467005074,-7.28192161820483,"solar-geolocator","Apus melba","18CM","F61156","Switzerland Biel - Long term study on migratory movement of Alpine swifts (Apus melba)"
16890709467,true,2016-12-21 07:10:34.000,-7.29113924050634,9.00000000000001,"stationary","non-breeding site",8.55000000000001,9.44999999999999,-7.30038022813691,-7.28192161820483,"solar-geolocator","Apus melba","18CM","F61156","Switzerland Biel - Long term study on migratory movement of Alpine swifts (Apus melba)"
16890709468,true,2016-12-21 19:42:11.000,-7.29113924050634,9.00000000000001,"stationary","non-breeding site",8.55000000000001,9.44999999999999,-7.30038022813691,-7.28192161820483,"solar-geolocator","Apus melba","18CM","F61156","Switzerland Biel - Long term study on migratory movement of Alpine swifts (Apus melba)"
16890709469,true,2016-12-22 07:08:34.000,-7.29113924050634,9.00000000000001,"stationary","non-breeding site",8.55000000000001,9.44999999999999,-7.30038022813691,-7.27272727272731,"solar-geolocator","Apus melba","18CM","F61156","Switzerland Biel - Long term study on migratory movement of Alpine swifts (Apus melba)"
16890709470,true,2016-12-22 19:42:11.000,-7.29113924050634,9.00000000000001,"stationary","non-breeding site",8.10000000000001,9.44999999999999,-7.30038022813691,-7.27272727272731,"solar-geolocator","Apus melba","18CM","F61156","Switzerland Biel - Long term study on migratory movement of Alpine swifts (Apus melba)"
16890709471,true,2016-12-23 07:12:34.000,-7.29113924050634,9.00000000000001,"stationary","non-breeding site",8.55000000000001,9.44999999999999,-7.30038022813691,-7.27272727272731,"solar-geolocator","Apus melba","18CM","F61156","Switzerland Biel - Long term study on migratory movement of Alpine swifts (Apus melba)"
16890709472,true,2016-12-23 19:42:11.000,-7.29113924050634,9.00000000000001,"stationary","non-breeding site",8.10000000000001,9.44999999999999,-7.30038022813691,-7.27272727272731,"solar-geolocator","Apus melba","18CM","F61156","Switzerland Biel - Long term study on migratory movement of Alpine swifts (Apus melba)"
16890709473,true,2016-12-24 07:10:34.000,-7.29113924050634,9.00000000000001,"stationary","non-breeding site",8.10000000000001,9.44999999999999,-7.30038022813691,-7.27272727272731,"solar-geolocator","Apus melba","18CM","F61156","Switzerland Biel - Long term study on migratory movement of Alpine swifts (Apus melba)"
16890709475,true,2016-12-24 19:42:11.000,-7.29113924050634,9.00000000000001,"stationary","non-breeding site",8.10000000000001,9.44999999999999,-7.30038022813691,-7.27272727272731,"solar-geolocator","Apus melba","18CM","F61156","Switzerland Biel - Long term study on migratory movement of Alpine swifts (Apus melba)"
16890709477,true,2016-12-25 07:10:34.000,-7.29113924050634,9.00000000000001,"stationary","non-breeding site",8.10000000000001,9.44999999999999,-7.30038022813691,-7.27272727272731,"solar-geolocator","Apus melba","18CM","F61156","Switzerland Biel - Long term study on migratory movement of Alpine swifts (Apus melba)"
16890709479,true,2016-12-25 19:42:11.000,-7.29113924050634,9.00000000000001,"stationary","non-breeding site",8.10000000000001,9.44999999999999,-7.30038022813691,-7.27272727272731,"solar-geolocator","Apus melba","18CM","F61156","Switzerland Biel - Long term study on migratory movement of Alpine swifts (Apus melba)"
16890709481,true,2016-12-26 07:12:34.000,-7.29113924050634,9.00000000000001,"stationary","non-breeding site",8.10000000000001,9.44999999999999,-7.30038022813691,-7.27272727272731,"solar-geolocator","Apus melba","18CM","F61156","Switzerland Biel - Long term study on migratory movement of Alpine swifts (Apus melba)"
16890709483,true,2016-12-26 19:44:11.000,-7.29113924050634,9.00000000000001,"stationary","non-breeding site",8.10000000000001,9.44999999999999,-7.30038022813691,-7.27272727272731,"solar-geolocator","Apus melba","18CM","F61156","Switzerland Biel - Long term study on migratory movement of Alpine swifts (Apus melba)"
16890709485,true,2016-12-27 07:14:34.000,-7.29113924050634,9.00000000000001,"stationary","non-breeding site",8.10000000000001,9.44999999999999,-7.30038022813691,-7.27272727272731,"solar-geolocator","Apus melba","18CM","F61156","Switzerland Biel - Long term study on migratory movement of Alpine swifts (Apus melba)"
16890709487,true,2016-12-27 19:44:11.000,-7.29113924050634,9.00000000000001,"stationary","non-breeding site",8.10000000000001,9.44999999999999,-7.30038022813691,-7.27272727272731,"solar-geolocator","Apus melba","18CM","F61156","Switzerland Biel - Long term study on migratory movement of Alpine swifts (Apus melba)"
16890709489,true,2016-12-28 07:16:34.000,-7.29113924050634,9.00000000000001,"stationary","non-breeding site",8.10000000000001,9.44999999999999,-7.30038022813691,-7.27272727272731,"solar-geolocator","Apus melba","18CM","F61156","Switzerland Biel - Long term study on migratory movement of Alpine swifts (Apus melba)"
16890709491,true,2016-12-28 19:44:11.000,-7.29113924050634,9.00000000000001,"stationary","non-breeding site",8.10000000000001,9.44999999999999,-7.30038022813691,-7.27272727272731,"solar-geolocator","Apus melba","18CM","F61156","Switzerland Biel - Long term study on migratory movement of Alpine swifts (Apus melba)"
16890709493,true,2016-12-29 07:12:34.000,-7.29113924050634,9.00000000000001,"stationary","non-breeding site",8.10000000000001,9.44999999999999,-7.30038022813691,-7.27272727272731,"solar-geolocator","Apus melba","18CM","F61156","Switzerland Biel - Long term study on migratory movement of Alpine swifts (Apus melba)"
16890709495,true,2016-12-29 19:46:11.000,-7.29113924050634,9.00000000000001,"stationary","non-breeding site",8.10000000000001,9.44999999999999,-7.30038022813691,-7.27272727272731,"solar-geolocator","Apus melba","18CM","F61156","Switzerland Biel - Long term study on migratory movement of Alpine swifts (Apus melba)"
16890709498,true,2016-12-30 07:14:35.000,-7.29113924050634,9.00000000000001,"stationary","non-breeding site",8.10000000000001,9.44999999999999,-7.30038022813691,-7.27272727272731,"solar-geolocator","Apus melba","18CM","F61156","Switzerland Biel - Long term study on migratory movement of Alpine swifts (Apus melba)"
16890709500,true,2016-12-30 19:46:12.000,-7.29113924050634,9.00000000000001,"stationary","non-breeding site",8.10000000000001,9.44999999999999,-7.30038022813691,-7.27272727272731,"solar-geolocator","Apus melba","18CM","F61156","Switzerland Biel - Long term study on migratory movement of Alpine swifts (Apus melba)"
16890709501,true,2016-12-31 07:14:35.000,-7.29113924050634,9.00000000000001,"stationary","non-breeding site",8.10000000000001,9.44999999999999,-7.30038022813691,-7.27272727272731,"solar-geolocator","Apus melba","18CM","F61156","Switzerland Biel - Long term study on migratory movement of Alpine swifts (Apus melba)"
16890709503,true,2016-12-31 19:46:12.000,-7.29113924050634,9.00000000000001,"stationary","non-breeding site",8.10000000000001,9.44999999999999,-7.30038022813691,-7.27272727272731,"solar-geolocator","Apus melba","18CM","F61156","Switzerland Biel - Long term study on migratory movement of Alpine swifts (Apus melba)"
16890709505,true,2017-01-01 07:14:35.000,-7.29113924050634,9.00000000000001,"stationary","non-breeding site",8.10000000000001,9.44999999999999,-7.30038022813691,-7.27272727272731,"solar-geolocator","Apus melba","18CM","F61156","Switzerland Biel - Long term study on migratory movement of Alpine swifts (Apus melba)"
16890709508,true,2017-01-01 19:48:12.000,-7.29113924050634,9.00000000000001,"stationary","non-breeding site",8.10000000000001,9.44999999999999,-7.30038022813691,-7.27272727272731,"solar-geolocator","Apus melba","18CM","F61156","Switzerland Biel - Long term study on migratory movement of Alpine swifts (Apus melba)"
16890709509,true,2017-01-02 07:12:35.000,-7.29113924050634,9.00000000000001,"stationary","non-breeding site",8.10000000000001,9.44999999999999,-7.30038022813691,-7.27272727272731,"solar-geolocator","Apus melba","18CM","F61156","Switzerland Biel - Long term study on migratory movement of Alpine swifts (Apus melba)"
16890709512,true,2017-01-02 19:50:12.000,-7.29113924050634,9.00000000000001,"stationary","non-breeding site",8.10000000000001,9.44999999999999,-7.30038022813691,-7.27272727272731,"solar-geolocator","Apus melba","18CM","F61156","Switzerland Biel - Long term study on migratory movement of Alpine swifts (Apus melba)"
16890709513,true,2017-01-03 07:12:35.000,-7.29113924050634,9.00000000000001,"stationary","non-breeding site",8.10000000000001,9.44999999999999,-7.30038022813691,-7.27272727272731,"solar-geolocator","Apus melba","18CM","F61156","Switzerland Biel - Long term study on migratory movement of Alpine swifts (Apus melba)"
16890709516,true,2017-01-03 19:48:12.000,-7.29113924050634,9.00000000000001,"stationary","non-breeding site",8.10000000000001,9.44999999999999,-7.30038022813691,-7.27272727272731,"solar-geolocator","Apus melba","18CM","F61156","Switzerland Biel - Long term study on migratory movement of Alpine swifts (Apus melba)"
16890709517,true,2017-01-04 07:14:35.000,-7.29113924050634,9.00000000000001,"stationary","non-breeding site",8.10000000000001,9.44999999999999,-7.30038022813691,-7.27272727272731,"solar-geolocator","Apus melba","18CM","F61156","Switzerland Biel - Long term study on migratory movement of Alpine swifts (Apus melba)"
16890709520,true,2017-01-04 19:50:12.000,-7.29113924050634,9.00000000000001,"stationary","non-breeding site",8.10000000000001,9.44999999999999,-7.30038022813691,-7.27272727272731,"solar-geolocator","Apus melba","18CM","F61156","Switzerland Biel - Long term study on migratory movement of Alpine swifts (Apus melba)"
16890709521,true,2017-01-05 07:14:35.000,-7.29113924050634,9.00000000000001,"stationary","non-breeding site",8.10000000000001,9.44999999999999,-7.30038022813691,-7.27272727272731,"solar-geolocator","Apus melba","18CM","F61156","Switzerland Biel - Long term study on migratory movement of Alpine swifts (Apus melba)"
16890709524,true,2017-01-05 19:50:12.000,-7.29113924050634,9.00000000000001,"stationary","non-breeding site",8.10000000000001,9.44999999999999,-7.30038022813691,-7.27272727272731,"solar-geolocator","Apus melba","18CM","F61156","Switzerland Biel - Long term study on migratory movement of Alpine swifts (Apus melba)"
16890709525,true,2017-01-06 07:16:35.000,-7.29113924050634,9.00000000000001,"stationary","non-breeding site",8.10000000000001,9.44999999999999,-7.30038022813691,-7.27272727272731,"solar-geolocator","Apus melba","18CM","F61156","Switzerland Biel - Long term study on migratory movement of Alpine swifts (Apus melba)"
16890709528,true,2017-01-06 19:50:12.000,-7.29113924050634,9.00000000000001,"stationary","non-breeding site",8.10000000000001,9.44999999999999,-7.30038022813691,-7.27272727272731,"solar-geolocator","Apus melba","18CM","F61156","Switzerland Biel - Long term study on migratory movement of Alpine swifts (Apus melba)"
16890709529,true,2017-01-07 07:14:35.000,-7.29113924050634,9.00000000000001,"stationary","non-breeding site",8.10000000000001,9.44999999999999,-7.30038022813691,-7.27272727272731,"solar-geolocator","Apus melba","18CM","F61156","Switzerland Biel - Long term study on migratory movement of Alpine swifts (Apus melba)"
16890709532,true,2017-01-07 19:52:13.000,-7.29113924050634,9.00000000000001,"stationary","non-breeding site",8.10000000000001,9.44999999999999,-7.30038022813691,-7.27272727272731,"solar-geolocator","Apus melba","18CM","F61156","Switzerland Biel - Long term study on migratory movement of Alpine swifts (Apus melba)"
16890709534,true,2017-01-08 07:18:36.000,-7.29113924050634,9.00000000000001,"stationary","non-breeding site",8.10000000000001,9.44999999999999,-7.30038022813691,-7.27272727272731,"solar-geolocator","Apus melba","18CM","F61156","Switzerland Biel - Long term study on migratory movement of Alpine swifts (Apus melba)"
16890709536,true,2017-01-08 19:50:13.000,-7.29113924050634,9.00000000000001,"stationary","non-breeding site",8.10000000000001,9.44999999999999,-7.30038022813691,-7.27272727272731,"solar-geolocator","Apus melba","18CM","F61156","Switzerland Biel - Long term study on migratory movement of Alpine swifts (Apus melba)"
16890709538,true,2017-01-09 07:22:36.000,-7.29113924050634,9.00000000000001,"stationary","non-breeding site",8.10000000000001,9.44999999999999,-7.30038022813691,-7.27272727272731,"solar-geolocator","Apus melba","18CM","F61156","Switzerland Biel - Long term study on migratory movement of Alpine swifts (Apus melba)"
16890709540,true,2017-01-09 19:52:13.000,-7.29113924050634,9.00000000000001,"stationary","non-breeding site",8.10000000000001,9.44999999999999,-7.30038022813691,-7.27272727272731,"solar-geolocator","Apus melba","18CM","F61156","Switzerland Biel - Long term study on migratory movement of Alpine swifts (Apus melba)"
16890709541,true,2017-01-10 07:18:36.000,-7.29113924050634,9.00000000000001,"stationary","non-breeding site",8.10000000000001,9.44999999999999,-7.30038022813691,-7.27272727272731,"solar-geolocator","Apus melba","18CM","F61156","Switzerland Biel - Long term study on migratory movement of Alpine swifts (Apus melba)"
16890709544,true,2017-01-10 19:50:13.000,-7.29113924050634,9.00000000000001,"stationary","non-breeding site",8.10000000000001,9.44999999999999,-7.30038022813691,-7.27272727272731,"solar-geolocator","Apus melba","18CM","F61156","Switzerland Biel - Long term study on migratory movement of Alpine swifts (Apus melba)"
16890709546,true,2017-01-11 07:18:35.000,-7.29113924050634,9.00000000000001,"stationary","non-breeding site",8.10000000000001,9.44999999999999,-7.30038022813691,-7.27272727272731,"solar-geolocator","Apus melba","18CM","F61156","Switzerland Biel - Long term study on migratory movement of Alpine swifts (Apus melba)"
16890709548,true,2017-01-11 19:48:13.000,-7.29113924050634,9.00000000000001,"stationary","non-breeding site",8.10000000000001,9.44999999999999,-7.30038022813691,-7.27272727272731,"solar-geolocator","Apus melba","18CM","F61156","Switzerland Biel - Long term study on migratory movement of Alpine swifts (Apus melba)"
16890709550,true,2017-01-12 07:20:36.000,-7.29113924050634,9.00000000000001,"stationary","non-breeding site",8.10000000000001,9.44999999999999,-7.30038022813691,-7.27272727272731,"solar-geolocator","Apus melba","18CM","F61156","Switzerland Biel - Long term study on migratory movement of Alpine swifts (Apus melba)"
16890709552,true,2017-01-12 19:52:13.000,-7.29113924050634,9.00000000000001,"stationary","non-breeding site",8.10000000000001,9.44999999999999,-7.30038022813691,-7.27272727272731,"solar-geolocator","Apus melba","18CM","F61156","Switzerland Biel - Long term study on migratory movement of Alpine swifts (Apus melba)"
16890709553,true,2017-01-13 07:20:36.000,-7.29113924050634,9.00000000000001,"stationary","non-breeding site",8.10000000000001,9.44999999999999,-7.30038022813691,-7.27272727272731,"solar-geolocator","Apus melba","18CM","F61156","Switzerland Biel - Long term study on migratory movement of Alpine swifts (Apus melba)"
16890709556,true,2017-01-13 19:52:13.000,-7.29113924050634,9.00000000000001,"stationary","non-breeding site",8.10000000000001,9.44999999999999,-7.30038022813691,-7.27272727272731,"solar-geolocator","Apus melba","18CM","F61156","Switzerland Biel - Long term study on migratory movement of Alpine swifts (Apus melba)"
16890709557,true,2017-01-14 07:18:36.000,-7.29113924050634,9.00000000000001,"stationary","non-breeding site",8.10000000000001,9.44999999999999,-7.30038022813691,-7.27272727272731,"solar-geolocator","Apus melba","18CM","F61156","Switzerland Biel - Long term study on migratory movement of Alpine swifts (Apus melba)"
16890709560,true,2017-01-14 19:50:13.000,-7.29113924050634,9.00000000000001,"stationary","non-breeding site",8.10000000000001,9.44999999999999,-7.30038022813691,-7.27272727272731,"solar-geolocator","Apus melba","18CM","F61156","Switzerland Biel - Long term study on migratory movement of Alpine swifts (Apus melba)"
16890709562,true,2017-01-15 07:22:36.000,-7.29113924050634,9.00000000000001,"stationary","non-breeding site",8.10000000000001,9.44999999999999,-7.30038022813691,-7.27272727272731,"solar-geolocator","Apus melba","18CM","F61156","Switzerland Biel - Long term study on migratory movement of Alpine swifts (Apus melba)"
16890709564,true,2017-01-15 19:50:13.000,-7.29113924050634,9.00000000000001,"stationary","non-breeding site",8.10000000000001,9.44999999999999,-7.30038022813691,-7.27272727272731,"solar-geolocator","Apus melba","18CM","F61156","Switzerland Biel - Long term study on migratory movement of Alpine swifts (Apus melba)"
16890709566,true,2017-01-16 07:24:36.000,-7.29113924050634,9.00000000000001,"stationary","non-breeding site",8.10000000000001,9.44999999999999,-7.30038022813691,-7.27272727272731,"solar-geolocator","Apus melba","18CM","F61156","Switzerland Biel - Long term study on migratory movement of Alpine swifts (Apus melba)"
16890709568,true,2017-01-16 19:52:14.000,-7.29113924050634,9.00000000000001,"stationary","non-breeding site",8.10000000000001,9.44999999999999,-7.30038022813691,-7.27272727272731,"solar-geolocator","Apus melba","18CM","F61156","Switzerland Biel - Long term study on migratory movement of Alpine swifts (Apus melba)"
16890709570,true,2017-01-17 07:20:37.000,-7.29113924050634,9.00000000000001,"stationary","non-breeding site",8.10000000000001,9.44999999999999,-7.30038022813691,-7.27272727272731,"solar-geolocator","Apus melba","18CM","F61156","Switzerland Biel - Long term study on migratory movement of Alpine swifts (Apus melba)"
16890709572,true,2017-01-17 19:54:14.000,-7.29113924050634,9.00000000000001,"stationary","non-breeding site",8.10000000000001,9.44999999999999,-7.30038022813691,-7.27272727272731,"solar-geolocator","Apus melba","18CM","F61156","Switzerland Biel - Long term study on migratory movement of Alpine swifts (Apus melba)"
16890709573,true,2017-01-18 07:18:37.000,-7.29113924050634,9.00000000000001,"stationary","non-breeding site",8.10000000000001,9.44999999999999,-7.30038022813691,-7.27272727272731,"solar-geolocator","Apus melba","18CM","F61156","Switzerland Biel - Long term study on migratory movement of Alpine swifts (Apus melba)"
16890709576,true,2017-01-18 19:56:14.000,-7.29113924050634,9.00000000000001,"stationary","non-breeding site",8.10000000000001,9.44999999999999,-7.30038022813691,-7.27272727272731,"solar-geolocator","Apus melba","18CM","F61156","Switzerland Biel - Long term study on migratory movement of Alpine swifts (Apus melba)"
16890709577,true,2017-01-19 07:20:37.000,-7.29113924050634,9.00000000000001,"stationary","non-breeding site",8.10000000000001,9.44999999999999,-7.30038022813691,-7.27272727272731,"solar-geolocator","Apus melba","18CM","F61156","Switzerland Biel - Long term study on migratory movement of Alpine swifts (Apus melba)"
16890709580,true,2017-01-19 19:50:14.000,-7.29113924050634,9.00000000000001,"stationary","non-breeding site",8.10000000000001,9.44999999999999,-7.30038022813691,-7.27272727272731,"solar-geolocator","Apus melba","18CM","F61156","Switzerland Biel - Long term study on migratory movement of Alpine swifts (Apus melba)"
16890709581,true,2017-01-20 07:26:37.000,-7.29113924050634,9.00000000000001,"stationary","non-breeding site",8.10000000000001,9.44999999999999,-7.30038022813691,-7.27272727272731,"solar-geolocator","Apus melba","18CM","F61156","Switzerland Biel - Long term study on migratory movement of Alpine swifts (Apus melba)"
16890709583,true,2017-01-20 19:54:14.000,-7.29113924050634,9.00000000000001,"stationary","non-breeding site",8.10000000000001,9.44999999999999,-7.30038022813691,-7.27272727272731,"solar-geolocator","Apus melba","18CM","F61156","Switzerland Biel - Long term study on migratory movement of Alpine swifts (Apus melba)"
16890709585,true,2017-01-21 07:20:37.000,-7.29113924050634,9.00000000000001,"stationary","non-breeding site",8.10000000000001,9.44999999999999,-7.30038022813691,-7.27272727272731,"solar-geolocator","Apus melba","18CM","F61156","Switzerland Biel - Long term study on migratory movement of Alpine swifts (Apus melba)"
16890709587,true,2017-01-21 19:54:14.000,-7.29113924050634,9.00000000000001,"stationary","non-breeding site",8.10000000000001,9.44999999999999,-7.30038022813691,-7.27272727272731,"solar-geolocator","Apus melba","18CM","F61156","Switzerland Biel - Long term study on migratory movement of Alpine swifts (Apus melba)"
16890709589,true,2017-01-22 07:22:37.000,-7.29113924050634,9.00000000000001,"stationary","non-breeding site",8.10000000000001,9.44999999999999,-7.30038022813691,-7.27272727272731,"solar-geolocator","Apus melba","18CM","F61156","Switzerland Biel - Long term study on migratory movement of Alpine swifts (Apus melba)"
16890709592,true,2017-01-22 20:02:14.000,-7.29113924050634,9.00000000000001,"stationary","non-breeding site",8.10000000000001,9.44999999999999,-7.30038022813691,-7.27272727272731,"solar-geolocator","Apus melba","18CM","F61156","Switzerland Biel - Long term study on migratory movement of Alpine swifts (Apus melba)"
16890709593,true,2017-01-23 07:26:37.000,-7.29113924050634,9.00000000000001,"stationary","non-breeding site",8.10000000000001,9.44999999999999,-7.30038022813691,-7.27272727272731,"solar-geolocator","Apus melba","18CM","F61156","Switzerland Biel - Long term study on migratory movement of Alpine swifts (Apus melba)"
16890709596,true,2017-01-23 20:02:14.000,-7.29113924050634,9.00000000000001,"stationary","non-breeding site",8.10000000000001,9.44999999999999,-7.30038022813691,-7.27272727272731,"solar-geolocator","Apus melba","18CM","F61156","Switzerland Biel - Long term study on migratory movement of Alpine swifts (Apus melba)"
16890709597,true,2017-01-24 07:28:37.000,-7.29113924050634,9.00000000000001,"stationary","non-breeding site",8.10000000000001,9.44999999999999,-7.30038022813691,-7.27272727272731,"solar-geolocator","Apus melba","18CM","F61156","Switzerland Biel - Long term study on migratory movement of Alpine swifts (Apus melba)"
16890709599,true,2017-01-24 20:00:14.000,-7.29113924050634,9.00000000000001,"stationary","non-breeding site",8.10000000000001,9.44999999999999,-7.30038022813691,-7.27272727272731,"solar-geolocator","Apus melba","18CM","F61156","Switzerland Biel - Long term study on migratory movement of Alpine swifts (Apus melba)"
16890709601,true,2017-01-25 07:24:38.000,-7.29113924050634,9.00000000000001,"stationary","non-breeding site",8.10000000000001,9.44999999999999,-7.30038022813691,-7.27272727272731,"solar-geolocator","Apus melba","18CM","F61156","Switzerland Biel - Long term study on migratory movement of Alpine swifts (Apus melba)"
16890709604,true,2017-01-25 20:00:15.000,-7.29113924050634,9.00000000000001,"stationary","non-breeding site",8.10000000000001,9.44999999999999,-7.30038022813691,-7.27272727272731,"solar-geolocator","Apus melba","18CM","F61156","Switzerland Biel - Long term study on migratory movement of Alpine swifts (Apus melba)"
16890709605,true,2017-01-26 07:20:38.000,-7.29113924050634,9.00000000000001,"stationary","non-breeding site",8.10000000000001,9.44999999999999,-7.30038022813691,-7.27272727272731,"solar-geolocator","Apus melba","18CM","F61156","Switzerland Biel - Long term study on migratory movement of Alpine swifts (Apus melba)"
16890709608,true,2017-01-26 20:00:15.000,-7.29113924050634,9.00000000000001,"stationary","non-breeding site",8.10000000000001,9.44999999999999,-7.30038022813691,-7.27272727272731,"solar-geolocator","Apus melba","18CM","F61156","Switzerland Biel - Long term study on migratory movement of Alpine swifts (Apus melba)"
16890709609,true,2017-01-27 07:20:38.000,-7.29113924050634,9.00000000000001,"stationary","non-breeding site",8.10000000000001,9.44999999999999,-7.30038022813691,-7.27272727272731,"solar-geolocator","Apus melba","18CM","F61156","Switzerland Biel - Long term study on migratory movement of Alpine swifts (Apus melba)"
16890709612,true,2017-01-27 20:02:15.000,-7.29113924050634,9.00000000000001,"stationary","non-breeding site",8.10000000000001,9.44999999999999,-7.30038022813691,-7.27272727272731,"solar-geolocator","Apus melba","18CM","F61156","Switzerland Biel - Long term study on migratory movement of Alpine swifts (Apus melba)"
16890709613,true,2017-01-28 07:22:38.000,-7.29113924050634,9.00000000000001,"stationary","non-breeding site",8.10000000000001,9.44999999999999,-7.30038022813691,-7.27272727272731,"solar-geolocator","Apus melba","18CM","F61156","Switzerland Biel - Long term study on migratory movement of Alpine swifts (Apus melba)"
16890709616,true,2017-01-28 20:00:15.000,-7.29113924050634,9.00000000000001,"stationary","non-breeding site",8.10000000000001,9.44999999999999,-7.30038022813691,-7.27272727272731,"solar-geolocator","Apus melba","18CM","F61156","Switzerland Biel - Long term study on migratory movement of Alpine swifts (Apus melba)"
16890709618,true,2017-01-29 07:22:38.000,-7.29113924050634,9.00000000000001,"stationary","non-breeding site",8.10000000000001,9.44999999999999,-7.30038022813691,-7.27272727272731,"solar-geolocator","Apus melba","18CM","F61156","Switzerland Biel - Long term study on migratory movement of Alpine swifts (Apus melba)"
16890709620,true,2017-01-29 20:00:15.000,-7.29113924050634,9.00000000000001,"stationary","non-breeding site",8.10000000000001,9.44999999999999,-7.30038022813691,-7.27272727272731,"solar-geolocator","Apus melba","18CM","F61156","Switzerland Biel - Long term study on migratory movement of Alpine swifts (Apus melba)"
16890709622,true,2017-01-30 07:24:38.000,-7.29113924050634,9.00000000000001,"stationary","non-breeding site",8.10000000000001,9.44999999999999,-7.30038022813691,-7.27272727272731,"solar-geolocator","Apus melba","18CM","F61156","Switzerland Biel - Long term study on migratory movement of Alpine swifts (Apus melba)"
16890709623,true,2017-01-30 19:52:15.000,-7.29113924050634,9.00000000000001,"stationary","non-breeding site",8.10000000000001,9.44999999999999,-7.30038022813691,-7.27272727272731,"solar-geolocator","Apus melba","18CM","F61156","Switzerland Biel - Long term study on migratory movement of Alpine swifts (Apus melba)"
16890709626,true,2017-01-31 07:24:38.000,-7.29113924050634,9.00000000000001,"stationary","non-breeding site",8.10000000000001,9.44999999999999,-7.30038022813691,-7.27272727272731,"solar-geolocator","Apus melba","18CM","F61156","Switzerland Biel - Long term study on migratory movement of Alpine swifts (Apus melba)"
16890709627,true,2017-01-31 19:56:15.000,-7.29113924050634,9.00000000000001,"stationary","non-breeding site",8.10000000000001,9.44999999999999,-7.30038022813691,-7.27272727272731,"solar-geolocator","Apus melba","18CM","F61156","Switzerland Biel - Long term study on migratory movement of Alpine swifts (Apus melba)"
16890709630,true,2017-02-01 07:24:38.000,-7.29113924050634,9.00000000000001,"stationary","non-breeding site",8.10000000000001,9.44999999999999,-7.30038022813691,-7.27272727272731,"solar-geolocator","Apus melba","18CM","F61156","Switzerland Biel - Long term study on migratory movement of Alpine swifts (Apus melba)"
16890709631,true,2017-02-01 19:58:15.000,-7.29113924050634,9.00000000000001,"stationary","non-breeding site",8.10000000000001,9.44999999999999,-7.30038022813691,-7.27272727272731,"solar-geolocator","Apus melba","18CM","F61156","Switzerland Biel - Long term study on migratory movement of Alpine swifts (Apus melba)"
16890709634,true,2017-02-02 07:26:38.000,-7.29113924050634,9.00000000000001,"stationary","non-breeding site",8.10000000000001,9.44999999999999,-7.30038022813691,-7.27272727272731,"solar-geolocator","Apus melba","18CM","F61156","Switzerland Biel - Long term study on migratory movement of Alpine swifts (Apus melba)"
16890709635,true,2017-02-02 20:02:15.000,-7.29113924050634,9.00000000000001,"stationary","non-breeding site",8.10000000000001,9.44999999999999,-7.30038022813691,-7.27272727272731,"solar-geolocator","Apus melba","18CM","F61156","Switzerland Biel - Long term study on migratory movement of Alpine swifts (Apus melba)"
16890709637,true,2017-02-03 07:22:39.000,-7.29113924050634,9.00000000000001,"stationary","non-breeding site",8.10000000000001,9.44999999999999,-7.30038022813691,-7.27272727272731,"solar-geolocator","Apus melba","18CM","F61156","Switzerland Biel - Long term study on migratory movement of Alpine swifts (Apus melba)"
16890709639,true,2017-02-03 20:04:16.000,-7.29113924050634,9.00000000000001,"stationary","non-breeding site",8.10000000000001,9.44999999999999,-7.30038022813691,-7.27272727272731,"solar-geolocator","Apus melba","18CM","F61156","Switzerland Biel - Long term study on migratory movement of Alpine swifts (Apus melba)"
16890709641,true,2017-02-04 07:24:39.000,-7.29113924050634,9.00000000000001,"stationary","non-breeding site",8.10000000000001,9.44999999999999,-7.30038022813691,-7.27272727272731,"solar-geolocator","Apus melba","18CM","F61156","Switzerland Biel - Long term study on migratory movement of Alpine swifts (Apus melba)"
16890709643,true,2017-02-04 20:04:16.000,-7.29113924050634,9.00000000000001,"stationary","non-breeding site",8.10000000000001,9.44999999999999,-7.30038022813691,-7.27272727272731,"solar-geolocator","Apus melba","18CM","F61156","Switzerland Biel - Long term study on migratory movement of Alpine swifts (Apus melba)"
16890709645,true,2017-02-05 07:22:39.000,-7.29113924050634,9.00000000000001,"stationary","non-breeding site",8.10000000000001,9.44999999999999,-7.30038022813691,-7.27272727272731,"solar-geolocator","Apus melba","18CM","F61156","Switzerland Biel - Long term study on migratory movement of Alpine swifts (Apus melba)"
16890709648,true,2017-02-05 20:04:16.000,-7.29113924050634,9.00000000000001,"stationary","non-breeding site",8.10000000000001,9.44999999999999,-7.30038022813691,-7.27272727272731,"solar-geolocator","Apus melba","18CM","F61156","Switzerland Biel - Long term study on migratory movement of Alpine swifts (Apus melba)"
16890709649,true,2017-02-06 07:22:39.000,-7.29113924050634,9.00000000000001,"stationary","non-breeding site",8.10000000000001,9.44999999999999,-7.30038022813691,-7.27272727272731,"solar-geolocator","Apus melba","18CM","F61156","Switzerland Biel - Long term study on migratory movement of Alpine swifts (Apus melba)"
16890709652,true,2017-02-06 20:04:16.000,-7.29113924050634,9.00000000000001,"stationary","non-breeding site",8.10000000000001,9.44999999999999,-7.30038022813691,-7.27272727272731,"solar-geolocator","Apus melba","18CM","F61156","Switzerland Biel - Long term study on migratory movement of Alpine swifts (Apus melba)"
16890709653,true,2017-02-07 07:24:39.000,-7.29113924050634,9.00000000000001,"stationary","non-breeding site",8.10000000000001,9.44999999999999,-7.30038022813691,-7.27272727272731,"solar-geolocator","Apus melba","18CM","F61156","Switzerland Biel - Long term study on migratory movement of Alpine swifts (Apus melba)"
16890709655,true,2017-02-07 20:04:16.000,-7.29113924050634,9.00000000000001,"stationary","non-breeding site",8.10000000000001,9.44999999999999,-7.30038022813691,-7.27272727272731,"solar-geolocator","Apus melba","18CM","F61156","Switzerland Biel - Long term study on migratory movement of Alpine swifts (Apus melba)"
16890709657,true,2017-02-08 07:24:39.000,-7.29113924050634,9.00000000000001,"stationary","non-breeding site",8.10000000000001,9.44999999999999,-7.30038022813691,-7.27272727272731,"solar-geolocator","Apus melba","18CM","F61156","Switzerland Biel - Long term study on migratory movement of Alpine swifts (Apus melba)"
16890709660,true,2017-02-08 20:06:16.000,-7.29113924050634,9.00000000000001,"stationary","non-breeding site",8.10000000000001,9.44999999999999,-7.30038022813691,-7.27272727272731,"solar-geolocator","Apus melba","18CM","F61156","Switzerland Biel - Long term study on migratory movement of Alpine swifts (Apus melba)"
16890709662,true,2017-02-09 07:22:39.000,-7.29113924050634,9.00000000000001,"stationary","non-breeding site",8.10000000000001,9.44999999999999,-7.30038022813691,-7.27272727272731,"solar-geolocator","Apus melba","18CM","F61156","Switzerland Biel - Long term study on migratory movement of Alpine swifts (Apus melba)"
16890709664,true,2017-02-09 20:04:16.000,-7.29113924050634,9.00000000000001,"stationary","non-breeding site",8.10000000000001,9.44999999999999,-7.30038022813691,-7.27272727272731,"solar-geolocator","Apus melba","18CM","F61156","Switzerland Biel - Long term study on migratory movement of Alpine swifts (Apus melba)"
16890709665,true,2017-02-10 07:18:39.000,-7.29113924050634,9.00000000000001,"stationary","non-breeding site",8.10000000000001,9.44999999999999,-7.30038022813691,-7.27272727272731,"solar-geolocator","Apus melba","18CM","F61156","Switzerland Biel - Long term study on migratory movement of Alpine swifts (Apus melba)"
16890709668,true,2017-02-10 20:00:16.000,-7.29113924050634,9.00000000000001,"stationary","non-breeding site",8.10000000000001,9.44999999999999,-7.30038022813691,-7.27272727272731,"solar-geolocator","Apus melba","18CM","F61156","Switzerland Biel - Long term study on migratory movement of Alpine swifts (Apus melba)"
16890709670,true,2017-02-11 07:22:39.000,-7.29113924050634,9.00000000000001,"stationary","non-breeding site",8.10000000000001,9.44999999999999,-7.30038022813691,-7.27272727272731,"solar-geolocator","Apus melba","18CM","F61156","Switzerland Biel - Long term study on migratory movement of Alpine swifts (Apus melba)"
16890709671,true,2017-02-11 19:58:17.000,-7.29113924050634,9.00000000000001,"stationary","non-breeding site",8.10000000000001,9.44999999999999,-7.30038022813691,-7.27272727272731,"solar-geolocator","Apus melba","18CM","F61156","Switzerland Biel - Long term study on migratory movement of Alpine swifts (Apus melba)"
16890709674,true,2017-02-12 07:24:40.000,-7.29113924050634,9.00000000000001,"stationary","non-breeding site",8.10000000000001,9.44999999999999,-7.30038022813691,-7.27272727272731,"solar-geolocator","Apus melba","18CM","F61156","Switzerland Biel - Long term study on migratory movement of Alpine swifts (Apus melba)"
16890709676,true,2017-02-12 19:58:17.000,-7.29113924050634,9.00000000000001,"stationary","non-breeding site",8.10000000000001,9.44999999999999,-7.30038022813691,-7.27272727272731,"solar-geolocator","Apus melba","18CM","F61156","Switzerland Biel - Long term study on migratory movement of Alpine swifts (Apus melba)"
16890709678,true,2017-02-13 07:26:40.000,-7.29113924050634,9.00000000000001,"stationary","non-breeding site",8.10000000000001,9.44999999999999,-7.30038022813691,-7.27272727272731,"solar-geolocator","Apus melba","18CM","F61156","Switzerland Biel - Long term study on migratory movement of Alpine swifts (Apus melba)"
16890709680,true,2017-02-13 20:02:17.000,-7.29113924050634,9.00000000000001,"stationary","non-breeding site",8.10000000000001,9.44999999999999,-7.30038022813691,-7.27272727272731,"solar-geolocator","Apus melba","18CM","F61156","Switzerland Biel - Long term study on migratory movement of Alpine swifts (Apus melba)"
16890709682,true,2017-02-14 07:22:40.000,-7.29113924050634,9.00000000000001,"stationary","non-breeding site",8.10000000000001,9.44999999999999,-7.30038022813691,-7.27272727272731,"solar-geolocator","Apus melba","18CM","F61156","Switzerland Biel - Long term study on migratory movement of Alpine swifts (Apus melba)"
16890709683,true,2017-02-14 20:06:17.000,-7.29113924050634,9.00000000000001,"stationary","non-breeding site",8.10000000000001,9.44999999999999,-7.30038022813691,-7.27272727272731,"solar-geolocator","Apus melba","18CM","F61156","Switzerland Biel - Long term study on migratory movement of Alpine swifts (Apus melba)"
16890709685,true,2017-02-15 07:22:40.000,-7.29113924050634,9.00000000000001,"stationary","non-breeding site",8.10000000000001,9.44999999999999,-7.30038022813691,-7.27272727272731,"solar-geolocator","Apus melba","18CM","F61156","Switzerland Biel - Long term study on migratory movement of Alpine swifts (Apus melba)"
16890709687,true,2017-02-15 20:04:17.000,-7.29113924050634,9.00000000000001,"stationary","non-breeding site",8.10000000000001,9.44999999999999,-7.30038022813691,-7.27272727272731,"solar-geolocator","Apus melba","18CM","F61156","Switzerland Biel - Long term study on migratory movement of Alpine swifts (Apus melba)"
16890709689,true,2017-02-16 07:18:40.000,-7.29113924050634,9.00000000000001,"stationary","non-breeding site",8.10000000000001,9.44999999999999,-7.30038022813691,-7.27272727272731,"solar-geolocator","Apus melba","18CM","F61156","Switzerland Biel - Long term study on migratory movement of Alpine swifts (Apus melba)"
16890709691,true,2017-02-16 20:02:17.000,-7.29113924050634,9.00000000000001,"stationary","non-breeding site",8.10000000000001,9.44999999999999,-7.30038022813691,-7.27272727272731,"solar-geolocator","Apus melba","18CM","F61156","Switzerland Biel - Long term study on migratory movement of Alpine swifts (Apus melba)"
16890709694,true,2017-02-17 07:22:40.000,-7.29113924050634,9.00000000000001,"stationary","non-breeding site",8.10000000000001,9.44999999999999,-7.30038022813691,-7.27272727272731,"solar-geolocator","Apus melba","18CM","F61156","Switzerland Biel - Long term study on migratory movement of Alpine swifts (Apus melba)"
16890709695,true,2017-02-17 20:02:17.000,-7.29113924050634,9.00000000000001,"stationary","non-breeding site",8.10000000000001,9.44999999999999,-7.30038022813691,-7.27272727272731,"solar-geolocator","Apus melba","18CM","F61156","Switzerland Biel - Long term study on migratory movement of Alpine swifts (Apus melba)"
16890709698,true,2017-02-18 07:30:40.000,-7.29113924050634,9.00000000000001,"stationary","non-breeding site",8.10000000000001,9.44999999999999,-7.30038022813691,-7.27272727272731,"solar-geolocator","Apus melba","18CM","F61156","Switzerland Biel - Long term study on migratory movement of Alpine swifts (Apus melba)"
16890709700,true,2017-02-18 20:06:17.000,-7.29113924050634,9.00000000000001,"stationary","non-breeding site",8.10000000000001,9.44999999999999,-7.30038022813691,-7.27272727272731,"solar-geolocator","Apus melba","18CM","F61156","Switzerland Biel - Long term study on migratory movement of Alpine swifts (Apus melba)"
16890709702,true,2017-02-19 07:22:40.000,-7.29113924050634,9.00000000000001,"stationary","non-breeding site",8.10000000000001,9.44999999999999,-7.30038022813691,-7.27272727272731,"solar-geolocator","Apus melba","18CM","F61156","Switzerland Biel - Long term study on migratory movement of Alpine swifts (Apus melba)"
16890709704,true,2017-02-19 20:10:17.000,-7.29113924050634,9.00000000000001,"stationary","non-breeding site",8.10000000000001,9.44999999999999,-7.30038022813691,-7.27272727272731,"solar-geolocator","Apus melba","18CM","F61156","Switzerland Biel - Long term study on migratory movement of Alpine swifts (Apus melba)"
16890709706,true,2017-02-20 07:20:40.000,-7.29113924050634,9.00000000000001,"stationary","non-breeding site",8.10000000000001,9.44999999999999,-7.30038022813691,-7.27272727272731,"solar-geolocator","Apus melba","18CM","F61156","Switzerland Biel - Long term study on migratory movement of Alpine swifts (Apus melba)"
16890709708,true,2017-02-20 20:06:18.000,-7.29113924050634,9.00000000000001,"stationary","non-breeding site",8.10000000000001,9.44999999999999,-7.30038022813691,-7.27272727272731,"solar-geolocator","Apus melba","18CM","F61156","Switzerland Biel - Long term study on migratory movement of Alpine swifts (Apus melba)"
16890709710,true,2017-02-21 07:18:41.000,-7.29113924050634,9.00000000000001,"stationary","non-breeding site",8.10000000000001,9.44999999999999,-7.30038022813691,-7.27272727272731,"solar-geolocator","Apus melba","18CM","F61156","Switzerland Biel - Long term study on migratory movement of Alpine swifts (Apus melba)"
16890709712,true,2017-02-21 20:06:18.000,-7.29113924050634,9.00000000000001,"stationary","non-breeding site",8.10000000000001,9.44999999999999,-7.30038022813691,-7.27272727272731,"solar-geolocator","Apus melba","18CM","F61156","Switzerland Biel - Long term study on migratory movement of Alpine swifts (Apus melba)"
16890709714,true,2017-02-22 07:18:41.000,-7.29113924050634,9.00000000000001,"stationary","non-breeding site",8.10000000000001,9.44999999999999,-7.30038022813691,-7.27272727272731,"solar-geolocator","Apus melba","18CM","F61156","Switzerland Biel - Long term study on migratory movement of Alpine swifts (Apus melba)"
16890709715,true,2017-02-22 20:00:18.000,-7.29113924050634,9.00000000000001,"stationary","non-breeding site",8.10000000000001,9.44999999999999,-7.30038022813691,-7.27272727272731,"solar-geolocator","Apus melba","18CM","F61156","Switzerland Biel - Long term study on migratory movement of Alpine swifts (Apus melba)"
16890709718,true,2017-02-23 07:24:41.000,-7.29113924050634,9.00000000000001,"stationary","non-breeding site",8.10000000000001,9.44999999999999,-7.30038022813691,-7.27272727272731,"solar-geolocator","Apus melba","18CM","F61156","Switzerland Biel - Long term study on migratory movement of Alpine swifts (Apus melba)"
16890709720,true,2017-02-23 20:06:18.000,-7.29113924050634,9.00000000000001,"stationary","non-breeding site",8.10000000000001,9.44999999999999,-7.30038022813691,-7.27272727272731,"solar-geolocator","Apus melba","18CM","F61156","Switzerland Biel - Long term study on migratory movement of Alpine swifts (Apus melba)"
16890709721,true,2017-02-24 07:18:41.000,-7.29113924050634,9.00000000000001,"stationary","non-breeding site",8.10000000000001,9.44999999999999,-7.30038022813691,-7.27272727272731,"solar-geolocator","Apus melba","18CM","F61156","Switzerland Biel - Long term study on migratory movement of Alpine swifts (Apus melba)"
16890709724,true,2017-02-24 20:06:18.000,-7.29113924050634,9.00000000000001,"stationary","non-breeding site",8.10000000000001,9.44999999999999,-7.30038022813691,-7.27272727272731,"solar-geolocator","Apus melba","18CM","F61156","Switzerland Biel - Long term study on migratory movement of Alpine swifts (Apus melba)"
16890709725,true,2017-02-25 07:20:41.000,-7.29113924050634,9.00000000000001,"stationary","non-breeding site",8.10000000000001,9.44999999999999,-7.30038022813691,-7.27272727272731,"solar-geolocator","Apus melba","18CM","F61156","Switzerland Biel - Long term study on migratory movement of Alpine swifts (Apus melba)"
16890709727,true,2017-02-25 20:04:18.000,-7.29113924050634,9.00000000000001,"stationary","non-breeding site",8.10000000000001,9.44999999999999,-7.30038022813691,-7.27272727272731,"solar-geolocator","Apus melba","18CM","F61156","Switzerland Biel - Long term study on migratory movement of Alpine swifts (Apus melba)"
16890709729,true,2017-02-26 07:22:41.000,-7.29113924050634,9.00000000000001,"stationary","non-breeding site",8.10000000000001,9.44999999999999,-7.30038022813691,-7.27272727272731,"solar-geolocator","Apus melba","18CM","F61156","Switzerland Biel - Long term study on migratory movement of Alpine swifts (Apus melba)"
16890709731,true,2017-02-26 19:56:18.000,-7.29113924050634,9.00000000000001,"stationary","non-breeding site",8.10000000000001,9.44999999999999,-7.30038022813691,-7.27272727272731,"solar-geolocator","Apus melba","18CM","F61156","Switzerland Biel - Long term study on migratory movement of Alpine swifts (Apus melba)"
16890709733,true,2017-02-27 07:22:41.000,-7.29113924050634,9.00000000000001,"stationary","non-breeding site",8.10000000000001,9.44999999999999,-7.30038022813691,-7.27272727272731,"solar-geolocator","Apus melba","18CM","F61156","Switzerland Biel - Long term study on migratory movement of Alpine swifts (Apus melba)"
16890709735,true,2017-02-27 20:00:18.000,-7.29113924050634,9.00000000000001,"stationary","non-breeding site",8.10000000000001,9.44999999999999,-7.30038022813691,-7.27272727272731,"solar-geolocator","Apus melba","18CM","F61156","Switzerland Biel - Long term study on migratory movement of Alpine swifts (Apus melba)"
16890709737,true,2017-02-28 07:18:41.000,-7.29113924050634,9.00000000000001,"stationary","non-breeding site",8.10000000000001,9.44999999999999,-7.30038022813691,-7.27272727272731,"solar-geolocator","Apus melba","18CM","F61156","Switzerland Biel - Long term study on migratory movement of Alpine swifts (Apus melba)"
16890709739,true,2017-02-28 20:04:18.000,-7.29113924050634,9.00000000000001,"stationary","non-breeding site",8.10000000000001,9.44999999999999,-7.30038022813691,-7.27272727272731,"solar-geolocator","Apus melba","18CM","F61156","Switzerland Biel - Long term study on migratory movement of Alpine swifts (Apus melba)"
16890709741,true,2017-03-01 07:20:41.000,-7.29113924050634,9.00000000000001,"stationary","non-breeding site",8.10000000000001,9.44999999999999,-7.30038022813691,-7.27272727272731,"solar-geolocator","Apus melba","18CM","F61156","Switzerland Biel - Long term study on migratory movement of Alpine swifts (Apus melba)"
16890709743,true,2017-03-01 20:06:19.000,-7.29113924050634,9.00000000000001,"stationary","non-breeding site",8.10000000000001,9.44999999999999,-7.30038022813691,-7.27272727272731,"solar-geolocator","Apus melba","18CM","F61156","Switzerland Biel - Long term study on migratory movement of Alpine swifts (Apus melba)"
16890709746,true,2017-03-02 07:20:42.000,-7.29113924050634,9.00000000000001,"stationary","non-breeding site",8.10000000000001,9.44999999999999,-7.30038022813691,-7.27272727272731,"solar-geolocator","Apus melba","18CM","F61156","Switzerland Biel - Long term study on migratory movement of Alpine swifts (Apus melba)"
16890709748,true,2017-03-02 20:02:19.000,-7.29113924050634,9.00000000000001,"stationary","non-breeding site",8.10000000000001,9.44999999999999,-7.30038022813691,-7.27272727272731,"solar-geolocator","Apus melba","18CM","F61156","Switzerland Biel - Long term study on migratory movement of Alpine swifts (Apus melba)"
16890709750,true,2017-03-03 07:20:42.000,-7.29113924050634,9.00000000000001,"stationary","non-breeding site",8.10000000000001,9.44999999999999,-7.30038022813691,-7.27272727272731,"solar-geolocator","Apus melba","18CM","F61156","Switzerland Biel - Long term study on migratory movement of Alpine swifts (Apus melba)"
16890709752,true,2017-03-03 20:10:19.000,-7.29113924050634,9.00000000000001,"stationary","non-breeding site",8.10000000000001,9.44999999999999,-7.30038022813691,-7.27272727272731,"solar-geolocator","Apus melba","18CM","F61156","Switzerland Biel - Long term study on migratory movement of Alpine swifts (Apus melba)"
16890709754,true,2017-03-04 07:20:42.000,-7.29113924050634,9.00000000000001,"stationary","non-breeding site",8.10000000000001,9.44999999999999,-7.30038022813691,-7.27272727272731,"solar-geolocator","Apus melba","18CM","F61156","Switzerland Biel - Long term study on migratory movement of Alpine swifts (Apus melba)"
16890709755,true,2017-03-04 20:04:19.000,-7.29113924050634,9.00000000000001,"stationary","non-breeding site",8.10000000000001,9.44999999999999,-7.30038022813691,-7.27272727272731,"solar-geolocator","Apus melba","18CM","F61156","Switzerland Biel - Long term study on migratory movement of Alpine swifts (Apus melba)"
16890709758,true,2017-03-05 07:20:42.000,-7.29113924050634,9.00000000000001,"stationary","non-breeding site",8.10000000000001,9.44999999999999,-7.30038022813691,-7.27272727272731,"solar-geolocator","Apus melba","18CM","F61156","Switzerland Biel - Long term study on migratory movement of Alpine swifts (Apus melba)"
16890709760,true,2017-03-05 20:10:19.000,-7.29113924050634,9.00000000000001,"stationary","non-breeding site",8.10000000000001,9.44999999999999,-7.30038022813691,-7.27272727272731,"solar-geolocator","Apus melba","18CM","F61156","Switzerland Biel - Long term study on migratory movement of Alpine swifts (Apus melba)"
16890709762,true,2017-03-06 07:18:42.000,-7.29113924050634,9.00000000000001,"stationary","non-breeding site",8.10000000000001,9.44999999999999,-7.30038022813691,-7.27272727272731,"solar-geolocator","Apus melba","18CM","F61156","Switzerland Biel - Long term study on migratory movement of Alpine swifts (Apus melba)"
16890709764,true,2017-03-06 20:08:19.000,-7.29113924050634,9.00000000000001,"stationary","non-breeding site",8.10000000000001,9.44999999999999,-7.30038022813691,-7.27272727272731,"solar-geolocator","Apus melba","18CM","F61156","Switzerland Biel - Long term study on migratory movement of Alpine swifts (Apus melba)"
16890709766,true,2017-03-07 07:18:42.000,-7.29113924050634,9.00000000000001,"stationary","non-breeding site",8.10000000000001,12.6,-7.3751600512164,-7.27272727272731,"solar-geolocator","Apus melba","18CM","F61156","Switzerland Biel - Long term study on migratory movement of Alpine swifts (Apus melba)"
16890709767,true,2017-03-07 20:04:19.000,-7.29113924050634,9.00000000000001,"stationary","non-breeding site",8.10000000000001,12.6,-7.3751600512164,-7.27272727272731,"solar-geolocator","Apus melba","18CM","F61156","Switzerland Biel - Long term study on migratory movement of Alpine swifts (Apus melba)"
16890709770,true,2017-03-08 07:14:42.000,-7.29113924050634,9.00000000000001,"stationary","non-breeding site",8.10000000000001,12.6,-7.3751600512164,-7.27272727272731,"solar-geolocator","Apus melba","18CM","F61156","Switzerland Biel - Long term study on migratory movement of Alpine swifts (Apus melba)"
16890709772,true,2017-03-08 20:08:19.000,-7.29113924050634,9.00000000000001,"stationary","non-breeding site",8.10000000000001,12.6,-7.3751600512164,-7.27272727272731,"solar-geolocator","Apus melba","18CM","F61156","Switzerland Biel - Long term study on migratory movement of Alpine swifts (Apus melba)"
16890709774,true,2017-03-09 07:14:42.000,-7.29113924050634,9.00000000000001,"stationary","non-breeding site",8.10000000000001,12.6,-7.3751600512164,-7.27272727272731,"solar-geolocator","Apus melba","18CM","F61156","Switzerland Biel - Long term study on migratory movement of Alpine swifts (Apus melba)"
16890709776,true,2017-03-09 20:10:19.000,-7.29113924050634,9.00000000000001,"stationary","non-breeding site",8.10000000000001,12.6,-7.3751600512164,-7.27272727272731,"solar-geolocator","Apus melba","18CM","F61156","Switzerland Biel - Long term study on migratory movement of Alpine swifts (Apus melba)"
16890709778,true,2017-03-10 07:14:43.000,-7.29113924050634,9.00000000000001,"stationary","non-breeding site",8.10000000000001,16.65,-7.98955613577025,-7.27272727272731,"solar-geolocator","Apus melba","18CM","F61156","Switzerland Biel - Long term study on migratory movement of Alpine swifts (Apus melba)"
16890709779,true,2017-03-10 20:08:20.000,-7.29113924050634,9.00000000000001,"stationary","non-breeding site",8.10000000000001,18.0,-7.98955613577025,-7.27272727272731,"solar-geolocator","Apus melba","18CM","F61156","Switzerland Biel - Long term study on migratory movement of Alpine swifts (Apus melba)"
16890709782,true,2017-03-11 07:14:43.000,-7.29113924050634,9.00000000000001,"stationary","non-breeding site",8.10000000000001,18.0,-7.98955613577025,-7.27272727272731,"solar-geolocator","Apus melba","18CM","F61156","Switzerland Biel - Long term study on migratory movement of Alpine swifts (Apus melba)"
16890709783,true,2017-03-11 20:04:20.000,-7.29113924050634,9.00000000000001,"stationary","non-breeding site",8.10000000000001,18.0,-7.98955613577025,-7.27272727272731,"solar-geolocator","Apus melba","18CM","F61156","Switzerland Biel - Long term study on migratory movement of Alpine swifts (Apus melba)"
16890709786,true,2017-03-12 07:14:43.000,-7.29113924050634,9.00000000000001,"stationary","non-breeding site",8.10000000000001,18.0,-7.98955613577025,-7.27272727272731,"solar-geolocator","Apus melba","18CM","F61156","Switzerland Biel - Long term study on migratory movement of Alpine swifts (Apus melba)"
16890709788,true,2017-03-12 20:06:20.000,-7.29113924050634,9.00000000000001,"stationary","non-breeding site",8.10000000000001,18.0,-7.98955613577025,-7.27272727272731,"solar-geolocator","Apus melba","18CM","F61156","Switzerland Biel - Long term study on migratory movement of Alpine swifts (Apus melba)"
16890709790,true,2017-03-13 07:12:43.000,-7.29113924050634,9.00000000000001,"stationary","non-breeding site",8.10000000000001,18.0,-7.98955613577025,-7.27272727272731,"solar-geolocator","Apus melba","18CM","F61156","Switzerland Biel - Long term study on migratory movement of Alpine swifts (Apus melba)"
16890709791,true,2017-03-13 19:56:20.000,-7.29113924050634,9.00000000000001,"stationary","non-breeding site",8.10000000000001,18.0,-7.98955613577025,-7.27272727272731,"solar-geolocator","Apus melba","18CM","F61156","Switzerland Biel - Long term study on migratory movement of Alpine swifts (Apus melba)"
16890709794,true,2017-03-14 07:12:43.000,-7.29113924050634,9.00000000000001,"stationary","non-breeding site",8.10000000000001,18.0,-7.98955613577025,-7.27272727272731,"solar-geolocator","Apus melba","18CM","F61156","Switzerland Biel - Long term study on migratory movement of Alpine swifts (Apus melba)"
16890709795,true,2017-03-14 20:02:20.000,-7.29113924050634,9.00000000000001,"stationary","non-breeding site",8.10000000000001,21.15,-7.98955613577025,-7.27272727272731,"solar-geolocator","Apus melba","18CM","F61156","Switzerland Biel - Long term study on migratory movement of Alpine swifts (Apus melba)"
16890709797,true,2017-03-15 07:14:43.000,-7.29113924050634,9.00000000000001,"stationary","non-breeding site",8.10000000000001,21.15,-7.98955613577025,-7.27272727272731,"solar-geolocator","Apus melba","18CM","F61156","Switzerland Biel - Long term study on migratory movement of Alpine swifts (Apus melba)"
16890709799,true,2017-03-15 19:58:20.000,-7.29113924050634,9.00000000000001,"stationary","non-breeding site",8.10000000000001,21.15,-7.98955613577025,-7.27272727272731,"solar-geolocator","Apus melba","18CM","F61156","Switzerland Biel - Long term study on migratory movement of Alpine swifts (Apus melba)"
16890709802,true,2017-03-16 07:26:42.000,-7.29113924050634,9.00000000000001,"stationary","non-breeding site",8.10000000000001,21.15,-7.98955613577025,-7.27272727272731,"solar-geolocator","Apus melba","18CM","F61156","Switzerland Biel - Long term study on migratory movement of Alpine swifts (Apus melba)"
16890709804,true,2017-03-16 20:08:20.000,-7.29113924050634,9.00000000000001,"stationary","non-breeding site",8.10000000000001,21.15,-7.98955613577025,-7.27272727272731,"solar-geolocator","Apus melba","18CM","F61156","Switzerland Biel - Long term study on migratory movement of Alpine swifts (Apus melba)"
16890709806,true,2017-03-17 07:14:42.000,-7.29113924050634,9.00000000000001,"stationary","non-breeding site",8.10000000000001,21.15,-7.98955613577025,-7.27272727272731,"solar-geolocator","Apus melba","18CM","F61156","Switzerland Biel - Long term study on migratory movement of Alpine swifts (Apus melba)"
16890709808,true,2017-03-17 20:02:20.000,-7.29113924050634,9.00000000000001,"stationary","non-breeding site",8.10000000000001,21.15,-7.98955613577025,-7.27272727272731,"solar-geolocator","Apus melba","18CM","F61156","Switzerland Biel - Long term study on migratory movement of Alpine swifts (Apus melba)"
16890709809,true,2017-03-18 07:10:43.000,-7.29113924050634,9.00000000000001,"stationary","non-breeding site",8.10000000000001,21.15,-7.98955613577025,-7.27272727272731,"solar-geolocator","Apus melba","18CM","F61156","Switzerland Biel - Long term study on migratory movement of Alpine swifts (Apus melba)"
16890709811,true,2017-03-18 20:00:20.000,-7.29113924050634,9.00000000000001,"stationary","non-breeding site",8.10000000000001,21.15,-7.98955613577025,-7.27272727272731,"solar-geolocator","Apus melba","18CM","F61156","Switzerland Biel - Long term study on migratory movement of Alpine swifts (Apus melba)"
16890709813,true,2017-03-19 07:10:43.000,-7.29113924050634,9.00000000000001,"stationary","non-breeding site",8.10000000000001,21.15,-7.98955613577025,-7.27272727272731,"solar-geolocator","Apus melba","18CM","F61156","Switzerland Biel - Long term study on migratory movement of Alpine swifts (Apus melba)"
16890709816,true,2017-03-19 20:02:21.000,-7.29113924050634,9.00000000000001,"stationary","non-breeding site",8.10000000000001,21.15,-7.98955613577025,-7.27272727272731,"solar-geolocator","Apus melba","18CM","F61156","Switzerland Biel - Long term study on migratory movement of Alpine swifts (Apus melba)"
16890709818,true,2017-03-20 07:16:44.000,-7.29113924050634,9.00000000000001,"stationary","non-breeding site",8.10000000000001,21.15,-7.98955613577025,-7.27272727272731,"solar-geolocator","Apus melba","18CM","F61156","Switzerland Biel - Long term study on migratory movement of Alpine swifts (Apus melba)"
16890709820,true,2017-03-20 20:04:21.000,-7.29113924050634,9.00000000000001,"stationary","non-breeding site",8.10000000000001,21.15,-7.98955613577025,-7.27272727272731,"solar-geolocator","Apus melba","18CM","F61156","Switzerland Biel - Long term study on migratory movement of Alpine swifts (Apus melba)"
16890709822,true,2017-03-21 07:14:44.000,-7.29113924050634,9.00000000000001,"stationary","non-breeding site",8.10000000000001,21.15,-7.98955613577025,-7.27272727272731,"solar-geolocator","Apus melba","18CM","F61156","Switzerland Biel - Long term study on migratory movement of Alpine swifts (Apus melba)"
16890709824,true,2017-03-21 20:02:21.000,-7.29113924050634,9.00000000000001,"stationary","non-breeding site",8.10000000000001,21.15,-7.98955613577025,-7.27272727272731,"solar-geolocator","Apus melba","18CM","F61156","Switzerland Biel - Long term study on migratory movement of Alpine swifts (Apus melba)"
16890709825,true,2017-03-22 07:16:44.000,-7.29113924050634,9.00000000000001,"stationary","non-breeding site",8.10000000000001,21.15,-7.98955613577025,-7.27272727272731,"solar-geolocator","Apus melba","18CM","F61156","Switzerland Biel - Long term study on migratory movement of Alpine swifts (Apus melba)"
16890709826,true,2017-03-22 20:10:21.000,-7.29113924050634,9.00000000000001,"stationary","non-breeding site",8.10000000000001,21.15,-7.98955613577025,-7.27272727272731,"solar-geolocator","Apus melba","18CM","F61156","Switzerland Biel - Long term study on migratory movement of Alpine swifts (Apus melba)"
16890709827,true,2017-03-23 07:08:44.000,-7.29113924050634,9.00000000000001,"stationary","non-breeding site",8.10000000000001,21.15,-7.98955613577025,-7.27272727272731,"solar-geolocator","Apus melba","18CM","F61156","Switzerland Biel - Long term study on migratory movement of Alpine swifts (Apus melba)"
16890709828,true,2017-03-23 20:00:21.000,-7.29113924050634,9.00000000000001,"stationary","non-breeding site",8.10000000000001,21.15,-7.98955613577025,-7.27272727272731,"solar-geolocator","Apus melba","18CM","F61156","Switzerland Biel - Long term study on migratory movement of Alpine swifts (Apus melba)"
16890709829,true,2017-03-24 06:38:44.000,-7.29113924050634,9.00000000000001,"stationary","non-breeding site",8.10000000000001,21.15,-7.98955613577025,-7.27272727272731,"solar-geolocator","Apus melba","18CM","F61156","Switzerland Biel - Long term study on migratory movement of Alpine swifts (Apus melba)"
16890709831,true,2017-03-24 19:34:21.000,-7.29113924050634,9.00000000000001,"stationary","non-breeding site",8.10000000000001,21.15,-7.98955613577025,-7.27272727272731,"solar-geolocator","Apus melba","18CM","F61156","Switzerland Biel - Long term study on migratory movement of Alpine swifts (Apus melba)"
16890709833,true,2017-03-25 06:14:44.000,-7.29113924050634,9.00000000000001,"stationary","non-breeding site",8.10000000000001,21.15,-7.98955613577025,-7.27272727272731,"solar-geolocator","Apus melba","18CM","F61156","Switzerland Biel - Long term study on migratory movement of Alpine swifts (Apus melba)"
16890709945,true,2017-03-25 19:36:21.000,0.482573726541555,20.7,"movement","non-breeding site",14.85,26.55,-1.87500000000002,2.39680426098535,"solar-geolocator","Apus melba","18CM","F61156","Switzerland Biel - Long term study on migratory movement of Alpine swifts (Apus melba)"
16890709933,true,2017-03-26 07:12:44.000,-0.487144790257093,23.4,"movement","migration",14.85,27.45,-5.04908835904632,1.02710413694722,"solar-geolocator","Apus melba","18CM","F61156","Switzerland Biel - Long term study on migratory movement of Alpine swifts (Apus melba)"
16890709972,true,2017-03-26 20:38:21.000,5.80645161290322,39.15,"movement","migration",31.95,46.35,1.57664233576642,7.5974025974026,"solar-geolocator","Apus melba","18CM","F61156","Switzerland Biel - Long term study on migratory movement of Alpine swifts (Apus melba)"
16890709979,true,2016-09-27 20:01:33.000,7.29281767955801,47.25,"movement","migration",34.2,47.25,-0.552995391705095,7.29281767955801,"solar-geolocator","Apus melba","18DY","F56698","Switzerland Biel - Long term study on migratory movement of Alpine swifts (Apus melba)"
16890709919,true,2016-09-28 07:27:56.000,-2.16541353383456,33.75,"movement","migration",30.6,45.0,-5.74746008708272,2.30769230769231,"solar-geolocator","Apus melba","18DY","F56698","Switzerland Biel - Long term study on migratory movement of Alpine swifts (Apus melba)"
16890709858,true,2016-09-28 20:47:33.000,-5.43209876543212,27.9,"movement","migration",22.5,39.6,-7.12871287128713,-3.10880829015543,"solar-geolocator","Apus melba","18DY","F56698","Switzerland Biel - Long term study on migratory movement of Alpine swifts (Apus melba)"
16890709859,true,2016-09-29 07:51:56.000,-5.43209876543212,27.9,"stationary","migration",20.7,36.9,-7.12871287128713,-5.06250000000002,"solar-geolocator","Apus melba","18DY","F56698","Switzerland Biel - Long term study on migratory movement of Alpine swifts (Apus melba)"
16890709860,true,2016-09-29 20:47:33.000,-5.43209876543212,27.9,"stationary","migration",20.7,36.9,-7.12871287128713,-5.09193776520512,"solar-geolocator","Apus melba","18DY","F56698","Switzerland Biel - Long term study on migratory movement of Alpine swifts (Apus melba)"
16890709861,true,2016-09-30 07:37:56.000,-5.43209876543212,27.9,"stationary","migration",17.55,36.9,-7.12871287128713,-5.09193776520512,"solar-geolocator","Apus melba","18DY","F56698","Switzerland Biel - Long term study on migratory movement of Alpine swifts (Apus melba)"
16890709862,true,2016-09-30 20:39:33.000,-5.43209876543212,27.9,"stationary","migration",17.55,36.9,-7.12871287128713,-5.09193776520512,"solar-geolocator","Apus melba","18DY","F56698","Switzerland Biel - Long term study on migratory movement of Alpine swifts (Apus melba)"
16890707786,true,2016-10-01 07:59:56.000,-10.6701030927835,14.85,"movement","migration",12.6,32.85,-10.996015936255,-6.26995645863574,"solar-geolocator","Apus melba","18DY","F56698","Switzerland Biel - Long term study on migratory movement of Alpine swifts (Apus melba)"
16890707713,true,2016-10-01 20:57:33.000,-10.7115135834411,14.85,"movement","migration",12.6,29.7,-11.3956834532374,-6.88524590163936,"solar-geolocator","Apus melba","18DY","F56698","Switzerland Biel - Long term study on migratory movement of Alpine swifts (Apus melba)"
16890707714,true,2016-10-02 08:07:56.000,-10.7115135834411,14.85,"stationary","non-breeding site",12.6,27.9,-11.0614525139665,-10.2061855670104,"solar-geolocator","Apus melba","18DY","F56698","Switzerland Biel - Long term study on migratory movement of Alpine swifts (Apus melba)"
16890707715,true,2016-10-02 20:55:34.000,-10.7115135834411,14.85,"stationary","non-breeding site",12.6,26.55,-10.7462686567164,-10.2061855670104,"solar-geolocator","Apus melba","18DY","F56698","Switzerland Biel - Long term study on migratory movement of Alpine swifts (Apus melba)"
16890707716,true,2016-10-03 08:07:56.000,-10.7115135834411,14.85,"stationary","non-breeding site",12.6,22.05,-10.7253886010363,-10.2061855670104,"solar-geolocator","Apus melba","18DY","F56698","Switzerland Biel - Long term study on migratory movement of Alpine swifts (Apus melba)"
16890707717,true,2016-10-03 20:53:33.000,-10.7115135834411,14.85,"stationary","non-breeding site",12.6,20.7,-10.7253886010363,-10.2061855670104,"solar-geolocator","Apus melba","18DY","F56698","Switzerland Biel - Long term study on migratory movement of Alpine swifts (Apus melba)"
16890707718,true,2016-10-04 08:07:56.000,-10.7115135834411,14.85,"stationary","non-breeding site",12.6,18.9,-10.7253886010363,-10.2061855670104,"solar-geolocator","Apus melba","18DY","F56698","Switzerland Biel - Long term study on migratory movement of Alpine swifts (Apus melba)"
16890707719,true,2016-10-04 20:53:33.000,-10.7115135834411,14.85,"stationary","non-breeding site",12.6,18.0,-10.7253886010363,-10.2061855670104,"solar-geolocator","Apus melba","18DY","F56698","Switzerland Biel - Long term study on migratory movement of Alpine swifts (Apus melba)"
16890707720,true,2016-10-05 08:07:56.000,-10.7115135834411,14.85,"stationary","non-breeding site",12.6,16.65,-10.7253886010363,-10.2061855670104,"solar-geolocator","Apus melba","18DY","F56698","Switzerland Biel - Long term study on migratory movement of Alpine swifts (Apus melba)"
16890707721,true,2016-10-05 20:49:32.000,-10.7115135834411,14.85,"stationary","non-breeding site",12.6,16.2,-10.7253886010363,-10.2061855670104,"solar-geolocator","Apus melba","18DY","F56698","Switzerland Biel - Long term study on migratory movement of Alpine swifts (Apus melba)"
16890707722,true,2016-10-06 08:07:55.000,-10.7115135834411,14.85,"stationary","non-breeding site",12.6,15.75,-10.7253886010363,-10.2193548387097,"solar-geolocator","Apus melba","18DY","F56698","Switzerland Biel - Long term study on migratory movement of Alpine swifts (Apus melba)"
16890707723,true,2016-10-06 20:51:32.000,-10.7115135834411,14.85,"stationary","non-breeding site",12.6,15.75,-10.7253886010363,-10.2193548387097,"solar-geolocator","Apus melba","18DY","F56698","Switzerland Biel - Long term study on migratory movement of Alpine swifts (Apus melba)"
16890707724,true,2016-10-07 08:03:55.000,-10.7115135834411,14.85,"stationary","non-breeding site",12.6,15.75,-10.7253886010363,-10.2061855670104,"solar-geolocator","Apus melba","18DY","F56698","Switzerland Biel - Long term study on migratory movement of Alpine swifts (Apus melba)"
16890707725,true,2016-10-07 20:49:32.000,-10.7115135834411,14.85,"stationary","non-breeding site",12.6,15.75,-10.7253886010363,-10.2193548387097,"solar-geolocator","Apus melba","18DY","F56698","Switzerland Biel - Long term study on migratory movement of Alpine swifts (Apus melba)"
16890707726,true,2016-10-08 08:07:55.000,-10.7115135834411,14.85,"stationary","non-breeding site",12.6,15.75,-10.7253886010363,-10.2193548387097,"solar-geolocator","Apus melba","18DY","F56698","Switzerland Biel - Long term study on migratory movement of Alpine swifts (Apus melba)"
16890707727,true,2016-10-08 20:51:32.000,-10.7115135834411,14.85,"stationary","non-breeding site",12.6,15.75,-10.7253886010363,-10.2193548387097,"solar-geolocator","Apus melba","18DY","F56698","Switzerland Biel - Long term study on migratory movement of Alpine swifts (Apus melba)"
16890707787,true,2016-10-09 08:05:55.000,-10.6701030927835,14.85,"stationary","non-breeding site",12.6,15.3,-10.7253886010363,-10.2061855670104,"solar-geolocator","Apus melba","18DY","F56698","Switzerland Biel - Long term study on migratory movement of Alpine swifts (Apus melba)"
16890707788,true,2016-10-09 20:49:32.000,-10.6701030927835,14.85,"stationary","non-breeding site",12.6,15.3,-10.7253886010363,-10.2193548387097,"solar-geolocator","Apus melba","18DY","F56698","Switzerland Biel - Long term study on migratory movement of Alpine swifts (Apus melba)"
16890707789,true,2016-10-10 08:05:55.000,-10.6701030927835,14.85,"stationary","non-breeding site",12.6,15.3,-10.7253886010363,-10.2061855670104,"solar-geolocator","Apus melba","18DY","F56698","Switzerland Biel - Long term study on migratory movement of Alpine swifts (Apus melba)"
16890707790,true,2016-10-10 20:47:32.000,-10.6701030927835,14.4,"stationary","non-breeding site",12.6,15.3,-10.7253886010363,-10.2193548387097,"solar-geolocator","Apus melba","18DY","F56698","Switzerland Biel - Long term study on migratory movement of Alpine swifts (Apus melba)"
16890707791,true,2016-10-11 08:03:55.000,-10.6701030927835,14.85,"stationary","non-breeding site",12.6,15.3,-10.7253886010363,-10.2193548387097,"solar-geolocator","Apus melba","18DY","F56698","Switzerland Biel - Long term study on migratory movement of Alpine swifts (Apus melba)"
16890707728,true,2016-10-11 20:51:32.000,-10.7115135834411,14.85,"stationary","non-breeding site",12.6,15.3,-10.7253886010363,-10.2193548387097,"solar-geolocator","Apus melba","18DY","F56698","Switzerland Biel - Long term study on migratory movement of Alpine swifts (Apus melba)"
16890707729,true,2016-10-12 08:05:55.000,-10.7115135834411,14.85,"stationary","non-breeding site",12.6,15.3,-10.7253886010363,-10.2193548387097,"solar-geolocator","Apus melba","18DY","F56698","Switzerland Biel - Long term study on migratory movement of Alpine swifts (Apus melba)"
16890707730,true,2016-10-12 20:51:32.000,-10.7115135834411,14.85,"stationary","non-breeding site",12.6,15.3,-10.7253886010363,-10.2193548387097,"solar-geolocator","Apus melba","18DY","F56698","Switzerland Biel - Long term study on migratory movement of Alpine swifts (Apus melba)"
16890707731,true,2016-10-13 08:05:55.000,-10.7115135834411,14.85,"stationary","non-breeding site",12.6,15.3,-10.7253886010363,-10.2193548387097,"solar-geolocator","Apus melba","18DY","F56698","Switzerland Biel - Long term study on migratory movement of Alpine swifts (Apus melba)"
16890707793,true,2016-10-13 20:51:31.000,-10.6701030927835,14.85,"stationary","non-breeding site",12.6,15.3,-10.7253886010363,-10.2193548387097,"solar-geolocator","Apus melba","18DY","F56698","Switzerland Biel - Long term study on migratory movement of Alpine swifts (Apus melba)"
16890707794,true,2016-10-14 08:05:54.000,-10.6701030927835,13.95,"stationary","non-breeding site",12.6,15.3,-10.7253886010363,-10.2193548387097,"solar-geolocator","Apus melba","18DY","F56698","Switzerland Biel - Long term study on migratory movement of Alpine swifts (Apus melba)"
16890707795,true,2016-10-14 20:48:25.000,-10.6701030927835,13.95,"stationary","non-breeding site",12.6,15.3,-10.7253886010363,-10.2061855670104,"solar-geolocator","Apus melba","18DY","F56698","Switzerland Biel - Long term study on migratory movement of Alpine swifts (Apus melba)"
16890707796,true,2016-10-15 08:13:54.000,-10.6701030927835,13.95,"stationary","non-breeding site",12.6,15.3,-10.7253886010363,-10.2061855670104,"solar-geolocator","Apus melba","18DY","F56698","Switzerland Biel - Long term study on migratory movement of Alpine swifts (Apus melba)"
16890707732,true,2016-10-15 20:47:03.000,-10.7115135834411,14.85,"stationary","non-breeding site",13.5,15.3,-10.7253886010363,-10.2061855670104,"solar-geolocator","Apus melba","18DY","F56698","Switzerland Biel - Long term study on migratory movement of Alpine swifts (Apus melba)"
16890707797,true,2016-10-16 08:07:54.000,-10.6701030927835,14.4,"stationary","non-breeding site",12.6,15.3,-10.7253886010363,-10.2193548387097,"solar-geolocator","Apus melba","18DY","F56698","Switzerland Biel - Long term study on migratory movement of Alpine swifts (Apus melba)"
16890707798,true,2016-10-16 20:51:31.000,-10.6701030927835,14.4,"stationary","non-breeding site",12.6,15.3,-10.7253886010363,-10.2061855670104,"solar-geolocator","Apus melba","18DY","F56698","Switzerland Biel - Long term study on migratory movement of Alpine swifts (Apus melba)"
16890707799,true,2016-10-17 08:09:54.000,-10.6701030927835,14.4,"stationary","non-breeding site",12.6,15.3,-10.7253886010363,-10.2061855670104,"solar-geolocator","Apus melba","18DY","F56698","Switzerland Biel - Long term study on migratory movement of Alpine swifts (Apus melba)"
16890707800,true,2016-10-17 20:49:31.000,-10.6701030927835,14.4,"stationary","non-breeding site",12.6,15.3,-10.7253886010363,-10.2061855670104,"solar-geolocator","Apus melba","18DY","F56698","Switzerland Biel - Long term study on migratory movement of Alpine swifts (Apus melba)"
16890707801,true,2016-10-18 08:09:54.000,-10.6701030927835,14.4,"stationary","non-breeding site",12.6,15.3,-10.7253886010363,-10.2061855670104,"solar-geolocator","Apus melba","18DY","F56698","Switzerland Biel - Long term study on migratory movement of Alpine swifts (Apus melba)"
16890707802,true,2016-10-18 20:49:31.000,-10.6701030927835,14.4,"stationary","non-breeding site",12.6,15.3,-10.7253886010363,-10.2061855670104,"solar-geolocator","Apus melba","18DY","F56698","Switzerland Biel - Long term study on migratory movement of Alpine swifts (Apus melba)"
16890707803,true,2016-10-19 08:07:54.000,-10.6701030927835,14.4,"stationary","non-breeding site",12.6,15.3,-10.7253886010363,-10.2061855670104,"solar-geolocator","Apus melba","18DY","F56698","Switzerland Biel - Long term study on migratory movement of Alpine swifts (Apus melba)"
16890707804,true,2016-10-19 20:43:31.000,-10.6701030927835,14.85,"stationary","non-breeding site",12.6,15.3,-10.7253886010363,-10.2061855670104,"solar-geolocator","Apus melba","18DY","F56698","Switzerland Biel - Long term study on migratory movement of Alpine swifts (Apus melba)"
16890707775,true,2016-10-20 08:09:54.000,-10.6838709677419,14.85,"stationary","non-breeding site",12.6,15.3,-10.7253886010363,-10.2061855670104,"solar-geolocator","Apus melba","18DY","F56698","Switzerland Biel - Long term study on migratory movement of Alpine swifts (Apus melba)"
16890707805,true,2016-10-20 20:47:31.000,-10.6701030927835,14.85,"stationary","non-breeding site",12.6,15.3,-10.7253886010363,-10.2061855670104,"solar-geolocator","Apus melba","18DY","F56698","Switzerland Biel - Long term study on migratory movement of Alpine swifts (Apus melba)"
16890707806,true,2016-10-21 08:03:54.000,-10.6701030927835,14.85,"stationary","non-breeding site",12.6,15.3,-10.7253886010363,-10.2061855670104,"solar-geolocator","Apus melba","18DY","F56698","Switzerland Biel - Long term study on migratory movement of Alpine swifts (Apus melba)"
16890707733,true,2016-10-21 20:47:31.000,-10.7115135834411,14.85,"stationary","non-breeding site",13.5,15.3,-10.7253886010363,-10.2061855670104,"solar-geolocator","Apus melba","18DY","F56698","Switzerland Biel - Long term study on migratory movement of Alpine swifts (Apus melba)"
16890707734,true,2016-10-22 08:05:53.000,-10.7115135834411,14.85,"stationary","non-breeding site",13.5,15.3,-10.7253886010363,-10.2061855670104,"solar-geolocator","Apus melba","18DY","F56698","Switzerland Biel - Long term study on migratory movement of Alpine swifts (Apus melba)"
16890707735,true,2016-10-22 20:41:30.000,-10.7115135834411,14.85,"stationary","non-breeding site",13.5,15.3,-10.7253886010363,-10.2061855670104,"solar-geolocator","Apus melba","18DY","F56698","Switzerland Biel - Long term study on migratory movement of Alpine swifts (Apus melba)"
16890707736,true,2016-10-23 08:09:53.000,-10.7115135834411,14.85,"stationary","non-breeding site",13.5,15.3,-10.7253886010363,-10.2061855670104,"solar-geolocator","Apus melba","18DY","F56698","Switzerland Biel - Long term study on migratory movement of Alpine swifts (Apus melba)"
16890707737,true,2016-10-23 20:39:31.000,-10.7115135834411,14.85,"stationary","non-breeding site",13.5,15.3,-10.7253886010363,-10.2061855670104,"solar-geolocator","Apus melba","18DY","F56698","Switzerland Biel - Long term study on migratory movement of Alpine swifts (Apus melba)"
16890707738,true,2016-10-24 08:05:53.000,-10.7115135834411,14.85,"stationary","non-breeding site",13.5,15.3,-10.7253886010363,-10.2061855670104,"solar-geolocator","Apus melba","18DY","F56698","Switzerland Biel - Long term study on migratory movement of Alpine swifts (Apus melba)"
16890707739,true,2016-10-24 20:33:30.000,-10.7115135834411,14.85,"stationary","non-breeding site",13.5,15.3,-10.7253886010363,-10.2061855670104,"solar-geolocator","Apus melba","18DY","F56698","Switzerland Biel - Long term study on migratory movement of Alpine swifts (Apus melba)"
16890707740,true,2016-10-25 08:07:53.000,-10.7115135834411,14.85,"stationary","non-breeding site",13.5,15.3,-10.7253886010363,-10.2061855670104,"solar-geolocator","Apus melba","18DY","F56698","Switzerland Biel - Long term study on migratory movement of Alpine swifts (Apus melba)"
16890707741,true,2016-10-25 20:41:30.000,-10.7115135834411,14.85,"stationary","non-breeding site",13.5,15.3,-10.7253886010363,-10.2061855670104,"solar-geolocator","Apus melba","18DY","F56698","Switzerland Biel - Long term study on migratory movement of Alpine swifts (Apus melba)"
16890707776,true,2016-10-26 08:07:53.000,-10.6838709677419,14.85,"stationary","non-breeding site",12.6,15.3,-10.7253886010363,-10.2061855670104,"solar-geolocator","Apus melba","18DY","F56698","Switzerland Biel - Long term study on migratory movement of Alpine swifts (Apus melba)"
16890707807,true,2016-10-26 20:39:30.000,-10.6701030927835,14.85,"stationary","non-breeding site",12.6,15.3,-10.7253886010363,-10.2061855670104,"solar-geolocator","Apus melba","18DY","F56698","Switzerland Biel - Long term study on migratory movement of Alpine swifts (Apus melba)"
16890707808,true,2016-10-27 08:07:53.000,-10.6701030927835,14.85,"stationary","non-breeding site",12.6,15.3,-10.7253886010363,-10.2061855670104,"solar-geolocator","Apus melba","18DY","F56698","Switzerland Biel - Long term study on migratory movement of Alpine swifts (Apus melba)"
16890707809,true,2016-10-27 20:43:30.000,-10.6701030927835,14.85,"stationary","non-breeding site",12.6,15.3,-10.7253886010363,-10.2061855670104,"solar-geolocator","Apus melba","18DY","F56698","Switzerland Biel - Long term study on migratory movement of Alpine swifts (Apus melba)"
16890707777,true,2016-10-28 08:05:53.000,-10.6838709677419,14.85,"stationary","non-breeding site",12.6,15.3,-10.7253886010363,-10.2061855670104,"solar-geolocator","Apus melba","18DY","F56698","Switzerland Biel - Long term study on migratory movement of Alpine swifts (Apus melba)"
16890707810,true,2016-10-28 20:45:30.000,-10.6701030927835,14.85,"stationary","non-breeding site",12.6,15.3,-10.7253886010363,-10.2061855670104,"solar-geolocator","Apus melba","18DY","F56698","Switzerland Biel - Long term study on migratory movement of Alpine swifts (Apus melba)"
16890707778,true,2016-10-29 08:07:53.000,-10.6838709677419,14.85,"stationary","non-breeding site",12.6,15.3,-10.7253886010363,-10.2061855670104,"solar-geolocator","Apus melba","18DY","F56698","Switzerland Biel - Long term study on migratory movement of Alpine swifts (Apus melba)"
16890707811,true,2016-10-29 20:45:30.000,-10.6701030927835,14.85,"stationary","non-breeding site",12.6,15.3,-10.7253886010363,-10.2061855670104,"solar-geolocator","Apus melba","18DY","F56698","Switzerland Biel - Long term study on migratory movement of Alpine swifts (Apus melba)"
16890707812,true,2016-10-30 07:07:53.000,-10.6701030927835,14.85,"stationary","non-breeding site",12.6,15.3,-10.7253886010363,-10.2061855670104,"solar-geolocator","Apus melba","18DY","F56698","Switzerland Biel - Long term study on migratory movement of Alpine swifts (Apus melba)"
16890707814,true,2016-10-30 19:43:29.000,-10.6701030927835,14.85,"stationary","non-breeding site",12.6,15.3,-10.7253886010363,-10.2061855670104,"solar-geolocator","Apus melba","18DY","F56698","Switzerland Biel - Long term study on migratory movement of Alpine swifts (Apus melba)"
16890707816,true,2016-10-31 07:11:52.000,-10.6701030927835,14.85,"stationary","non-breeding site",12.6,15.3,-10.7253886010363,-10.2061855670104,"solar-geolocator","Apus melba","18DY","F56698","Switzerland Biel - Long term study on migratory movement of Alpine swifts (Apus melba)"
16890707779,true,2016-10-31 19:47:29.000,-10.6838709677419,14.85,"stationary","non-breeding site",12.6,15.3,-10.7253886010363,-10.2061855670104,"solar-geolocator","Apus melba","18DY","F56698","Switzerland Biel - Long term study on migratory movement of Alpine swifts (Apus melba)"
16890707742,true,2016-11-01 07:11:52.000,-10.7115135834411,14.85,"stationary","non-breeding site",13.5,15.3,-10.7253886010363,-10.2061855670104,"solar-geolocator","Apus melba","18DY","F56698","Switzerland Biel - Long term study on migratory movement of Alpine swifts (Apus melba)"
16890707743,true,2016-11-01 19:37:29.000,-10.7115135834411,14.85,"stationary","non-breeding site",13.5,15.3,-10.7253886010363,-10.2061855670104,"solar-geolocator","Apus melba","18DY","F56698","Switzerland Biel - Long term study on migratory movement of Alpine swifts (Apus melba)"
16890707744,true,2016-11-02 07:15:52.000,-10.7115135834411,14.85,"stationary","non-breeding site",13.5,15.3,-10.7253886010363,-10.2061855670104,"solar-geolocator","Apus melba","18DY","F56698","Switzerland Biel - Long term study on migratory movement of Alpine swifts (Apus melba)"
16890707745,true,2016-11-02 19:35:29.000,-10.7115135834411,14.85,"stationary","non-breeding site",13.5,15.3,-10.7253886010363,-10.2061855670104,"solar-geolocator","Apus melba","18DY","F56698","Switzerland Biel - Long term study on migratory movement of Alpine swifts (Apus melba)"
16890707746,true,2016-11-03 07:17:52.000,-10.7115135834411,14.85,"stationary","non-breeding site",13.5,15.3,-10.7253886010363,-10.2061855670104,"solar-geolocator","Apus melba","18DY","F56698","Switzerland Biel - Long term study on migratory movement of Alpine swifts (Apus melba)"
16890707747,true,2016-11-03 19:37:29.000,-10.7115135834411,14.85,"stationary","non-breeding site",13.5,15.3,-10.7253886010363,-10.2061855670104,"solar-geolocator","Apus melba","18DY","F56698","Switzerland Biel - Long term study on migratory movement of Alpine swifts (Apus melba)"
16890707748,true,2016-11-04 07:15:52.000,-10.7115135834411,14.85,"stationary","non-breeding site",13.5,15.3,-10.7253886010363,-10.2061855670104,"solar-geolocator","Apus melba","18DY","F56698","Switzerland Biel - Long term study on migratory movement of Alpine swifts (Apus melba)"
16890707749,true,2016-11-04 19:35:29.000,-10.7115135834411,14.85,"stationary","non-breeding site",13.5,15.3,-10.7253886010363,-10.2061855670104,"solar-geolocator","Apus melba","18DY","F56698","Switzerland Biel - Long term study on migratory movement of Alpine swifts (Apus melba)"
16890707750,true,2016-11-05 07:15:52.000,-10.7115135834411,14.85,"stationary","non-breeding site",13.5,15.3,-10.7253886010363,-10.2061855670104,"solar-geolocator","Apus melba","18DY","F56698","Switzerland Biel - Long term study on migratory movement of Alpine swifts (Apus melba)"
16890707751,true,2016-11-05 19:41:29.000,-10.7115135834411,14.85,"stationary","non-breeding site",13.5,15.3,-10.7253886010363,-10.2061855670104,"solar-geolocator","Apus melba","18DY","F56698","Switzerland Biel - Long term study on migratory movement of Alpine swifts (Apus melba)"
16890707752,true,2016-11-06 07:13:52.000,-10.7115135834411,14.85,"stationary","non-breeding site",13.5,15.3,-10.7253886010363,-10.2061855670104,"solar-geolocator","Apus melba","18DY","F56698","Switzerland Biel - Long term study on migratory movement of Alpine swifts (Apus melba)"
16890707753,true,2016-11-06 19:39:29.000,-10.7115135834411,14.85,"stationary","non-breeding site",13.5,15.3,-10.7253886010363,-10.2061855670104,"solar-geolocator","Apus melba","18DY","F56698","Switzerland Biel - Long term study on migratory movement of Alpine swifts (Apus melba)"
16890707754,true,2016-11-07 07:11:52.000,-10.7115135834411,14.85,"stationary","non-breeding site",13.05,15.3,-10.7253886010363,-10.2061855670104,"solar-geolocator","Apus melba","18DY","F56698","Switzerland Biel - Long term study on migratory movement of Alpine swifts (Apus melba)"
16890707755,true,2016-11-07 19:37:28.000,-10.7115135834411,14.85,"stationary","non-breeding site",12.6,15.3,-10.7253886010363,-10.2061855670104,"solar-geolocator","Apus melba","18DY","F56698","Switzerland Biel - Long term study on migratory movement of Alpine swifts (Apus melba)"
16890707756,true,2016-11-08 07:11:51.000,-10.7115135834411,14.85,"stationary","non-breeding site",12.6,15.3,-10.7253886010363,-10.2061855670104,"solar-geolocator","Apus melba","18DY","F56698","Switzerland Biel - Long term study on migratory movement of Alpine swifts (Apus melba)"
16890707757,true,2016-11-08 19:39:28.000,-10.7115135834411,14.85,"stationary","non-breeding site",12.6,15.3,-10.7253886010363,-10.2061855670104,"solar-geolocator","Apus melba","18DY","F56698","Switzerland Biel - Long term study on migratory movement of Alpine swifts (Apus melba)"
16890707758,true,2016-11-09 07:13:51.000,-10.7115135834411,14.85,"stationary","non-breeding site",12.6,15.3,-10.7253886010363,-10.2061855670104,"solar-geolocator","Apus melba","18DY","F56698","Switzerland Biel - Long term study on migratory movement of Alpine swifts (Apus melba)"
16890707759,true,2016-11-09 19:35:28.000,-10.7115135834411,14.85,"stationary","non-breeding site",12.6,15.3,-10.7253886010363,-10.2061855670104,"solar-geolocator","Apus melba","18DY","F56698","Switzerland Biel - Long term study on migratory movement of Alpine swifts (Apus melba)"
16890707760,true,2016-11-10 07:15:51.000,-10.7115135834411,14.85,"stationary","non-breeding site",12.6,15.3,-10.7253886010363,-10.2061855670104,"solar-geolocator","Apus melba","18DY","F56698","Switzerland Biel - Long term study on migratory movement of Alpine swifts (Apus melba)"
16890707761,true,2016-11-10 19:35:28.000,-10.7115135834411,14.85,"stationary","non-breeding site",12.6,15.3,-10.7253886010363,-10.2061855670104,"solar-geolocator","Apus melba","18DY","F56698","Switzerland Biel - Long term study on migratory movement of Alpine swifts (Apus melba)"
16890707762,true,2016-11-11 07:15:51.000,-10.7115135834411,14.85,"stationary","non-breeding site",12.6,15.3,-10.7253886010363,-10.2061855670104,"solar-geolocator","Apus melba","18DY","F56698","Switzerland Biel - Long term study on migratory movement of Alpine swifts (Apus melba)"
16890707763,true,2016-11-11 19:41:28.000,-10.7115135834411,14.85,"stationary","non-breeding site",12.6,15.3,-10.7253886010363,-10.2061855670104,"solar-geolocator","Apus melba","18DY","F56698","Switzerland Biel - Long term study on migratory movement of Alpine swifts (Apus melba)"
16890707764,true,2016-11-12 07:13:51.000,-10.7115135834411,14.85,"stationary","non-breeding site",12.6,15.3,-10.7253886010363,-10.2061855670104,"solar-geolocator","Apus melba","18DY","F56698","Switzerland Biel - Long term study on migratory movement of Alpine swifts (Apus melba)"
16890707765,true,2016-11-12 19:43:28.000,-10.7115135834411,14.85,"stationary","non-breeding site",12.6,15.3,-10.7253886010363,-10.2061855670104,"solar-geolocator","Apus melba","18DY","F56698","Switzerland Biel - Long term study on migratory movement of Alpine swifts (Apus melba)"
16890707766,true,2016-11-13 07:13:51.000,-10.7115135834411,14.85,"stationary","non-breeding site",12.6,15.3,-10.7253886010363,-10.2061855670104,"solar-geolocator","Apus melba","18DY","F56698","Switzerland Biel - Long term study on migratory movement of Alpine swifts (Apus melba)"
16890707767,true,2016-11-13 19:39:28.000,-10.7115135834411,14.85,"stationary","non-breeding site",12.6,15.3,-10.7253886010363,-10.2061855670104,"solar-geolocator","Apus melba","18DY","F56698","Switzerland Biel - Long term study on migratory movement of Alpine swifts (Apus melba)"
16890707768,true,2016-11-14 07:11:51.000,-10.7115135834411,14.85,"stationary","non-breeding site",12.6,15.3,-10.7253886010363,-10.2061855670104,"solar-geolocator","Apus melba","18DY","F56698","Switzerland Biel - Long term study on migratory movement of Alpine swifts (Apus melba)"
16890707769,true,2016-11-14 19:35:28.000,-10.7115135834411,14.85,"stationary","non-breeding site",12.6,15.3,-10.7253886010363,-10.2061855670104,"solar-geolocator","Apus melba","18DY","F56698","Switzerland Biel - Long term study on migratory movement of Alpine swifts (Apus melba)"
16890707770,true,2016-11-15 07:15:51.000,-10.7115135834411,14.85,"stationary","non-breeding site",12.6,15.3,-10.7253886010363,-10.2061855670104,"solar-geolocator","Apus melba","18DY","F56698","Switzerland Biel - Long term study on migratory movement of Alpine swifts (Apus melba)"
16890707771,true,2016-11-15 19:35:28.000,-10.7115135834411,14.85,"stationary","non-breeding site",12.6,15.3,-10.7253886010363,-10.2061855670104,"solar-geolocator","Apus melba","18DY","F56698","Switzerland Biel - Long term study on migratory movement of Alpine swifts (Apus melba)"
16890707772,true,2016-11-16 07:17:50.000,-10.7115135834411,14.85,"stationary","non-breeding site",12.6,15.3,-10.7253886010363,-10.2061855670104,"solar-geolocator","Apus melba","18DY","F56698","Switzerland Biel - Long term study on migratory movement of Alpine swifts (Apus melba)"
16890707773,true,2016-11-16 19:37:27.000,-10.7115135834411,14.85,"stationary","non-breeding site",12.6,15.3,-10.7253886010363,-10.2061855670104,"solar-geolocator","Apus melba","18DY","F56698","Switzerland Biel - Long term study on migratory movement of Alpine swifts (Apus melba)"
16890707774,true,2016-11-17 07:15:50.000,-10.7115135834411,14.85,"stationary","non-breeding site",12.6,15.3,-10.7253886010363,-10.2061855670104,"solar-geolocator","Apus melba","18DY","F56698","Switzerland Biel - Long term study on migratory movement of Alpine swifts (Apus melba)"
16890707823,true,2016-11-17 19:39:27.000,-10.6701030927835,14.4,"stationary","non-breeding site",12.6,15.3,-10.7253886010363,-10.2061855670104,"solar-geolocator","Apus melba","18DY","F56698","Switzerland Biel - Long term study on migratory movement of Alpine swifts (Apus melba)"
16890707824,true,2016-11-18 07:15:50.000,-10.6701030927835,14.4,"stationary","non-breeding site",12.6,15.3,-10.7253886010363,-10.2061855670104,"solar-geolocator","Apus melba","18DY","F56698","Switzerland Biel - Long term study on migratory movement of Alpine swifts (Apus melba)"
16890707825,true,2016-11-18 19:35:27.000,-10.6701030927835,14.4,"stationary","non-breeding site",12.6,15.3,-10.7253886010363,-10.2061855670104,"solar-geolocator","Apus melba","18DY","F56698","Switzerland Biel - Long term study on migratory movement of Alpine swifts (Apus melba)"
16890707826,true,2016-11-19 07:15:50.000,-10.6701030927835,14.4,"stationary","non-breeding site",12.6,15.3,-10.7253886010363,-10.2061855670104,"solar-geolocator","Apus melba","18DY","F56698","Switzerland Biel - Long term study on migratory movement of Alpine swifts (Apus melba)"
16890707827,true,2016-11-19 19:35:27.000,-10.6701030927835,14.4,"stationary","non-breeding site",12.6,15.3,-10.7253886010363,-10.2061855670104,"solar-geolocator","Apus melba","18DY","F56698","Switzerland Biel - Long term study on migratory movement of Alpine swifts (Apus melba)"
16890707828,true,2016-11-20 07:17:50.000,-10.6701030927835,13.95,"stationary","non-breeding site",12.6,15.3,-10.7253886010363,-10.2061855670104,"solar-geolocator","Apus melba","18DY","F56698","Switzerland Biel - Long term study on migratory movement of Alpine swifts (Apus melba)"
16890707829,true,2016-11-20 19:37:27.000,-10.6701030927835,13.95,"stationary","non-breeding site",12.6,15.3,-10.7253886010363,-10.2061855670104,"solar-geolocator","Apus melba","18DY","F56698","Switzerland Biel - Long term study on migratory movement of Alpine swifts (Apus melba)"
16890707830,true,2016-11-21 07:17:50.000,-10.6701030927835,13.95,"stationary","non-breeding site",12.6,15.3,-10.7253886010363,-10.2061855670104,"solar-geolocator","Apus melba","18DY","F56698","Switzerland Biel - Long term study on migratory movement of Alpine swifts (Apus melba)"
16890707831,true,2016-11-21 19:41:27.000,-10.6701030927835,13.95,"stationary","non-breeding site",12.6,15.3,-10.7253886010363,-10.2061855670104,"solar-geolocator","Apus melba","18DY","F56698","Switzerland Biel - Long term study on migratory movement of Alpine swifts (Apus melba)"
16890707832,true,2016-11-22 07:17:50.000,-10.6701030927835,13.95,"stationary","non-breeding site",12.6,15.3,-10.7253886010363,-10.2061855670104,"solar-geolocator","Apus melba","18DY","F56698","Switzerland Biel - Long term study on migratory movement of Alpine swifts (Apus melba)"
16890707833,true,2016-11-22 19:41:27.000,-10.6701030927835,13.95,"stationary","non-breeding site",12.6,15.3,-10.7253886010363,-10.2061855670104,"solar-geolocator","Apus melba","18DY","F56698","Switzerland Biel - Long term study on migratory movement of Alpine swifts (Apus melba)"
16890707834,true,2016-11-23 07:13:50.000,-10.6701030927835,13.95,"stationary","non-breeding site",12.6,15.3,-10.7253886010363,-10.2061855670104,"solar-geolocator","Apus melba","18DY","F56698","Switzerland Biel - Long term study on migratory movement of Alpine swifts (Apus melba)"
16890707835,true,2016-11-23 19:39:27.000,-10.6701030927835,13.95,"stationary","non-breeding site",12.6,15.3,-10.7253886010363,-10.2061855670104,"solar-geolocator","Apus melba","18DY","F56698","Switzerland Biel - Long term study on migratory movement of Alpine swifts (Apus melba)"
16890707836,true,2016-11-24 07:13:49.000,-10.6701030927835,13.95,"stationary","non-breeding site",12.6,15.3,-10.7253886010363,-10.2061855670104,"solar-geolocator","Apus melba","18DY","F56698","Switzerland Biel - Long term study on migratory movement of Alpine swifts (Apus melba)"
16890707837,true,2016-11-24 19:43:26.000,-10.6701030927835,13.95,"stationary","non-breeding site",12.6,15.3,-10.7253886010363,-10.2061855670104,"solar-geolocator","Apus melba","18DY","F56698","Switzerland Biel - Long term study on migratory movement of Alpine swifts (Apus melba)"
16890707838,true,2016-11-25 07:17:49.000,-10.6701030927835,13.95,"stationary","non-breeding site",12.6,15.3,-10.7253886010363,-10.2061855670104,"solar-geolocator","Apus melba","18DY","F56698","Switzerland Biel - Long term study on migratory movement of Alpine swifts (Apus melba)"
16890707839,true,2016-11-25 19:45:26.000,-10.6701030927835,13.95,"stationary","non-breeding site",12.6,15.3,-10.7253886010363,-10.2061855670104,"solar-geolocator","Apus melba","18DY","F56698","Switzerland Biel - Long term study on migratory movement of Alpine swifts (Apus melba)"
16890707840,true,2016-11-26 07:19:49.000,-10.6701030927835,13.95,"stationary","non-breeding site",12.6,15.3,-10.7253886010363,-10.2061855670104,"solar-geolocator","Apus melba","18DY","F56698","Switzerland Biel - Long term study on migratory movement of Alpine swifts (Apus melba)"
16890707841,true,2016-11-26 19:45:26.000,-10.6701030927835,13.95,"stationary","non-breeding site",12.6,15.3,-10.7253886010363,-10.2061855670104,"solar-geolocator","Apus melba","18DY","F56698","Switzerland Biel - Long term study on migratory movement of Alpine swifts (Apus melba)"
16890707842,true,2016-11-27 07:19:49.000,-10.6701030927835,13.95,"stationary","non-breeding site",12.6,15.3,-10.7253886010363,-10.2061855670104,"solar-geolocator","Apus melba","18DY","F56698","Switzerland Biel - Long term study on migratory movement of Alpine swifts (Apus melba)"
16890707843,true,2016-11-27 19:45:26.000,-10.6701030927835,13.95,"stationary","non-breeding site",12.6,15.3,-10.7253886010363,-10.2061855670104,"solar-geolocator","Apus melba","18DY","F56698","Switzerland Biel - Long term study on migratory movement of Alpine swifts (Apus melba)"
16890707844,true,2016-11-28 07:19:49.000,-10.6701030927835,13.95,"stationary","non-breeding site",12.6,15.3,-10.7253886010363,-10.2061855670104,"solar-geolocator","Apus melba","18DY","F56698","Switzerland Biel - Long term study on migratory movement of Alpine swifts (Apus melba)"
16890707845,true,2016-11-28 19:45:26.000,-10.6701030927835,13.95,"stationary","non-breeding site",12.6,15.3,-10.7253886010363,-10.2061855670104,"solar-geolocator","Apus melba","18DY","F56698","Switzerland Biel - Long term study on migratory movement of Alpine swifts (Apus melba)"
16890707846,true,2016-11-29 07:19:49.000,-10.6701030927835,13.95,"stationary","non-breeding site",8.55000000000001,15.3,-10.7253886010363,-10.2061855670104,"solar-geolocator","Apus melba","18DY","F56698","Switzerland Biel - Long term study on migratory movement of Alpine swifts (Apus melba)"
16890708867,true,2016-11-29 19:27:26.000,-8.20253164556962,9.00000000000001,"movement","non-breeding site",8.10000000000001,15.3,-10.7253886010363,-8.17150063051702,"solar-geolocator","Apus melba","18DY","F56698","Switzerland Biel - Long term study on migratory movement of Alpine swifts (Apus melba)"
16890709150,true,2016-11-30 07:05:49.000,-8.1921618204804,8.55000000000001,"movement","migration",8.10000000000001,9.44999999999999,-8.21292775665402,-7.74683544303801,"solar-geolocator","Apus melba","18DY","F56698","Switzerland Biel - Long term study on migratory movement of Alpine swifts (Apus melba)"
16890709151,true,2016-11-30 19:37:26.000,-8.1921618204804,8.55000000000001,"stationary","migration",8.10000000000001,9.44999999999999,-8.21292775665402,-7.74683544303801,"solar-geolocator","Apus melba","18DY","F56698","Switzerland Biel - Long term study on migratory movement of Alpine swifts (Apus melba)"
16890709152,true,2016-12-01 07:07:49.000,-8.1921618204804,8.55000000000001,"stationary","non-breeding site",8.10000000000001,9.44999999999999,-8.21292775665402,-7.74683544303801,"solar-geolocator","Apus melba","18DY","F56698","Switzerland Biel - Long term study on migratory movement of Alpine swifts (Apus melba)"
16890709153,true,2016-12-01 19:39:26.000,-8.1921618204804,8.55000000000001,"stationary","non-breeding site",8.10000000000001,9.44999999999999,-8.21292775665402,-7.75665399239546,"solar-geolocator","Apus melba","18DY","F56698","Switzerland Biel - Long term study on migratory movement of Alpine swifts (Apus melba)"
16890709154,true,2016-12-02 07:05:49.000,-8.1921618204804,8.55000000000001,"stationary","non-breeding site",8.10000000000001,9.44999999999999,-8.21292775665402,-8.17150063051702,"solar-geolocator","Apus melba","18DY","F56698","Switzerland Biel - Long term study on migratory movement of Alpine swifts (Apus melba)"
16890709155,true,2016-12-02 19:39:25.000,-8.1921618204804,8.55000000000001,"stationary","non-breeding site",8.10000000000001,9.44999999999999,-8.21292775665402,-8.17150063051702,"solar-geolocator","Apus melba","18DY","F56698","Switzerland Biel - Long term study on migratory movement of Alpine swifts (Apus melba)"
16890709156,true,2016-12-03 07:03:48.000,-8.1921618204804,8.55000000000001,"stationary","non-breeding site",8.10000000000001,9.44999999999999,-8.22335025380712,-8.18181818181819,"solar-geolocator","Apus melba","18DY","F56698","Switzerland Biel - Long term study on migratory movement of Alpine swifts (Apus melba)"
16890709158,true,2016-12-03 19:43:25.000,-8.1921618204804,8.55000000000001,"stationary","non-breeding site",8.10000000000001,9.44999999999999,-8.63636363636363,-8.18181818181819,"solar-geolocator","Apus melba","18DY","F56698","Switzerland Biel - Long term study on migratory movement of Alpine swifts (Apus melba)"
16890709159,true,2016-12-04 07:09:48.000,-8.1921618204804,8.55000000000001,"stationary","non-breeding site",8.10000000000001,9.44999999999999,-8.64728192161823,-8.18181818181819,"solar-geolocator","Apus melba","18DY","F56698","Switzerland Biel - Long term study on migratory movement of Alpine swifts (Apus melba)"
16890709161,true,2016-12-04 19:41:25.000,-8.1921618204804,8.55000000000001,"stationary","non-breeding site",8.10000000000001,9.44999999999999,-8.64728192161823,-8.18181818181819,"solar-geolocator","Apus melba","18DY","F56698","Switzerland Biel - Long term study on migratory movement of Alpine swifts (Apus melba)"
16890709162,true,2016-12-05 07:07:48.000,-8.1921618204804,8.55000000000001,"stationary","non-breeding site",8.10000000000001,9.44999999999999,-8.64728192161823,-8.18181818181819,"solar-geolocator","Apus melba","18DY","F56698","Switzerland Biel - Long term study on migratory movement of Alpine swifts (Apus melba)"
16890709163,true,2016-12-05 19:39:25.000,-8.1921618204804,8.55000000000001,"stationary","non-breeding site",8.10000000000001,9.44999999999999,-8.64728192161823,-8.18181818181819,"solar-geolocator","Apus melba","18DY","F56698","Switzerland Biel - Long term study on migratory movement of Alpine swifts (Apus melba)"
16890709166,true,2016-12-06 07:07:48.000,-8.1921618204804,8.55000000000001,"stationary","non-breeding site",8.10000000000001,9.44999999999999,-8.64728192161823,-8.18181818181819,"solar-geolocator","Apus melba","18DY","F56698","Switzerland Biel - Long term study on migratory movement of Alpine swifts (Apus melba)"
16890709168,true,2016-12-06 19:39:25.000,-8.1921618204804,8.55000000000001,"stationary","non-breeding site",8.10000000000001,9.44999999999999,-8.65822784810129,-8.18181818181819,"solar-geolocator","Apus melba","18DY","F56698","Switzerland Biel - Long term study on migratory movement of Alpine swifts (Apus melba)"
16890709170,true,2016-12-07 07:05:48.000,-8.1921618204804,8.55000000000001,"stationary","non-breeding site",8.10000000000001,9.44999999999999,-8.65822784810129,-8.18181818181819,"solar-geolocator","Apus melba","18DY","F56698","Switzerland Biel - Long term study on migratory movement of Alpine swifts (Apus melba)"
16890709172,true,2016-12-07 19:41:25.000,-8.1921618204804,8.55000000000001,"stationary","non-breeding site",8.10000000000001,9.44999999999999,-8.65822784810129,-8.18181818181819,"solar-geolocator","Apus melba","18DY","F56698","Switzerland Biel - Long term study on migratory movement of Alpine swifts (Apus melba)"
16890709174,true,2016-12-08 07:07:48.000,-8.1921618204804,8.55000000000001,"stationary","non-breeding site",8.10000000000001,9.44999999999999,-8.65822784810129,-8.18181818181819,"solar-geolocator","Apus melba","18DY","F56698","Switzerland Biel - Long term study on migratory movement of Alpine swifts (Apus melba)"
16890709176,true,2016-12-08 19:33:25.000,-8.1921618204804,8.55000000000001,"stationary","non-breeding site",8.10000000000001,9.44999999999999,-8.65822784810129,-8.18181818181819,"solar-geolocator","Apus melba","18DY","F56698","Switzerland Biel - Long term study on migratory movement of Alpine swifts (Apus melba)"
16890708879,true,2016-12-09 07:11:48.000,-8.20253164556962,8.55000000000001,"stationary","non-breeding site",8.10000000000001,9.44999999999999,-8.65822784810129,-8.18181818181819,"solar-geolocator","Apus melba","18DY","F56698","Switzerland Biel - Long term study on migratory movement of Alpine swifts (Apus melba)"
16890708880,true,2016-12-09 19:39:25.000,-8.20253164556962,8.55000000000001,"stationary","non-breeding site",8.10000000000001,9.44999999999999,-8.65822784810129,-8.18181818181819,"solar-geolocator","Apus melba","18DY","F56698","Switzerland Biel - Long term study on migratory movement of Alpine swifts (Apus melba)"
16890708881,true,2016-12-10 07:09:48.000,-8.20253164556962,8.55000000000001,"stationary","non-breeding site",8.10000000000001,9.45,-8.66920152091257,-8.18181818181819,"solar-geolocator","Apus melba","18DY","F56698","Switzerland Biel - Long term study on migratory movement of Alpine swifts (Apus melba)"
16890708882,true,2016-12-10 19:39:24.000,-8.20253164556962,8.55000000000001,"stationary","non-breeding site",8.10000000000001,9.45,-8.66920152091257,-8.18181818181819,"solar-geolocator","Apus melba","18DY","F56698","Switzerland Biel - Long term study on migratory movement of Alpine swifts (Apus melba)"
16890708884,true,2016-12-11 07:07:47.000,-8.20253164556962,8.55000000000001,"stationary","non-breeding site",8.10000000000001,9.45,-8.66920152091257,-8.18181818181819,"solar-geolocator","Apus melba","18DY","F56698","Switzerland Biel - Long term study on migratory movement of Alpine swifts (Apus melba)"
16890708885,true,2016-12-11 19:39:24.000,-8.20253164556962,8.55000000000001,"stationary","non-breeding site",8.10000000000001,9.45,-8.66920152091257,-8.18181818181819,"solar-geolocator","Apus melba","18DY","F56698","Switzerland Biel - Long term study on migratory movement of Alpine swifts (Apus melba)"
16890708888,true,2016-12-12 07:13:47.000,-8.20253164556962,8.55000000000001,"stationary","non-breeding site",8.10000000000001,9.45,-8.66920152091257,-8.18181818181819,"solar-geolocator","Apus melba","18DY","F56698","Switzerland Biel - Long term study on migratory movement of Alpine swifts (Apus melba)"
16890708889,true,2016-12-12 19:37:24.000,-8.20253164556962,8.55000000000001,"stationary","non-breeding site",8.10000000000001,9.45,-8.66920152091257,-8.18181818181819,"solar-geolocator","Apus melba","18DY","F56698","Switzerland Biel - Long term study on migratory movement of Alpine swifts (Apus melba)"
16890708743,true,2016-12-13 07:11:47.000,-8.21292775665402,8.55000000000001,"stationary","non-breeding site",8.10000000000001,9.45,-8.66920152091257,-8.18181818181819,"solar-geolocator","Apus melba","18DY","F56698","Switzerland Biel - Long term study on migratory movement of Alpine swifts (Apus melba)"
16890708671,true,2016-12-13 19:37:24.000,-8.63636363636363,8.55000000000001,"stationary","non-breeding site",8.10000000000001,9.45,-8.66920152091257,-8.18181818181819,"solar-geolocator","Apus melba","18DY","F56698","Switzerland Biel - Long term study on migratory movement of Alpine swifts (Apus melba)"
16890708673,true,2016-12-14 07:13:47.000,-8.63636363636363,8.55000000000001,"stationary","non-breeding site",8.10000000000001,9.45,-8.66920152091257,-8.18181818181819,"solar-geolocator","Apus melba","18DY","F56698","Switzerland Biel - Long term study on migratory movement of Alpine swifts (Apus melba)"
16890708674,true,2016-12-14 19:39:24.000,-8.63636363636363,8.55000000000001,"stationary","non-breeding site",8.10000000000001,9.45,-8.66920152091257,-8.18181818181819,"solar-geolocator","Apus melba","18DY","F56698","Switzerland Biel - Long term study on migratory movement of Alpine swifts (Apus melba)"
16890708612,true,2016-12-15 07:11:47.000,-8.64728192161823,8.55000000000001,"stationary","non-breeding site",8.10000000000001,9.45,-8.66920152091257,-8.18181818181819,"solar-geolocator","Apus melba","18DY","F56698","Switzerland Biel - Long term study on migratory movement of Alpine swifts (Apus melba)"
16890708614,true,2016-12-15 19:45:24.000,-8.64728192161823,8.55000000000001,"stationary","non-breeding site",8.10000000000001,9.45,-8.66920152091257,-8.18181818181819,"solar-geolocator","Apus melba","18DY","F56698","Switzerland Biel - Long term study on migratory movement of Alpine swifts (Apus melba)"
16890708616,true,2016-12-16 07:11:47.000,-8.64728192161823,8.55000000000001,"stationary","non-breeding site",8.10000000000001,9.45,-8.66920152091257,-8.18181818181819,"solar-geolocator","Apus melba","18DY","F56698","Switzerland Biel - Long term study on migratory movement of Alpine swifts (Apus melba)"
16890708617,true,2016-12-16 19:41:24.000,-8.64728192161823,8.55000000000001,"stationary","non-breeding site",8.10000000000001,9.45,-8.66920152091257,-8.18181818181819,"solar-geolocator","Apus melba","18DY","F56698","Switzerland Biel - Long term study on migratory movement of Alpine swifts (Apus melba)"
16890708618,true,2016-12-17 07:09:47.000,-8.64728192161823,8.55000000000001,"stationary","non-breeding site",8.10000000000001,9.45,-8.66920152091257,-8.18181818181819,"solar-geolocator","Apus melba","18DY","F56698","Switzerland Biel - Long term study on migratory movement of Alpine swifts (Apus melba)"
16890708619,true,2016-12-17 19:43:24.000,-8.64728192161823,8.55000000000001,"stationary","non-breeding site",8.10000000000001,9.45,-8.66920152091257,-8.18181818181819,"solar-geolocator","Apus melba","18DY","F56698","Switzerland Biel - Long term study on migratory movement of Alpine swifts (Apus melba)"
16890708620,true,2016-12-18 07:17:47.000,-8.64728192161823,8.55000000000001,"stationary","non-breeding site",8.10000000000001,9.45,-8.66920152091257,-8.18181818181819,"solar-geolocator","Apus melba","18DY","F56698","Switzerland Biel - Long term study on migratory movement of Alpine swifts (Apus melba)"
16890708621,true,2016-12-18 19:45:24.000,-8.64728192161823,8.55000000000001,"stationary","non-breeding site",8.10000000000001,9.45,-8.66920152091257,-8.18181818181819,"solar-geolocator","Apus melba","18DY","F56698","Switzerland Biel - Long term study on migratory movement of Alpine swifts (Apus melba)"
16890708622,true,2016-12-19 07:17:45.000,-8.64728192161823,8.55000000000001,"stationary","non-breeding site",8.10000000000001,9.45,-8.66920152091257,-8.18181818181819,"solar-geolocator","Apus melba","18DY","F56698","Switzerland Biel - Long term study on migratory movement of Alpine swifts (Apus melba)"
16890708623,true,2016-12-19 19:47:23.000,-8.64728192161823,8.55000000000001,"stationary","non-breeding site",8.10000000000001,9.45,-8.66920152091257,-8.18181818181819,"solar-geolocator","Apus melba","18DY","F56698","Switzerland Biel - Long term study on migratory movement of Alpine swifts (Apus melba)"
16890708625,true,2016-12-20 07:13:46.000,-8.64728192161823,8.55000000000001,"stationary","non-breeding site",8.10000000000001,9.45,-8.66920152091257,-8.18181818181819,"solar-geolocator","Apus melba","18DY","F56698","Switzerland Biel - Long term study on migratory movement of Alpine swifts (Apus melba)"
16890708626,true,2016-12-20 19:49:23.000,-8.64728192161823,8.55000000000001,"stationary","non-breeding site",8.10000000000001,9.45,-8.66920152091257,-8.18181818181819,"solar-geolocator","Apus melba","18DY","F56698","Switzerland Biel - Long term study on migratory movement of Alpine swifts (Apus melba)"
16890708628,true,2016-12-21 07:15:46.000,-8.64728192161823,8.55000000000001,"stationary","non-breeding site",8.10000000000001,9.45,-8.66920152091257,-8.18181818181819,"solar-geolocator","Apus melba","18DY","F56698","Switzerland Biel - Long term study on migratory movement of Alpine swifts (Apus melba)"
16890708630,true,2016-12-21 19:49:23.000,-8.64728192161823,8.55000000000001,"stationary","non-breeding site",8.10000000000001,9.45,-8.66920152091257,-8.18181818181819,"solar-geolocator","Apus melba","18DY","F56698","Switzerland Biel - Long term study on migratory movement of Alpine swifts (Apus melba)"
16890708632,true,2016-12-22 07:15:46.000,-8.64728192161823,8.55000000000001,"stationary","non-breeding site",8.10000000000001,9.45,-8.66920152091257,-8.18181818181819,"solar-geolocator","Apus melba","18DY","F56698","Switzerland Biel - Long term study on migratory movement of Alpine swifts (Apus melba)"
16890708634,true,2016-12-22 19:47:23.000,-8.64728192161823,8.55000000000001,"stationary","non-breeding site",8.10000000000001,9.45,-8.66920152091257,-8.18181818181819,"solar-geolocator","Apus melba","18DY","F56698","Switzerland Biel - Long term study on migratory movement of Alpine swifts (Apus melba)"
16890708635,true,2016-12-23 07:17:46.000,-8.64728192161823,8.55000000000001,"stationary","non-breeding site",8.10000000000001,9.45,-8.66920152091257,-8.18181818181819,"solar-geolocator","Apus melba","18DY","F56698","Switzerland Biel - Long term study on migratory movement of Alpine swifts (Apus melba)"
16890708636,true,2016-12-23 19:47:23.000,-8.64728192161823,8.55000000000001,"stationary","non-breeding site",8.10000000000001,9.45,-8.66920152091257,-8.18181818181819,"solar-geolocator","Apus melba","18DY","F56698","Switzerland Biel - Long term study on migratory movement of Alpine swifts (Apus melba)"
16890708637,true,2016-12-24 07:15:46.000,-8.64728192161823,8.55000000000001,"stationary","non-breeding site",8.10000000000001,9.45,-8.66920152091257,-8.1921618204804,"solar-geolocator","Apus melba","18DY","F56698","Switzerland Biel - Long term study on migratory movement of Alpine swifts (Apus melba)"
16890708638,true,2016-12-24 19:47:23.000,-8.64728192161823,8.55000000000001,"stationary","non-breeding site",8.10000000000001,9.45,-8.66920152091257,-8.1921618204804,"solar-geolocator","Apus melba","18DY","F56698","Switzerland Biel - Long term study on migratory movement of Alpine swifts (Apus melba)"
16890708639,true,2016-12-25 07:13:46.000,-8.64728192161823,8.55000000000001,"stationary","non-breeding site",8.10000000000001,9.45,-8.66920152091257,-8.1921618204804,"solar-geolocator","Apus melba","18DY","F56698","Switzerland Biel - Long term study on migratory movement of Alpine swifts (Apus melba)"
16890708640,true,2016-12-25 19:47:23.000,-8.64728192161823,8.55000000000001,"stationary","non-breeding site",8.10000000000001,9.45,-8.66920152091257,-8.1921618204804,"solar-geolocator","Apus melba","18DY","F56698","Switzerland Biel - Long term study on migratory movement of Alpine swifts (Apus melba)"
16890708641,true,2016-12-26 07:17:46.000,-8.64728192161823,8.55000000000001,"stationary","non-breeding site",8.10000000000001,9.45,-8.66920152091257,-8.18181818181819,"solar-geolocator","Apus melba","18DY","F56698","Switzerland Biel - Long term study on migratory movement of Alpine swifts (Apus melba)"
16890708642,true,2016-12-26 19:47:23.000,-8.64728192161823,8.55000000000001,"stationary","non-breeding site",8.10000000000001,9.45,-8.66920152091257,-8.18181818181819,"solar-geolocator","Apus melba","18DY","F56698","Switzerland Biel - Long term study on migratory movement of Alpine swifts (Apus melba)"
16890708643,true,2016-12-27 07:13:45.000,-8.64728192161823,8.55000000000001,"stationary","non-breeding site",8.10000000000001,9.45,-8.66920152091257,-8.18181818181819,"solar-geolocator","Apus melba","18DY","F56698","Switzerland Biel - Long term study on migratory movement of Alpine swifts (Apus melba)"
16890708644,true,2016-12-27 19:49:22.000,-8.64728192161823,8.55000000000001,"stationary","non-breeding site",8.10000000000001,9.45,-8.66920152091257,-8.18181818181819,"solar-geolocator","Apus melba","18DY","F56698","Switzerland Biel - Long term study on migratory movement of Alpine swifts (Apus melba)"
16890708645,true,2016-12-28 07:17:45.000,-8.64728192161823,8.55000000000001,"stationary","non-breeding site",8.10000000000001,9.45,-8.66920152091257,-8.18181818181819,"solar-geolocator","Apus melba","18DY","F56698","Switzerland Biel - Long term study on migratory movement of Alpine swifts (Apus melba)"
16890708646,true,2016-12-28 19:53:22.000,-8.64728192161823,8.55000000000001,"stationary","non-breeding site",8.10000000000001,9.45,-8.66920152091257,-8.1921618204804,"solar-geolocator","Apus melba","18DY","F56698","Switzerland Biel - Long term study on migratory movement of Alpine swifts (Apus melba)"
16890708647,true,2016-12-29 07:19:45.000,-8.64728192161823,8.55000000000001,"stationary","non-breeding site",8.10000000000001,9.45,-8.66920152091257,-8.1921618204804,"solar-geolocator","Apus melba","18DY","F56698","Switzerland Biel - Long term study on migratory movement of Alpine swifts (Apus melba)"
16890708648,true,2016-12-29 19:53:22.000,-8.64728192161823,8.55000000000001,"stationary","non-breeding site",8.10000000000001,9.45,-8.66920152091257,-8.1921618204804,"solar-geolocator","Apus melba","18DY","F56698","Switzerland Biel - Long term study on migratory movement of Alpine swifts (Apus melba)"
16890708649,true,2016-12-30 07:15:45.000,-8.64728192161823,8.55000000000001,"stationary","non-breeding site",8.10000000000001,9.45,-8.66920152091257,-8.1921618204804,"solar-geolocator","Apus melba","18DY","F56698","Switzerland Biel - Long term study on migratory movement of Alpine swifts (Apus melba)"
16890708650,true,2016-12-30 19:55:22.000,-8.64728192161823,8.55000000000001,"stationary","non-breeding site",8.10000000000001,9.45,-8.66920152091257,-8.1921618204804,"solar-geolocator","Apus melba","18DY","F56698","Switzerland Biel - Long term study on migratory movement of Alpine swifts (Apus melba)"
16890708651,true,2016-12-31 07:19:45.000,-8.64728192161823,8.55000000000001,"stationary","non-breeding site",8.10000000000001,9.45,-8.66920152091257,-8.1921618204804,"solar-geolocator","Apus melba","18DY","F56698","Switzerland Biel - Long term study on migratory movement of Alpine swifts (Apus melba)"
16890708652,true,2016-12-31 19:53:22.000,-8.64728192161823,8.55000000000001,"stationary","non-breeding site",8.10000000000001,9.45,-8.66920152091257,-8.1921618204804,"solar-geolocator","Apus melba","18DY","F56698","Switzerland Biel - Long term study on migratory movement of Alpine swifts (Apus melba)"
16890708653,true,2017-01-01 07:21:45.000,-8.64728192161823,8.55000000000001,"stationary","non-breeding site",8.10000000000001,9.45,-8.66920152091257,-8.1921618204804,"solar-geolocator","Apus melba","18DY","F56698","Switzerland Biel - Long term study on migratory movement of Alpine swifts (Apus melba)"
16890708654,true,2017-01-01 19:55:22.000,-8.64728192161823,8.55000000000001,"stationary","non-breeding site",8.10000000000001,9.45,-8.66920152091257,-8.1921618204804,"solar-geolocator","Apus melba","18DY","F56698","Switzerland Biel - Long term study on migratory movement of Alpine swifts (Apus melba)"
16890708655,true,2017-01-02 07:19:45.000,-8.64728192161823,8.55000000000001,"stationary","non-breeding site",8.10000000000001,9.45,-8.66920152091257,-8.1921618204804,"solar-geolocator","Apus melba","18DY","F56698","Switzerland Biel - Long term study on migratory movement of Alpine swifts (Apus melba)"
16890708656,true,2017-01-02 19:51:22.000,-8.64728192161823,8.55000000000001,"stationary","non-breeding site",8.10000000000001,9.45,-8.66920152091257,-8.1921618204804,"solar-geolocator","Apus melba","18DY","F56698","Switzerland Biel - Long term study on migratory movement of Alpine swifts (Apus melba)"
16890708657,true,2017-01-03 07:13:45.000,-8.64728192161823,8.55000000000001,"stationary","non-breeding site",8.10000000000001,9.45,-8.66920152091257,-8.1921618204804,"solar-geolocator","Apus melba","18DY","F56698","Switzerland Biel - Long term study on migratory movement of Alpine swifts (Apus melba)"
16890708658,true,2017-01-03 19:53:22.000,-8.64728192161823,8.55000000000001,"stationary","non-breeding site",8.10000000000001,9.45,-8.66920152091257,-8.1921618204804,"solar-geolocator","Apus melba","18DY","F56698","Switzerland Biel - Long term study on migratory movement of Alpine swifts (Apus melba)"
16890708659,true,2017-01-04 07:13:45.000,-8.64728192161823,8.55000000000001,"stationary","non-breeding site",8.10000000000001,9.45,-8.66920152091257,-8.1921618204804,"solar-geolocator","Apus melba","18DY","F56698","Switzerland Biel - Long term study on migratory movement of Alpine swifts (Apus melba)"
16890708660,true,2017-01-04 19:53:21.000,-8.64728192161823,8.55000000000001,"stationary","non-breeding site",8.10000000000001,9.45,-8.66920152091257,-8.1921618204804,"solar-geolocator","Apus melba","18DY","F56698","Switzerland Biel - Long term study on migratory movement of Alpine swifts (Apus melba)"
16890708661,true,2017-01-05 07:19:44.000,-8.64728192161823,8.55000000000001,"stationary","non-breeding site",8.10000000000001,9.45,-8.66920152091257,-8.1921618204804,"solar-geolocator","Apus melba","18DY","F56698","Switzerland Biel - Long term study on migratory movement of Alpine swifts (Apus melba)"
16890708662,true,2017-01-05 19:55:21.000,-8.64728192161823,8.55000000000001,"stationary","non-breeding site",8.10000000000001,9.45,-8.66920152091257,-8.1921618204804,"solar-geolocator","Apus melba","18DY","F56698","Switzerland Biel - Long term study on migratory movement of Alpine swifts (Apus melba)"
16890708663,true,2017-01-06 07:19:44.000,-8.64728192161823,8.55000000000001,"stationary","non-breeding site",8.10000000000001,9.45,-8.66920152091257,-8.1921618204804,"solar-geolocator","Apus melba","18DY","F56698","Switzerland Biel - Long term study on migratory movement of Alpine swifts (Apus melba)"
16890708664,true,2017-01-06 19:59:21.000,-8.64728192161823,8.55000000000001,"stationary","non-breeding site",8.10000000000001,9.45,-8.66920152091257,-8.18181818181819,"solar-geolocator","Apus melba","18DY","F56698","Switzerland Biel - Long term study on migratory movement of Alpine swifts (Apus melba)"
16890708678,true,2017-01-07 07:21:44.000,-8.63636363636363,8.55000000000001,"stationary","non-breeding site",8.10000000000001,9.45,-8.66920152091257,-8.18181818181819,"solar-geolocator","Apus melba","18DY","F56698","Switzerland Biel - Long term study on migratory movement of Alpine swifts (Apus melba)"
16890708913,true,2017-01-07 19:59:21.000,-8.20253164556962,8.55000000000001,"stationary","non-breeding site",8.10000000000001,9.45,-8.66920152091257,-8.18181818181819,"solar-geolocator","Apus melba","18DY","F56698","Switzerland Biel - Long term study on migratory movement of Alpine swifts (Apus melba)"
16890708914,true,2017-01-08 07:21:44.000,-8.20253164556962,8.55000000000001,"stationary","non-breeding site",8.10000000000001,9.45,-8.66920152091257,-8.18181818181819,"solar-geolocator","Apus melba","18DY","F56698","Switzerland Biel - Long term study on migratory movement of Alpine swifts (Apus melba)"
16890708915,true,2017-01-08 19:59:21.000,-8.20253164556962,8.55000000000001,"stationary","non-breeding site",8.10000000000001,9.45,-8.66920152091257,-8.18181818181819,"solar-geolocator","Apus melba","18DY","F56698","Switzerland Biel - Long term study on migratory movement of Alpine swifts (Apus melba)"
16890708916,true,2017-01-09 07:25:44.000,-8.20253164556962,8.55000000000001,"stationary","non-breeding site",8.10000000000001,9.45,-8.66920152091257,-8.18181818181819,"solar-geolocator","Apus melba","18DY","F56698","Switzerland Biel - Long term study on migratory movement of Alpine swifts (Apus melba)"
16890708917,true,2017-01-09 19:55:21.000,-8.20253164556962,8.55000000000001,"stationary","non-breeding site",8.10000000000001,9.45,-8.66920152091257,-8.18181818181819,"solar-geolocator","Apus melba","18DY","F56698","Switzerland Biel - Long term study on migratory movement of Alpine swifts (Apus melba)"
16890708918,true,2017-01-10 07:25:44.000,-8.20253164556962,8.55000000000001,"stationary","non-breeding site",8.10000000000001,9.45,-8.66920152091257,-8.18181818181819,"solar-geolocator","Apus melba","18DY","F56698","Switzerland Biel - Long term study on migratory movement of Alpine swifts (Apus melba)"
16890708919,true,2017-01-10 19:55:21.000,-8.20253164556962,8.55000000000001,"stationary","non-breeding site",8.10000000000001,9.45,-8.66920152091257,-8.18181818181819,"solar-geolocator","Apus melba","18DY","F56698","Switzerland Biel - Long term study on migratory movement of Alpine swifts (Apus melba)"
16890708920,true,2017-01-11 07:23:44.000,-8.20253164556962,8.55000000000001,"stationary","non-breeding site",8.10000000000001,9.45,-8.66920152091257,-8.18181818181819,"solar-geolocator","Apus melba","18DY","F56698","Switzerland Biel - Long term study on migratory movement of Alpine swifts (Apus melba)"
16890708921,true,2017-01-11 19:59:21.000,-8.20253164556962,8.55000000000001,"stationary","non-breeding site",8.10000000000001,9.45,-8.66920152091257,-8.18181818181819,"solar-geolocator","Apus melba","18DY","F56698","Switzerland Biel - Long term study on migratory movement of Alpine swifts (Apus melba)"
16890708922,true,2017-01-12 07:21:44.000,-8.20253164556962,8.55000000000001,"stationary","non-breeding site",8.10000000000001,9.45,-8.66920152091257,-8.18181818181819,"solar-geolocator","Apus melba","18DY","F56698","Switzerland Biel - Long term study on migratory movement of Alpine swifts (Apus melba)"
16890708923,true,2017-01-12 19:57:20.000,-8.20253164556962,8.55000000000001,"stationary","non-breeding site",8.10000000000001,9.45,-8.66920152091257,-8.18181818181819,"solar-geolocator","Apus melba","18DY","F56698","Switzerland Biel - Long term study on migratory movement of Alpine swifts (Apus melba)"
16890708924,true,2017-01-13 07:19:43.000,-8.20253164556962,8.55000000000001,"stationary","non-breeding site",8.10000000000001,9.45,-8.66920152091257,-8.18181818181819,"solar-geolocator","Apus melba","18DY","F56698","Switzerland Biel - Long term study on migratory movement of Alpine swifts (Apus melba)"
16890708926,true,2017-01-13 19:55:20.000,-8.20253164556962,8.55000000000001,"stationary","non-breeding site",8.10000000000001,9.45,-8.66920152091257,-8.18181818181819,"solar-geolocator","Apus melba","18DY","F56698","Switzerland Biel - Long term study on migratory movement of Alpine swifts (Apus melba)"
16890708928,true,2017-01-14 07:25:43.000,-8.20253164556962,8.55000000000001,"stationary","non-breeding site",8.10000000000001,9.44999999999999,-8.65822784810129,-8.18181818181819,"solar-geolocator","Apus melba","18DY","F56698","Switzerland Biel - Long term study on migratory movement of Alpine swifts (Apus melba)"
16890708930,true,2017-01-14 19:59:20.000,-8.20253164556962,8.55000000000001,"stationary","non-breeding site",8.10000000000001,9.45,-8.66920152091257,-8.18181818181819,"solar-geolocator","Apus melba","18DY","F56698","Switzerland Biel - Long term study on migratory movement of Alpine swifts (Apus melba)"
16890708932,true,2017-01-15 07:23:43.000,-8.20253164556962,8.55000000000001,"stationary","non-breeding site",8.10000000000001,9.45,-8.66920152091257,-8.18181818181819,"solar-geolocator","Apus melba","18DY","F56698","Switzerland Biel - Long term study on migratory movement of Alpine swifts (Apus melba)"
16890708935,true,2017-01-15 20:01:20.000,-8.20253164556962,8.55000000000001,"stationary","non-breeding site",8.10000000000001,9.45,-8.66920152091257,-8.18181818181819,"solar-geolocator","Apus melba","18DY","F56698","Switzerland Biel - Long term study on migratory movement of Alpine swifts (Apus melba)"
16890708937,true,2017-01-16 07:27:43.000,-8.20253164556962,8.55000000000001,"stationary","non-breeding site",8.10000000000001,9.44999999999999,-8.65822784810129,-8.18181818181819,"solar-geolocator","Apus melba","18DY","F56698","Switzerland Biel - Long term study on migratory movement of Alpine swifts (Apus melba)"
16890708939,true,2017-01-16 20:03:20.000,-8.20253164556962,8.55000000000001,"stationary","non-breeding site",8.10000000000001,9.44999999999999,-8.65822784810129,-8.18181818181819,"solar-geolocator","Apus melba","18DY","F56698","Switzerland Biel - Long term study on migratory movement of Alpine swifts (Apus melba)"
16890708941,true,2017-01-17 07:29:43.000,-8.20253164556962,8.55000000000001,"stationary","non-breeding site",8.10000000000001,9.44999999999999,-8.65822784810129,-8.18181818181819,"solar-geolocator","Apus melba","18DY","F56698","Switzerland Biel - Long term study on migratory movement of Alpine swifts (Apus melba)"
16890708943,true,2017-01-17 20:01:20.000,-8.20253164556962,8.55000000000001,"stationary","non-breeding site",8.10000000000001,9.44999999999999,-8.65822784810129,-8.18181818181819,"solar-geolocator","Apus melba","18DY","F56698","Switzerland Biel - Long term study on migratory movement of Alpine swifts (Apus melba)"
16890708945,true,2017-01-18 07:29:43.000,-8.20253164556962,8.55000000000001,"stationary","non-breeding site",8.10000000000001,9.44999999999999,-8.65822784810129,-8.18181818181819,"solar-geolocator","Apus melba","18DY","F56698","Switzerland Biel - Long term study on migratory movement of Alpine swifts (Apus melba)"
16890708947,true,2017-01-18 20:01:20.000,-8.20253164556962,9.00000000000001,"stationary","non-breeding site",8.10000000000001,9.44999999999999,-8.65822784810129,-8.18181818181819,"solar-geolocator","Apus melba","18DY","F56698","Switzerland Biel - Long term study on migratory movement of Alpine swifts (Apus melba)"
16890708949,true,2017-01-19 07:29:43.000,-8.20253164556962,9.00000000000001,"stationary","non-breeding site",8.10000000000001,9.44999999999999,-8.65822784810129,-8.18181818181819,"solar-geolocator","Apus melba","18DY","F56698","Switzerland Biel - Long term study on migratory movement of Alpine swifts (Apus melba)"
16890708951,true,2017-01-19 20:03:20.000,-8.20253164556962,9.00000000000001,"stationary","non-breeding site",8.10000000000001,9.44999999999999,-8.65822784810129,-8.18181818181819,"solar-geolocator","Apus melba","18DY","F56698","Switzerland Biel - Long term study on migratory movement of Alpine swifts (Apus melba)"
16890708952,true,2017-01-20 07:33:43.000,-8.20253164556962,9.00000000000001,"stationary","non-breeding site",8.10000000000001,9.44999999999999,-8.65822784810129,-8.18181818181819,"solar-geolocator","Apus melba","18DY","F56698","Switzerland Biel - Long term study on migratory movement of Alpine swifts (Apus melba)"
16890708955,true,2017-01-20 20:05:20.000,-8.20253164556962,8.55000000000001,"stationary","non-breeding site",8.10000000000001,9.44999999999999,-8.65822784810129,-8.18181818181819,"solar-geolocator","Apus melba","18DY","F56698","Switzerland Biel - Long term study on migratory movement of Alpine swifts (Apus melba)"
16890708957,true,2017-01-21 07:31:42.000,-8.20253164556962,9.00000000000001,"stationary","non-breeding site",8.10000000000001,9.44999999999999,-8.65822784810129,-8.18181818181819,"solar-geolocator","Apus melba","18DY","F56698","Switzerland Biel - Long term study on migratory movement of Alpine swifts (Apus melba)"
16890708958,true,2017-01-21 20:01:19.000,-8.20253164556962,9.00000000000001,"stationary","non-breeding site",8.10000000000001,9.44999999999999,-8.65822784810129,-8.18181818181819,"solar-geolocator","Apus melba","18DY","F56698","Switzerland Biel - Long term study on migratory movement of Alpine swifts (Apus melba)"
16890708961,true,2017-01-22 07:31:42.000,-8.20253164556962,9.00000000000001,"stationary","non-breeding site",8.10000000000001,9.44999999999999,-8.65822784810129,-8.18181818181819,"solar-geolocator","Apus melba","18DY","F56698","Switzerland Biel - Long term study on migratory movement of Alpine swifts (Apus melba)"
16890708962,true,2017-01-22 20:05:19.000,-8.20253164556962,9.00000000000001,"stationary","non-breeding site",8.10000000000001,9.44999999999999,-8.65822784810129,-8.18181818181819,"solar-geolocator","Apus melba","18DY","F56698","Switzerland Biel - Long term study on migratory movement of Alpine swifts (Apus melba)"
16890708965,true,2017-01-23 07:33:42.000,-8.20253164556962,9.00000000000001,"stationary","non-breeding site",8.10000000000001,9.44999999999999,-8.65822784810129,-8.18181818181819,"solar-geolocator","Apus melba","18DY","F56698","Switzerland Biel - Long term study on migratory movement of Alpine swifts (Apus melba)"
16890708966,true,2017-01-23 20:07:19.000,-8.20253164556962,9.00000000000001,"stationary","non-breeding site",8.10000000000001,9.44999999999999,-8.65822784810129,-8.18181818181819,"solar-geolocator","Apus melba","18DY","F56698","Switzerland Biel - Long term study on migratory movement of Alpine swifts (Apus melba)"
16890708968,true,2017-01-24 07:35:42.000,-8.20253164556962,9.00000000000001,"stationary","non-breeding site",8.10000000000001,9.44999999999999,-8.65822784810129,-8.18181818181819,"solar-geolocator","Apus melba","18DY","F56698","Switzerland Biel - Long term study on migratory movement of Alpine swifts (Apus melba)"
16890708970,true,2017-01-24 20:07:19.000,-8.20253164556962,9.00000000000001,"stationary","non-breeding site",8.10000000000001,9.44999999999999,-8.65822784810129,-8.18181818181819,"solar-geolocator","Apus melba","18DY","F56698","Switzerland Biel - Long term study on migratory movement of Alpine swifts (Apus melba)"
16890708972,true,2017-01-25 07:33:42.000,-8.20253164556962,9.00000000000001,"stationary","non-breeding site",8.10000000000001,9.44999999999999,-8.65822784810129,-8.18181818181819,"solar-geolocator","Apus melba","18DY","F56698","Switzerland Biel - Long term study on migratory movement of Alpine swifts (Apus melba)"
16890708974,true,2017-01-25 20:05:19.000,-8.20253164556962,9.00000000000001,"stationary","non-breeding site",8.10000000000001,9.44999999999999,-8.65822784810129,-8.18181818181819,"solar-geolocator","Apus melba","18DY","F56698","Switzerland Biel - Long term study on migratory movement of Alpine swifts (Apus melba)"
16890708977,true,2017-01-26 07:31:42.000,-8.20253164556962,9.00000000000001,"stationary","non-breeding site",8.10000000000001,9.44999999999999,-8.65822784810129,-8.18181818181819,"solar-geolocator","Apus melba","18DY","F56698","Switzerland Biel - Long term study on migratory movement of Alpine swifts (Apus melba)"
16890708979,true,2017-01-26 20:07:19.000,-8.20253164556962,9.00000000000001,"stationary","non-breeding site",8.10000000000001,9.44999999999999,-8.65822784810129,-8.18181818181819,"solar-geolocator","Apus melba","18DY","F56698","Switzerland Biel - Long term study on migratory movement of Alpine swifts (Apus melba)"
16890708981,true,2017-01-27 07:29:42.000,-8.20253164556962,9.00000000000001,"stationary","non-breeding site",8.10000000000001,9.44999999999999,-8.65822784810129,-8.18181818181819,"solar-geolocator","Apus melba","18DY","F56698","Switzerland Biel - Long term study on migratory movement of Alpine swifts (Apus melba)"
16890708983,true,2017-01-27 20:09:19.000,-8.20253164556962,9.00000000000001,"stationary","non-breeding site",8.10000000000001,9.44999999999999,-8.65822784810129,-8.18181818181819,"solar-geolocator","Apus melba","18DY","F56698","Switzerland Biel - Long term study on migratory movement of Alpine swifts (Apus melba)"
16890708985,true,2017-01-28 07:31:42.000,-8.20253164556962,9.00000000000001,"stationary","non-breeding site",8.10000000000001,9.44999999999999,-8.64728192161823,-8.18181818181819,"solar-geolocator","Apus melba","18DY","F56698","Switzerland Biel - Long term study on migratory movement of Alpine swifts (Apus melba)"
16890708987,true,2017-01-28 20:07:19.000,-8.20253164556962,9.00000000000001,"stationary","non-breeding site",8.10000000000001,9.44999999999999,-8.64728192161823,-8.18181818181819,"solar-geolocator","Apus melba","18DY","F56698","Switzerland Biel - Long term study on migratory movement of Alpine swifts (Apus melba)"
16890708989,true,2017-01-29 07:29:42.000,-8.20253164556962,9.00000000000001,"stationary","non-breeding site",8.10000000000001,9.44999999999999,-8.64728192161823,-8.18181818181819,"solar-geolocator","Apus melba","18DY","F56698","Switzerland Biel - Long term study on migratory movement of Alpine swifts (Apus melba)"
16890708991,true,2017-01-29 20:09:18.000,-8.20253164556962,9.00000000000001,"stationary","non-breeding site",8.10000000000001,9.44999999999999,-8.64728192161823,-8.18181818181819,"solar-geolocator","Apus melba","18DY","F56698","Switzerland Biel - Long term study on migratory movement of Alpine swifts (Apus melba)"
16890708993,true,2017-01-30 07:29:41.000,-8.20253164556962,9.00000000000001,"stationary","non-breeding site",8.10000000000001,9.44999999999999,-8.64728192161823,-8.18181818181819,"solar-geolocator","Apus melba","18DY","F56698","Switzerland Biel - Long term study on migratory movement of Alpine swifts (Apus melba)"
16890708994,true,2017-01-30 20:05:18.000,-8.20253164556962,9.00000000000001,"stationary","non-breeding site",8.10000000000001,9.44999999999999,-8.65822784810129,-8.18181818181819,"solar-geolocator","Apus melba","18DY","F56698","Switzerland Biel - Long term study on migratory movement of Alpine swifts (Apus melba)"
16890708997,true,2017-01-31 07:29:41.000,-8.20253164556962,9.00000000000001,"stationary","non-breeding site",8.10000000000001,9.44999999999999,-8.65822784810129,-8.18181818181819,"solar-geolocator","Apus melba","18DY","F56698","Switzerland Biel - Long term study on migratory movement of Alpine swifts (Apus melba)"
16890708998,true,2017-01-31 20:01:19.000,-8.20253164556962,9.00000000000001,"stationary","non-breeding site",8.10000000000001,9.44999999999999,-8.65822784810129,-8.18181818181819,"solar-geolocator","Apus melba","18DY","F56698","Switzerland Biel - Long term study on migratory movement of Alpine swifts (Apus melba)"
16890709001,true,2017-02-01 07:23:41.000,-8.20253164556962,9.00000000000001,"stationary","non-breeding site",8.10000000000001,9.44999999999999,-8.65822784810129,-8.18181818181819,"solar-geolocator","Apus melba","18DY","F56698","Switzerland Biel - Long term study on migratory movement of Alpine swifts (Apus melba)"
16890709002,true,2017-02-01 20:01:18.000,-8.20253164556962,9.00000000000001,"stationary","non-breeding site",8.10000000000001,9.44999999999999,-8.65822784810129,-8.18181818181819,"solar-geolocator","Apus melba","18DY","F56698","Switzerland Biel - Long term study on migratory movement of Alpine swifts (Apus melba)"
16890709005,true,2017-02-02 07:27:41.000,-8.20253164556962,9.00000000000001,"stationary","non-breeding site",8.10000000000001,9.44999999999999,-8.65822784810129,-8.18181818181819,"solar-geolocator","Apus melba","18DY","F56698","Switzerland Biel - Long term study on migratory movement of Alpine swifts (Apus melba)"
16890709006,true,2017-02-02 20:01:18.000,-8.20253164556962,9.00000000000001,"stationary","non-breeding site",8.10000000000001,9.44999999999999,-8.65822784810129,-8.18181818181819,"solar-geolocator","Apus melba","18DY","F56698","Switzerland Biel - Long term study on migratory movement of Alpine swifts (Apus melba)"
16890709009,true,2017-02-03 07:23:41.000,-8.20253164556962,9.00000000000001,"stationary","non-breeding site",8.10000000000001,9.44999999999999,-8.65822784810129,-8.18181818181819,"solar-geolocator","Apus melba","18DY","F56698","Switzerland Biel - Long term study on migratory movement of Alpine swifts (Apus melba)"
16890709011,true,2017-02-03 20:09:18.000,-8.20253164556962,9.00000000000001,"stationary","non-breeding site",8.10000000000001,9.44999999999999,-8.65822784810129,-8.18181818181819,"solar-geolocator","Apus melba","18DY","F56698","Switzerland Biel - Long term study on migratory movement of Alpine swifts (Apus melba)"
16890709013,true,2017-02-04 07:31:41.000,-8.20253164556962,9.00000000000001,"stationary","non-breeding site",8.10000000000001,9.44999999999999,-8.65822784810129,-8.18181818181819,"solar-geolocator","Apus melba","18DY","F56698","Switzerland Biel - Long term study on migratory movement of Alpine swifts (Apus melba)"
16890709015,true,2017-02-04 20:07:18.000,-8.20253164556962,9.00000000000001,"stationary","non-breeding site",8.10000000000001,9.44999999999999,-8.65822784810129,-8.18181818181819,"solar-geolocator","Apus melba","18DY","F56698","Switzerland Biel - Long term study on migratory movement of Alpine swifts (Apus melba)"
16890709017,true,2017-02-05 07:31:41.000,-8.20253164556962,9.00000000000001,"stationary","non-breeding site",8.10000000000001,9.44999999999999,-8.65822784810129,-8.18181818181819,"solar-geolocator","Apus melba","18DY","F56698","Switzerland Biel - Long term study on migratory movement of Alpine swifts (Apus melba)"
16890709019,true,2017-02-05 20:13:18.000,-8.20253164556962,8.55000000000001,"stationary","non-breeding site",8.10000000000001,9.44999999999999,-8.66920152091257,-8.18181818181819,"solar-geolocator","Apus melba","18DY","F56698","Switzerland Biel - Long term study on migratory movement of Alpine swifts (Apus melba)"
16890709021,true,2017-02-06 07:33:41.000,-8.20253164556962,8.55000000000001,"stationary","non-breeding site",8.10000000000001,9.44999999999999,-8.66920152091257,-8.18181818181819,"solar-geolocator","Apus melba","18DY","F56698","Switzerland Biel - Long term study on migratory movement of Alpine swifts (Apus melba)"
16890709023,true,2017-02-06 20:13:17.000,-8.20253164556962,8.55000000000001,"stationary","non-breeding site",8.10000000000001,9.44999999999999,-8.66920152091257,-8.18181818181819,"solar-geolocator","Apus melba","18DY","F56698","Switzerland Biel - Long term study on migratory movement of Alpine swifts (Apus melba)"
16890709025,true,2017-02-07 07:35:40.000,-8.20253164556962,8.55000000000001,"stationary","non-breeding site",8.10000000000001,9.44999999999999,-8.66920152091257,-8.18181818181819,"solar-geolocator","Apus melba","18DY","F56698","Switzerland Biel - Long term study on migratory movement of Alpine swifts (Apus melba)"
16890709026,true,2017-02-07 20:11:17.000,-8.20253164556962,8.55000000000001,"stationary","non-breeding site",8.10000000000001,9.44999999999999,-8.66920152091257,-8.18181818181819,"solar-geolocator","Apus melba","18DY","F56698","Switzerland Biel - Long term study on migratory movement of Alpine swifts (Apus melba)"
16890709029,true,2017-02-08 07:35:40.000,-8.20253164556962,9.00000000000001,"stationary","non-breeding site",8.10000000000001,9.44999999999999,-8.66920152091257,-8.18181818181819,"solar-geolocator","Apus melba","18DY","F56698","Switzerland Biel - Long term study on migratory movement of Alpine swifts (Apus melba)"
16890709030,true,2017-02-08 20:09:17.000,-8.20253164556962,9.00000000000001,"stationary","non-breeding site",8.10000000000001,9.44999999999999,-8.66920152091257,-8.18181818181819,"solar-geolocator","Apus melba","18DY","F56698","Switzerland Biel - Long term study on migratory movement of Alpine swifts (Apus melba)"
16890709033,true,2017-02-09 07:33:40.000,-8.20253164556962,9.00000000000001,"stationary","non-breeding site",8.10000000000001,9.44999999999999,-8.66920152091257,-8.18181818181819,"solar-geolocator","Apus melba","18DY","F56698","Switzerland Biel - Long term study on migratory movement of Alpine swifts (Apus melba)"
16890709034,true,2017-02-09 20:09:17.000,-8.20253164556962,9.00000000000001,"stationary","non-breeding site",8.10000000000001,9.44999999999999,-8.66920152091257,-8.18181818181819,"solar-geolocator","Apus melba","18DY","F56698","Switzerland Biel - Long term study on migratory movement of Alpine swifts (Apus melba)"
16890709037,true,2017-02-10 07:33:40.000,-8.20253164556962,9.00000000000001,"stationary","non-breeding site",8.10000000000001,9.45,-8.66920152091257,-7.76649746192896,"solar-geolocator","Apus melba","18DY","F56698","Switzerland Biel - Long term study on migratory movement of Alpine swifts (Apus melba)"
16890709038,true,2017-02-10 20:05:17.000,-8.20253164556962,9.00000000000001,"stationary","non-breeding site",8.10000000000001,9.45,-8.65822784810129,-7.75665399239546,"solar-geolocator","Apus melba","18DY","F56698","Switzerland Biel - Long term study on migratory movement of Alpine swifts (Apus melba)"
16890709040,true,2017-02-11 07:27:40.000,-8.20253164556962,9.00000000000001,"stationary","non-breeding site",8.10000000000001,9.45,-8.65822784810129,-7.72727272727275,"solar-geolocator","Apus melba","18DY","F56698","Switzerland Biel - Long term study on migratory movement of Alpine swifts (Apus melba)"
16890709042,true,2017-02-11 20:01:17.000,-8.20253164556962,9.00000000000001,"stationary","non-breeding site",8.10000000000001,9.45,-8.65822784810129,-7.74683544303801,"solar-geolocator","Apus melba","18DY","F56698","Switzerland Biel - Long term study on migratory movement of Alpine swifts (Apus melba)"
16890709044,true,2017-02-12 07:25:40.000,-8.20253164556962,9.00000000000001,"stationary","non-breeding site",8.10000000000001,9.44999999999999,-8.64728192161823,-7.72727272727275,"solar-geolocator","Apus melba","18DY","F56698","Switzerland Biel - Long term study on migratory movement of Alpine swifts (Apus melba)"
16890709179,true,2017-02-12 19:57:18.000,-8.1921618204804,9.00000000000001,"stationary","non-breeding site",7.65000000000001,9.90000000000001,-8.64728192161823,-7.71752837326612,"solar-geolocator","Apus melba","18DY","F56698","Switzerland Biel - Long term study on migratory movement of Alpine swifts (Apus melba)"
16890709047,true,2017-02-13 07:27:40.000,-8.20253164556962,9.00000000000001,"stationary","non-breeding site",7.65000000000001,9.45,-8.64728192161823,-7.71752837326612,"solar-geolocator","Apus melba","18DY","F56698","Switzerland Biel - Long term study on migratory movement of Alpine swifts (Apus melba)"
16890709049,true,2017-02-13 20:03:17.000,-8.20253164556962,9.00000000000001,"stationary","non-breeding site",7.65000000000001,9.44999999999999,-8.64728192161823,-7.71752837326612,"solar-geolocator","Apus melba","18DY","F56698","Switzerland Biel - Long term study on migratory movement of Alpine swifts (Apus melba)"
16890709051,true,2017-02-14 07:21:40.000,-8.20253164556962,9.00000000000001,"stationary","non-breeding site",7.65000000000001,9.44999999999999,-8.64728192161823,-7.71752837326612,"solar-geolocator","Apus melba","18DY","F56698","Switzerland Biel - Long term study on migratory movement of Alpine swifts (Apus melba)"
16890709053,true,2017-02-14 20:05:17.000,-8.20253164556962,9.00000000000001,"stationary","non-breeding site",7.65000000000001,9.44999999999999,-8.64728192161823,-7.71752837326612,"solar-geolocator","Apus melba","18DY","F56698","Switzerland Biel - Long term study on migratory movement of Alpine swifts (Apus melba)"
16890709055,true,2017-02-15 07:21:39.000,-8.20253164556962,9.00000000000001,"stationary","non-breeding site",7.65000000000001,9.44999999999999,-8.64728192161823,-7.71752837326612,"solar-geolocator","Apus melba","18DY","F56698","Switzerland Biel - Long term study on migratory movement of Alpine swifts (Apus melba)"
16890709057,true,2017-02-15 20:05:16.000,-8.20253164556962,9.00000000000001,"stationary","non-breeding site",7.65000000000001,9.44999999999999,-8.64728192161823,-7.71752837326612,"solar-geolocator","Apus melba","18DY","F56698","Switzerland Biel - Long term study on migratory movement of Alpine swifts (Apus melba)"
16890709059,true,2017-02-16 07:21:39.000,-8.20253164556962,9.00000000000001,"stationary","non-breeding site",7.65000000000001,9.90000000000001,-8.64728192161823,-7.71752837326612,"solar-geolocator","Apus melba","18DY","F56698","Switzerland Biel - Long term study on migratory movement of Alpine swifts (Apus melba)"
16890709180,true,2017-02-16 20:07:16.000,-8.1921618204804,8.55000000000001,"stationary","non-breeding site",7.2,9.90000000000001,-8.64728192161823,-7.70780856423175,"solar-geolocator","Apus melba","18DY","F56698","Switzerland Biel - Long term study on migratory movement of Alpine swifts (Apus melba)"
16890709063,true,2017-02-17 07:33:39.000,-8.20253164556962,9.00000000000001,"stationary","non-breeding site",6.30000000000001,10.35,-8.64728192161823,-7.69811320754716,"solar-geolocator","Apus melba","18DY","F56698","Switzerland Biel - Long term study on migratory movement of Alpine swifts (Apus melba)"
16890709181,true,2017-02-17 20:01:16.000,-8.1921618204804,9.00000000000001,"stationary","non-breeding site",6.30000000000001,10.35,-8.64728192161823,-7.69811320754716,"solar-geolocator","Apus melba","18DY","F56698","Switzerland Biel - Long term study on migratory movement of Alpine swifts (Apus melba)"
16890709182,true,2017-02-18 07:29:39.000,-8.1921618204804,9.00000000000001,"stationary","non-breeding site",6.30000000000001,10.8,-8.64728192161823,-7.32824427480918,"solar-geolocator","Apus melba","18DY","F56698","Switzerland Biel - Long term study on migratory movement of Alpine swifts (Apus melba)"
16890709183,true,2017-02-18 20:09:16.000,-8.1921618204804,9.00000000000001,"stationary","non-breeding site",6.30000000000001,10.8,-8.64728192161823,-7.68844221105529,"solar-geolocator","Apus melba","18DY","F56698","Switzerland Biel - Long term study on migratory movement of Alpine swifts (Apus melba)"
16890709068,true,2017-02-19 07:29:39.000,-8.20253164556962,9.00000000000001,"stationary","non-breeding site",7.65000000000001,10.8,-8.64728192161823,-7.32824427480918,"solar-geolocator","Apus melba","18DY","F56698","Switzerland Biel - Long term study on migratory movement of Alpine swifts (Apus melba)"
16890709070,true,2017-02-19 20:11:16.000,-8.20253164556962,9.00000000000001,"stationary","non-breeding site",7.65000000000001,10.8,-8.64728192161823,-7.32824427480918,"solar-geolocator","Apus melba","18DY","F56698","Switzerland Biel - Long term study on migratory movement of Alpine swifts (Apus melba)"
16890709071,true,2017-02-20 07:21:39.000,-8.20253164556962,9.00000000000001,"stationary","non-breeding site",7.65000000000001,10.8,-8.64728192161823,-7.32824427480918,"solar-geolocator","Apus melba","18DY","F56698","Switzerland Biel - Long term study on migratory movement of Alpine swifts (Apus melba)"
16890709073,true,2017-02-20 20:07:16.000,-8.20253164556962,9.00000000000001,"stationary","non-breeding site",7.65000000000001,11.25,-8.64728192161823,-7.32824427480918,"solar-geolocator","Apus melba","18DY","F56698","Switzerland Biel - Long term study on migratory movement of Alpine swifts (Apus melba)"
16890709075,true,2017-02-21 07:21:39.000,-8.20253164556962,9.00000000000001,"stationary","non-breeding site",6.30000000000001,10.35,-8.64728192161823,-7.69811320754716,"solar-geolocator","Apus melba","18DY","F56698","Switzerland Biel - Long term study on migratory movement of Alpine swifts (Apus melba)"
16890709077,true,2017-02-21 20:03:16.000,-8.20253164556962,9.00000000000001,"stationary","non-breeding site",6.30000000000001,10.35,-8.64728192161823,-7.69811320754716,"solar-geolocator","Apus melba","18DY","F56698","Switzerland Biel - Long term study on migratory movement of Alpine swifts (Apus melba)"
16890709079,true,2017-02-22 07:17:39.000,-8.20253164556962,9.00000000000001,"stationary","non-breeding site",6.30000000000001,10.35,-8.64728192161823,-7.69811320754716,"solar-geolocator","Apus melba","18DY","F56698","Switzerland Biel - Long term study on migratory movement of Alpine swifts (Apus melba)"
16890709082,true,2017-02-22 20:01:16.000,-8.20253164556962,9.00000000000001,"stationary","non-breeding site",6.30000000000001,10.35,-8.64728192161823,-7.69811320754716,"solar-geolocator","Apus melba","18DY","F56698","Switzerland Biel - Long term study on migratory movement of Alpine swifts (Apus melba)"
16890709084,true,2017-02-23 07:25:38.000,-8.20253164556962,9.00000000000001,"stationary","non-breeding site",6.30000000000001,10.35,-8.64728192161823,-7.69811320754716,"solar-geolocator","Apus melba","18DY","F56698","Switzerland Biel - Long term study on migratory movement of Alpine swifts (Apus melba)"
16890709087,true,2017-02-23 20:07:15.000,-8.20253164556962,9.00000000000001,"stationary","non-breeding site",6.30000000000001,10.35,-8.64728192161823,-7.69811320754716,"solar-geolocator","Apus melba","18DY","F56698","Switzerland Biel - Long term study on migratory movement of Alpine swifts (Apus melba)"
16890709088,true,2017-02-24 07:21:38.000,-8.20253164556962,9.00000000000001,"stationary","non-breeding site",6.30000000000001,10.35,-8.64728192161823,-7.69811320754716,"solar-geolocator","Apus melba","18DY","F56698","Switzerland Biel - Long term study on migratory movement of Alpine swifts (Apus melba)"
16890709091,true,2017-02-24 20:03:15.000,-8.20253164556962,9.00000000000001,"stationary","non-breeding site",6.30000000000001,10.35,-8.64728192161823,-7.69811320754716,"solar-geolocator","Apus melba","18DY","F56698","Switzerland Biel - Long term study on migratory movement of Alpine swifts (Apus melba)"
16890709093,true,2017-02-25 07:25:38.000,-8.20253164556962,9.00000000000001,"stationary","non-breeding site",6.30000000000001,10.35,-8.64728192161823,-7.69811320754716,"solar-geolocator","Apus melba","18DY","F56698","Switzerland Biel - Long term study on migratory movement of Alpine swifts (Apus melba)"
16890709095,true,2017-02-25 20:05:15.000,-8.20253164556962,9.00000000000001,"stationary","non-breeding site",6.30000000000001,10.35,-8.64728192161823,-7.69811320754716,"solar-geolocator","Apus melba","18DY","F56698","Switzerland Biel - Long term study on migratory movement of Alpine swifts (Apus melba)"
16890709097,true,2017-02-26 07:27:38.000,-8.20253164556962,9.00000000000001,"stationary","non-breeding site",6.30000000000001,10.35,-8.64728192161823,-7.69811320754716,"solar-geolocator","Apus melba","18DY","F56698","Switzerland Biel - Long term study on migratory movement of Alpine swifts (Apus melba)"
16890709099,true,2017-02-26 19:59:15.000,-8.20253164556962,9.00000000000001,"stationary","non-breeding site",6.30000000000001,10.35,-8.64728192161823,-7.69811320754716,"solar-geolocator","Apus melba","18DY","F56698","Switzerland Biel - Long term study on migratory movement of Alpine swifts (Apus melba)"
16890709101,true,2017-02-27 07:25:38.000,-8.20253164556962,9.00000000000001,"stationary","non-breeding site",6.30000000000001,10.35,-8.64728192161823,-7.69811320754716,"solar-geolocator","Apus melba","18DY","F56698","Switzerland Biel - Long term study on migratory movement of Alpine swifts (Apus melba)"
16890709103,true,2017-02-27 20:03:15.000,-8.20253164556962,9.00000000000001,"stationary","non-breeding site",6.30000000000001,10.35,-8.64728192161823,-7.69811320754716,"solar-geolocator","Apus melba","18DY","F56698","Switzerland Biel - Long term study on migratory movement of Alpine swifts (Apus melba)"
16890709105,true,2017-02-28 07:21:38.000,-8.20253164556962,9.00000000000001,"stationary","non-breeding site",6.30000000000001,10.35,-8.64728192161823,-7.69811320754716,"solar-geolocator","Apus melba","18DY","F56698","Switzerland Biel - Long term study on migratory movement of Alpine swifts (Apus melba)"
16890709107,true,2017-02-28 20:07:15.000,-8.20253164556962,9.00000000000001,"stationary","non-breeding site",6.30000000000001,10.35,-8.64728192161823,-7.69811320754716,"solar-geolocator","Apus melba","18DY","F56698","Switzerland Biel - Long term study on migratory movement of Alpine swifts (Apus melba)"
16890709109,true,2017-03-01 07:21:38.000,-8.20253164556962,9.00000000000001,"stationary","non-breeding site",6.30000000000001,10.35,-8.64728192161823,-7.69811320754716,"solar-geolocator","Apus melba","18DY","F56698","Switzerland Biel - Long term study on migratory movement of Alpine swifts (Apus melba)"
16890709184,true,2017-03-01 20:09:15.000,-8.1921618204804,9.00000000000001,"stationary","non-breeding site",6.30000000000001,10.8,-8.64728192161823,-7.45148771021996,"solar-geolocator","Apus melba","18DY","F56698","Switzerland Biel - Long term study on migratory movement of Alpine swifts (Apus melba)"
16890709185,true,2017-03-02 07:19:38.000,-8.1921618204804,9.00000000000001,"stationary","non-breeding site",6.30000000000001,10.8,-8.64728192161823,-7.45148771021996,"solar-geolocator","Apus melba","18DY","F56698","Switzerland Biel - Long term study on migratory movement of Alpine swifts (Apus melba)"
16890709186,true,2017-03-02 20:03:15.000,-8.1921618204804,9.00000000000001,"stationary","non-breeding site",6.30000000000001,10.8,-8.64728192161823,-7.43225806451613,"solar-geolocator","Apus melba","18DY","F56698","Switzerland Biel - Long term study on migratory movement of Alpine swifts (Apus melba)"
16890709187,true,2017-03-03 07:19:38.000,-8.1921618204804,9.00000000000001,"stationary","non-breeding site",6.30000000000001,10.8,-8.64728192161823,-7.3751600512164,"solar-geolocator","Apus melba","18DY","F56698","Switzerland Biel - Long term study on migratory movement of Alpine swifts (Apus melba)"
16890709188,true,2017-03-03 20:07:14.000,-8.1921618204804,9.00000000000001,"stationary","non-breeding site",6.30000000000001,10.8,-8.64728192161823,-7.3751600512164,"solar-geolocator","Apus melba","18DY","F56698","Switzerland Biel - Long term study on migratory movement of Alpine swifts (Apus melba)"
16890709189,true,2017-03-04 07:15:37.000,-8.1921618204804,9.00000000000001,"stationary","non-breeding site",5.85000000000001,10.8,-8.64728192161823,-7.32824427480918,"solar-geolocator","Apus melba","18DY","F56698","Switzerland Biel - Long term study on migratory movement of Alpine swifts (Apus melba)"
16890709190,true,2017-03-04 20:07:14.000,-8.1921618204804,8.55000000000001,"stationary","non-breeding site",5.40000000000001,10.8,-8.64728192161823,-7.32824427480918,"solar-geolocator","Apus melba","18DY","F56698","Switzerland Biel - Long term study on migratory movement of Alpine swifts (Apus melba)"
16890709191,true,2017-03-05 07:19:37.000,-8.1921618204804,9.00000000000001,"stationary","non-breeding site",5.40000000000001,10.8,-8.64728192161823,-7.32824427480918,"solar-geolocator","Apus melba","18DY","F56698","Switzerland Biel - Long term study on migratory movement of Alpine swifts (Apus melba)"
16890709192,true,2017-03-05 20:11:14.000,-8.1921618204804,8.55000000000001,"stationary","non-breeding site",4.05000000000001,10.8,-8.64728192161823,-7.28192161820483,"solar-geolocator","Apus melba","18DY","F56698","Switzerland Biel - Long term study on migratory movement of Alpine swifts (Apus melba)"
16890709193,true,2017-03-06 07:17:36.000,-8.1921618204804,8.55000000000001,"stationary","non-breeding site",4.05000000000001,10.8,-8.64728192161823,-7.28192161820483,"solar-geolocator","Apus melba","18DY","F56698","Switzerland Biel - Long term study on migratory movement of Alpine swifts (Apus melba)"
16890709194,true,2017-03-06 20:11:14.000,-8.1921618204804,8.55000000000001,"stationary","non-breeding site",4.05000000000001,10.8,-8.64728192161823,-7.28192161820483,"solar-geolocator","Apus melba","18DY","F56698","Switzerland Biel - Long term study on migratory movement of Alpine swifts (Apus melba)"
16890709195,true,2017-03-07 07:22:13.000,-8.1921618204804,8.55000000000001,"stationary","non-breeding site",4.05000000000001,11.25,-8.64728192161823,-7.28192161820483,"solar-geolocator","Apus melba","18DY","F56698","Switzerland Biel - Long term study on migratory movement of Alpine swifts (Apus melba)"
16890709196,true,2017-03-07 20:07:14.000,-8.1921618204804,8.55000000000001,"stationary","non-breeding site",3.15000000000001,11.25,-8.22335025380712,-7.23618090452261,"solar-geolocator","Apus melba","18DY","F56698","Switzerland Biel - Long term study on migratory movement of Alpine swifts (Apus melba)"
16890709197,true,2017-03-08 07:13:37.000,-8.1921618204804,8.55000000000001,"stationary","non-breeding site",3.15000000000001,11.25,-8.22335025380712,-7.21804511278196,"solar-geolocator","Apus melba","18DY","F56698","Switzerland Biel - Long term study on migratory movement of Alpine swifts (Apus melba)"
16890709198,true,2017-03-08 20:09:14.000,-8.1921618204804,8.55000000000001,"stationary","non-breeding site",2.25,12.6,-8.21292775665402,-7.20901126408009,"solar-geolocator","Apus melba","18DY","F56698","Switzerland Biel - Long term study on migratory movement of Alpine swifts (Apus melba)"
16890709199,true,2017-03-09 07:13:37.000,-8.1921618204804,8.55000000000001,"stationary","non-breeding site",0.900000000000006,13.05,-8.21292775665402,-7.20000000000002,"solar-geolocator","Apus melba","18DY","F56698","Switzerland Biel - Long term study on migratory movement of Alpine swifts (Apus melba)"
16890709204,true,2017-03-09 20:09:14.000,-8.18181818181819,8.55000000000001,"stationary","non-breeding site",0.900000000000006,13.05,-8.21292775665402,-7.20000000000002,"solar-geolocator","Apus melba","18DY","F56698","Switzerland Biel - Long term study on migratory movement of Alpine swifts (Apus melba)"
16890709205,true,2017-03-10 07:15:37.000,-8.18181818181819,8.55000000000001,"stationary","non-breeding site",0.900000000000006,13.05,-8.21292775665402,-7.20000000000002,"solar-geolocator","Apus melba","18DY","F56698","Switzerland Biel - Long term study on migratory movement of Alpine swifts (Apus melba)"
16890709220,true,2017-03-10 20:07:14.000,-7.79617834394904,8.55000000000001,"stationary","non-breeding site",0.450000000000003,12.6,-8.21292775665402,-7.20000000000003,"solar-geolocator","Apus melba","18DY","F56698","Switzerland Biel - Long term study on migratory movement of Alpine swifts (Apus melba)"
16890709225,true,2017-03-11 07:15:37.000,-7.77636594663281,8.55000000000001,"stationary","non-breeding site",0.450000000000003,12.6,-8.21292775665402,-7.20000000000003,"solar-geolocator","Apus melba","18DY","F56698","Switzerland Biel - Long term study on migratory movement of Alpine swifts (Apus melba)"
16890709325,true,2017-03-11 20:07:13.000,-7.73704171934261,8.55000000000001,"stationary","non-breeding site",0.450000000000003,12.6,-8.21292775665402,-7.20000000000003,"solar-geolocator","Apus melba","18DY","F56698","Switzerland Biel - Long term study on migratory movement of Alpine swifts (Apus melba)"
16890709326,true,2017-03-12 07:17:36.000,-7.72727272727275,8.55000000000001,"stationary","non-breeding site",0.450000000000003,12.6,-8.21292775665402,-7.20000000000003,"solar-geolocator","Apus melba","18DY","F56698","Switzerland Biel - Long term study on migratory movement of Alpine swifts (Apus melba)"
16890709327,true,2017-03-12 20:05:13.000,-7.70780856423175,8.10000000000001,"stationary","non-breeding site",0.450000000000003,12.6,-8.21292775665402,-7.20000000000003,"solar-geolocator","Apus melba","18DY","F56698","Switzerland Biel - Long term study on migratory movement of Alpine swifts (Apus melba)"
16890709328,true,2017-03-13 07:13:36.000,-7.70780856423175,8.10000000000001,"stationary","non-breeding site",0.450000000000003,12.6,-8.21292775665402,-7.20000000000003,"solar-geolocator","Apus melba","18DY","F56698","Switzerland Biel - Long term study on migratory movement of Alpine swifts (Apus melba)"
16890709329,true,2017-03-13 19:57:13.000,-7.69811320754716,8.10000000000001,"stationary","non-breeding site",0.450000000000003,12.6,-8.21292775665402,-7.20000000000003,"solar-geolocator","Apus melba","18DY","F56698","Switzerland Biel - Long term study on migratory movement of Alpine swifts (Apus melba)"
16890709330,true,2017-03-14 07:15:36.000,-7.69811320754716,7.65000000000001,"stationary","non-breeding site",0.450000000000003,13.05,-8.21292775665402,-7.20000000000002,"solar-geolocator","Apus melba","18DY","F56698","Switzerland Biel - Long term study on migratory movement of Alpine swifts (Apus melba)"
16890709331,true,2017-03-14 20:07:13.000,-7.68844221105529,7.65000000000001,"stationary","non-breeding site",0.450000000000003,13.05,-8.21292775665402,-7.20000000000002,"solar-geolocator","Apus melba","18DY","F56698","Switzerland Biel - Long term study on migratory movement of Alpine swifts (Apus melba)"
16890709332,true,2017-03-15 07:11:36.000,-7.68844221105529,7.65000000000001,"stationary","non-breeding site",0.450000000000003,13.5,-8.21292775665402,-6.83544303797467,"solar-geolocator","Apus melba","18DY","F56698","Switzerland Biel - Long term study on migratory movement of Alpine swifts (Apus melba)"
16890709333,true,2017-03-15 20:01:13.000,-7.66917293233083,6.75,"stationary","non-breeding site",0.450000000000003,13.5,-8.21292775665402,-7.20000000000002,"solar-geolocator","Apus melba","18DY","F56698","Switzerland Biel - Long term study on migratory movement of Alpine swifts (Apus melba)"
16890709334,true,2017-03-16 07:15:36.000,-7.66917293233083,6.75,"stationary","non-breeding site",0.450000000000003,13.5,-8.21292775665402,-7.20000000000002,"solar-geolocator","Apus melba","18DY","F56698","Switzerland Biel - Long term study on migratory movement of Alpine swifts (Apus melba)"
16890709335,true,2017-03-16 20:03:13.000,-7.66917293233083,6.30000000000001,"stationary","non-breeding site",0.450000000000003,12.6,-8.21292775665402,-6.89655172413797,"solar-geolocator","Apus melba","18DY","F56698","Switzerland Biel - Long term study on migratory movement of Alpine swifts (Apus melba)"
16890709336,true,2017-03-17 07:09:36.000,-7.65957446808512,6.30000000000001,"stationary","non-breeding site",1.4210854715202E-14,12.6,-8.21292775665402,-6.87022900763359,"solar-geolocator","Apus melba","18DY","F56698","Switzerland Biel - Long term study on migratory movement of Alpine swifts (Apus melba)"
16890709337,true,2017-03-17 20:03:13.000,-7.65957446808512,6.30000000000001,"stationary","non-breeding site",1.4210854715202E-14,12.6,-8.21292775665402,-6.87022900763359,"solar-geolocator","Apus melba","18DY","F56698","Switzerland Biel - Long term study on migratory movement of Alpine swifts (Apus melba)"
16890709338,true,2017-03-18 07:13:36.000,-7.65957446808512,6.30000000000001,"stationary","non-breeding site",1.4210854715202E-14,12.6,-8.20253164556962,-6.87022900763359,"solar-geolocator","Apus melba","18DY","F56698","Switzerland Biel - Long term study on migratory movement of Alpine swifts (Apus melba)"
16890709339,true,2017-03-18 20:01:13.000,-7.65,5.85000000000001,"stationary","non-breeding site",1.4210854715202E-14,13.05,-8.20253164556962,-6.87022900763359,"solar-geolocator","Apus melba","18DY","F56698","Switzerland Biel - Long term study on migratory movement of Alpine swifts (Apus melba)"
16890709340,true,2017-03-19 07:13:36.000,-7.65,5.85000000000001,"stationary","non-breeding site",1.4210854715202E-14,13.05,-8.20253164556962,-6.79245283018871,"solar-geolocator","Apus melba","18DY","F56698","Switzerland Biel - Long term study on migratory movement of Alpine swifts (Apus melba)"
16890709341,true,2017-03-19 20:01:13.000,-7.65,5.85000000000001,"stationary","non-breeding site",1.4210854715202E-14,13.05,-8.20253164556962,-6.79245283018871,"solar-geolocator","Apus melba","18DY","F56698","Switzerland Biel - Long term study on migratory movement of Alpine swifts (Apus melba)"
16890709342,true,2017-03-20 07:13:35.000,-7.65,5.85000000000001,"stationary","non-breeding site",1.4210854715202E-14,13.05,-8.20253164556962,-6.76691729323309,"solar-geolocator","Apus melba","18DY","F56698","Switzerland Biel - Long term study on migratory movement of Alpine swifts (Apus melba)"
16890709399,true,2017-03-20 20:01:12.000,-7.3751600512164,5.85000000000001,"stationary","non-breeding site",1.4210854715202E-14,13.05,-8.20253164556962,-6.7584480600751,"solar-geolocator","Apus melba","18DY","F56698","Switzerland Biel - Long term study on migratory movement of Alpine swifts (Apus melba)"
16890709400,true,2017-03-21 07:13:35.000,-7.36572890025576,5.85000000000001,"stationary","non-breeding site",1.4210854715202E-14,13.05,-8.20253164556962,-6.7584480600751,"solar-geolocator","Apus melba","18DY","F56698","Switzerland Biel - Long term study on migratory movement of Alpine swifts (Apus melba)"
16890709401,true,2017-03-21 19:59:12.000,-7.32824427480918,5.40000000000001,"stationary","non-breeding site",1.4210854715202E-14,12.6,-8.20253164556962,-6.7584480600751,"solar-geolocator","Apus melba","18DY","F56698","Switzerland Biel - Long term study on migratory movement of Alpine swifts (Apus melba)"
16890709402,true,2017-03-22 07:13:35.000,-7.31893265565437,5.40000000000001,"stationary","non-breeding site",1.4210854715202E-14,12.6,-8.20253164556962,-6.75000000000005,"solar-geolocator","Apus melba","18DY","F56698","Switzerland Biel - Long term study on migratory movement of Alpine swifts (Apus melba)"
16890709403,true,2017-03-22 19:57:12.000,-7.31893265565437,5.40000000000001,"stationary","non-breeding site",1.4210854715202E-14,12.6,-8.20253164556962,-6.75000000000005,"solar-geolocator","Apus melba","18DY","F56698","Switzerland Biel - Long term study on migratory movement of Alpine swifts (Apus melba)"
16890709404,true,2017-03-23 07:11:35.000,-7.31893265565437,5.40000000000001,"stationary","non-breeding site",1.4210854715202E-14,12.6,-8.20253164556962,-6.75000000000005,"solar-geolocator","Apus melba","18DY","F56698","Switzerland Biel - Long term study on migratory movement of Alpine swifts (Apus melba)"
16890709405,true,2017-03-23 19:53:12.000,-7.30964467005074,5.40000000000001,"stationary","non-breeding site",1.4210854715202E-14,12.6,-8.20253164556962,-6.75000000000005,"solar-geolocator","Apus melba","18DY","F56698","Switzerland Biel - Long term study on migratory movement of Alpine swifts (Apus melba)"
16890709830,true,2017-03-24 07:11:35.000,-7.29113924050634,5.40000000000001,"stationary","non-breeding site",1.4210854715202E-14,12.6,-8.20253164556962,-6.75000000000005,"solar-geolocator","Apus melba","18DY","F56698","Switzerland Biel - Long term study on migratory movement of Alpine swifts (Apus melba)"
16890709832,true,2017-03-24 19:49:12.000,-7.29113924050634,5.40000000000001,"stationary","non-breeding site",1.4210854715202E-14,12.15,-8.20253164556962,-6.75000000000005,"solar-geolocator","Apus melba","18DY","F56698","Switzerland Biel - Long term study on migratory movement of Alpine swifts (Apus melba)"
16890709834,true,2017-03-25 07:11:35.000,-7.29113924050634,5.40000000000001,"stationary","non-breeding site",1.4210854715202E-14,12.15,-8.20253164556962,-6.75000000000005,"solar-geolocator","Apus melba","18DY","F56698","Switzerland Biel - Long term study on migratory movement of Alpine swifts (Apus melba)"
16890709835,true,2017-03-25 19:59:12.000,-7.29113924050634,5.40000000000001,"stationary","non-breeding site",1.4210854715202E-14,12.15,-8.20253164556962,-6.75000000000005,"solar-geolocator","Apus melba","18DY","F56698","Switzerland Biel - Long term study on migratory movement of Alpine swifts (Apus melba)"
16890709836,true,2017-03-26 08:11:35.000,-7.29113924050634,5.40000000000001,"stationary","non-breeding site",1.4210854715202E-14,12.15,-8.20253164556962,-6.75000000000005,"solar-geolocator","Apus melba","18DY","F56698","Switzerland Biel - Long term study on migratory movement of Alpine swifts (Apus melba)"
16890709837,true,2017-03-26 20:59:12.000,-7.29113924050634,5.40000000000001,"stationary","non-breeding site",1.4210854715202E-14,12.15,-8.20253164556962,-6.75000000000005,"solar-geolocator","Apus melba","18DY","F56698","Switzerland Biel - Long term study on migratory movement of Alpine swifts (Apus melba)"
16890709838,true,2017-03-27 08:05:35.000,-7.29113924050634,5.40000000000001,"stationary","non-breeding site",1.4210854715202E-14,12.15,-8.20253164556962,-6.75000000000005,"solar-geolocator","Apus melba","18DY","F56698","Switzerland Biel - Long term study on migratory movement of Alpine swifts (Apus melba)"
16890709839,true,2017-03-27 20:55:12.000,-7.29113924050634,5.40000000000001,"stationary","non-breeding site",1.4210854715202E-14,12.15,-8.20253164556962,-6.75000000000005,"solar-geolocator","Apus melba","18DY","F56698","Switzerland Biel - Long term study on migratory movement of Alpine swifts (Apus melba)"
16890709840,true,2017-03-28 08:09:34.000,-7.29113924050634,5.40000000000001,"stationary","non-breeding site",1.4210854715202E-14,12.15,-8.20253164556962,-6.75000000000005,"solar-geolocator","Apus melba","18DY","F56698","Switzerland Biel - Long term study on migratory movement of Alpine swifts (Apus melba)"
16890709841,true,2017-03-28 21:01:11.000,-7.29113924050634,5.40000000000001,"stationary","non-breeding site",1.4210854715202E-14,12.15,-8.20253164556962,-6.75000000000005,"solar-geolocator","Apus melba","18DY","F56698","Switzerland Biel - Long term study on migratory movement of Alpine swifts (Apus melba)"
16890708578,true,2017-03-29 08:17:34.000,-10.0665778961385,16.2,"movement","migration",0.900000000000006,24.3,-11.6580310880829,-7.20000000000003,"solar-geolocator","Apus melba","18DY","F56698","Switzerland Biel - Long term study on migratory movement of Alpine swifts (Apus melba)"
16890707918,true,2017-03-29 21:19:11.000,-10.2578018995929,18.0,"movement","migration",7.65000000000001,25.65,-11.6580310880829,-8.79240162822253,"solar-geolocator","Apus melba","18DY","F56698","Switzerland Biel - Long term study on migratory movement of Alpine swifts (Apus melba)"
16890707919,true,2017-03-30 08:17:34.000,-10.2578018995929,18.45,"stationary","migration",7.65000000000001,25.65,-11.6580310880829,-8.91334250343881,"solar-geolocator","Apus melba","18DY","F56698","Switzerland Biel - Long term study on migratory movement of Alpine swifts (Apus melba)"
16890708257,true,2017-03-30 21:25:11.000,-10.1668806161746,18.9,"stationary","migration",10.8,29.25,-11.6599190283401,-8.62849533954728,"solar-geolocator","Apus melba","18DY","F56698","Switzerland Biel - Long term study on migratory movement of Alpine swifts (Apus melba)"
16890708577,true,2017-03-31 08:03:34.000,-10.1069518716578,19.8,"movement","migration",11.7,31.5,-11.6619718309859,-7.3071718538566,"solar-geolocator","Apus melba","18DY","F56698","Switzerland Biel - Long term study on migratory movement of Alpine swifts (Apus melba)"
16890709868,true,2017-03-31 21:09:11.000,-5.17985611510793,31.5,"movement","migration",13.95,37.8,-10.5459387483356,-3.50974930362119,"solar-geolocator","Apus melba","18DY","F56698","Switzerland Biel - Long term study on migratory movement of Alpine swifts (Apus melba)"
16890709870,true,2017-04-01 07:41:34.000,-4.82142857142855,32.4,"movement","migration",22.95,37.8,-8.04469273743018,-2.94117647058826,"solar-geolocator","Apus melba","18DY","F56698","Switzerland Biel - Long term study on migratory movement of Alpine swifts (Apus melba)"
16890709871,true,2017-04-01 21:07:11.000,-4.82142857142855,32.85,"stationary","migration",24.75,38.7,-6.59541984732825,-2.79503105590063,"solar-geolocator","Apus melba","18DY","F56698","Switzerland Biel - Long term study on migratory movement of Alpine swifts (Apus melba)"
16890709872,true,2017-04-02 07:35:34.000,-4.82142857142855,32.85,"stationary","migration",25.65,38.7,-6.42857142857144,-2.79503105590063,"solar-geolocator","Apus melba","18DY","F56698","Switzerland Biel - Long term study on migratory movement of Alpine swifts (Apus melba)"
16890709875,true,2017-04-02 21:19:11.000,-4.80000000000002,32.85,"stationary","migration",27.45,40.05,-6.36229749631815,-2.32258064516131,"solar-geolocator","Apus melba","18DY","F56698","Switzerland Biel - Long term study on migratory movement of Alpine swifts (Apus melba)"
16890709876,true,2017-04-03 07:25:34.000,-4.60227272727277,34.2,"movement","migration",28.35,40.5,-6.14906832298138,-1.8,"solar-geolocator","Apus melba","18DY","F56698","Switzerland Biel - Long term study on migratory movement of Alpine swifts (Apus melba)"
16890709885,true,2017-04-03 21:07:11.000,-4.2043795620438,36.0,"movement","migration",28.8,41.85,-5.9818731117825,-1.18421052631579,"solar-geolocator","Apus melba","18DY","F56698","Switzerland Biel - Long term study on migratory movement of Alpine swifts (Apus melba)"
16890709915,true,2017-04-04 07:17:34.000,-2.38410596026492,37.8,"movement","migration",30.6,41.85,-5.38116591928252,-1.13924050632913,"solar-geolocator","Apus melba","18DY","F56698","Switzerland Biel - Long term study on migratory movement of Alpine swifts (Apus melba)"
16890709916,true,2017-04-04 21:05:11.000,-2.30769230769231,38.25,"movement","migration",31.5,41.85,-5.19230769230771,-0.621655009376115,"solar-geolocator","Apus melba","18DY","F56698","Switzerland Biel - Long term study on migratory movement of Alpine swifts (Apus melba)"
16890709918,true,2017-04-05 07:11:34.000,-2.22565687789798,38.7,"movement","migration",33.3,42.3,-4.49999999999999,-0.58441558441558,"solar-geolocator","Apus melba","18DY","F56698","Switzerland Biel - Long term study on migratory movement of Alpine swifts (Apus melba)"
16890709920,true,2017-04-05 21:01:10.000,-1.82432432432432,38.7,"stationary","migration",34.2,42.3,-4.35045317220544,-0.580645161290314,"solar-geolocator","Apus melba","18DY","F56698","Switzerland Biel - Long term study on migratory movement of Alpine swifts (Apus melba)"
16890709921,true,2017-04-06 07:19:33.000,-1.81208053691278,38.7,"stationary","migration",34.2,42.3,-4.06451612903226,-0.580645161290314,"solar-geolocator","Apus melba","18DY","F56698","Switzerland Biel - Long term study on migratory movement of Alpine swifts (Apus melba)"
16890709922,true,2017-04-06 21:05:10.000,-1.78807947019867,39.15,"stationary","migration",34.65,42.3,-3.84732824427484,-0.566037735849068,"solar-geolocator","Apus melba","18DY","F56698","Switzerland Biel - Long term study on migratory movement of Alpine swifts (Apus melba)"
16890709923,true,2017-04-07 07:11:33.000,-1.77631578947368,39.15,"stationary","migration",35.55,42.75,-3.35403726708076,0.0,"solar-geolocator","Apus melba","18DY","F56698","Switzerland Biel - Long term study on migratory movement of Alpine swifts (Apus melba)"
16890709924,true,2017-04-07 20:57:10.000,-1.77631578947368,39.15,"stationary","migration",35.55,42.75,-3.33848531684701,0.0,"solar-geolocator","Apus melba","18DY","F56698","Switzerland Biel - Long term study on migratory movement of Alpine swifts (Apus melba)"
16890709925,true,2017-04-08 07:07:33.000,-1.77631578947368,39.15,"stationary","migration",35.55,42.75,-3.33848531684701,0.0,"solar-geolocator","Apus melba","18DY","F56698","Switzerland Biel - Long term study on migratory movement of Alpine swifts (Apus melba)"
16890709926,true,2017-04-08 21:07:10.000,-1.76470588235295,39.15,"stationary","migration",36.0,46.35,-3.02013422818795,3.28467153284672,"solar-geolocator","Apus melba","18DY","F56698","Switzerland Biel - Long term study on migratory movement of Alpine swifts (Apus melba)"
16890709980,true,2016-10-03 19:53:48.000,7.29281767955801,47.25,"stationary","migration",47.25,47.25,7.29281767955801,7.29281767955801,"solar-geolocator","Apus melba","16RQ","F50113","Switzerland Biel - Long term study on migratory movement of Alpine swifts (Apus melba)"
16890709917,true,2016-10-04 07:22:11.000,-2.2360248447205,36.45,"movement","migration",31.95,46.35,-4.73684210526319,0.613287904599659,"solar-geolocator","Apus melba","16RQ","F50113","Switzerland Biel - Long term study on migratory movement of Alpine swifts (Apus melba)"
16890709912,true,2016-10-04 20:17:48.000,-2.60869565217392,36.45,"stationary","migration",31.95,46.35,-4.73684210526319,-1.65898617511521,"solar-geolocator","Apus melba","16RQ","F50113","Switzerland Biel - Long term study on migratory movement of Alpine swifts (Apus melba)"
16890709908,true,2016-10-05 07:42:11.000,-2.90322580645161,36.45,"stationary","migration",26.55,45.9,-4.73684210526319,-2.12076583210606,"solar-geolocator","Apus melba","16RQ","F50113","Switzerland Biel - Long term study on migratory movement of Alpine swifts (Apus melba)"
16890709888,true,2016-10-05 20:25:48.000,-4.01114206128136,36.45,"movement","migration",23.85,45.9,-5.40983606557377,-2.2360248447205,"solar-geolocator","Apus melba","16RQ","F50113","Switzerland Biel - Long term study on migratory movement of Alpine swifts (Apus melba)"
16890709889,true,2016-10-06 07:48:11.000,-4.01114206128136,36.45,"stationary","migration",23.85,44.55,-5.40983606557377,-2.2360248447205,"solar-geolocator","Apus melba","16RQ","F50113","Switzerland Biel - Long term study on migratory movement of Alpine swifts (Apus melba)"
16890708043,true,2016-10-06 20:49:48.000,-10.2061855670104,13.95,"movement","migration",13.05,32.4,-12.2116689280868,-10.1668806161746,"solar-geolocator","Apus melba","16RQ","F50113","Switzerland Biel - Long term study on migratory movement of Alpine swifts (Apus melba)"
16890708178,true,2016-10-07 08:08:11.000,-10.1668806161746,13.05,"movement","migration",12.6,32.4,-11.9205298013245,-10.1408450704225,"solar-geolocator","Apus melba","16RQ","F50113","Switzerland Biel - Long term study on migratory movement of Alpine swifts (Apus melba)"
16890708179,true,2016-10-07 20:59:48.000,-10.1668806161746,13.05,"stationary","migration",12.6,31.05,-12.2116689280868,-10.1408450704225,"solar-geolocator","Apus melba","16RQ","F50113","Switzerland Biel - Long term study on migratory movement of Alpine swifts (Apus melba)"
16890708044,true,2016-10-08 08:14:11.000,-10.2061855670104,13.95,"stationary","non-breeding site",12.6,32.4,-12.2116689280868,-10.1408450704225,"solar-geolocator","Apus melba","16RQ","F50113","Switzerland Biel - Long term study on migratory movement of Alpine swifts (Apus melba)"
16890708045,true,2016-10-08 20:49:48.000,-10.2061855670104,13.5,"stationary","non-breeding site",12.6,30.15,-11.5508021390374,-10.1408450704225,"solar-geolocator","Apus melba","16RQ","F50113","Switzerland Biel - Long term study on migratory movement of Alpine swifts (Apus melba)"
16890708046,true,2016-10-09 08:06:11.000,-10.2061855670104,13.5,"stationary","non-breeding site",12.6,28.35,-11.2022630834512,-10.1408450704225,"solar-geolocator","Apus melba","16RQ","F50113","Switzerland Biel - Long term study on migratory movement of Alpine swifts (Apus melba)"
16890708047,true,2016-10-09 20:51:48.000,-10.2061855670104,13.5,"stationary","non-breeding site",13.05,28.35,-11.1079943899018,-10.1408450704225,"solar-geolocator","Apus melba","16RQ","F50113","Switzerland Biel - Long term study on migratory movement of Alpine swifts (Apus melba)"
16890708048,true,2016-10-10 08:08:11.000,-10.2061855670104,13.5,"stationary","non-breeding site",13.05,27.0,-11.0991957104558,-10.1408450704225,"solar-geolocator","Apus melba","16RQ","F50113","Switzerland Biel - Long term study on migratory movement of Alpine swifts (Apus melba)"
16890708049,true,2016-10-10 20:47:48.000,-10.2061855670104,13.5,"stationary","non-breeding site",12.6,25.65,-11.0614525139665,-10.1408450704225,"solar-geolocator","Apus melba","16RQ","F50113","Switzerland Biel - Long term study on migratory movement of Alpine swifts (Apus melba)"
16890708050,true,2016-10-11 08:06:11.000,-10.2061855670104,13.5,"stationary","non-breeding site",12.6,25.2,-10.939226519337,-10.1408450704225,"solar-geolocator","Apus melba","16RQ","F50113","Switzerland Biel - Long term study on migratory movement of Alpine swifts (Apus melba)"
16890708100,true,2016-10-11 20:45:48.000,-10.1799485861183,13.5,"stationary","non-breeding site",12.6,21.6,-10.8519003931848,-10.1408450704225,"solar-geolocator","Apus melba","16RQ","F50113","Switzerland Biel - Long term study on migratory movement of Alpine swifts (Apus melba)"
16890708101,true,2016-10-12 08:06:11.000,-10.1799485861183,13.5,"stationary","non-breeding site",12.6,20.7,-10.8196721311476,-10.1408450704225,"solar-geolocator","Apus melba","16RQ","F50113","Switzerland Biel - Long term study on migratory movement of Alpine swifts (Apus melba)"
16890708102,true,2016-10-12 20:53:48.000,-10.1799485861183,13.5,"stationary","non-breeding site",12.6,18.0,-10.8093994778068,-10.1408450704225,"solar-geolocator","Apus melba","16RQ","F50113","Switzerland Biel - Long term study on migratory movement of Alpine swifts (Apus melba)"
16890708103,true,2016-10-13 08:08:11.000,-10.1799485861183,13.5,"stationary","non-breeding site",12.6,17.55,-10.7253886010363,-10.1408450704225,"solar-geolocator","Apus melba","16RQ","F50113","Switzerland Biel - Long term study on migratory movement of Alpine swifts (Apus melba)"
16890708104,true,2016-10-13 20:51:48.000,-10.1799485861183,13.5,"stationary","non-breeding site",12.6,15.3,-10.7115135834411,-10.1408450704225,"solar-geolocator","Apus melba","16RQ","F50113","Switzerland Biel - Long term study on migratory movement of Alpine swifts (Apus melba)"
16890708105,true,2016-10-14 08:06:11.000,-10.1799485861183,13.5,"stationary","non-breeding site",12.6,15.3,-10.6426735218509,-10.1408450704225,"solar-geolocator","Apus melba","16RQ","F50113","Switzerland Biel - Long term study on migratory movement of Alpine swifts (Apus melba)"
16890708106,true,2016-10-14 20:43:48.000,-10.1799485861183,13.5,"stationary","non-breeding site",13.05,15.3,-10.6426735218509,-10.1408450704225,"solar-geolocator","Apus melba","16RQ","F50113","Switzerland Biel - Long term study on migratory movement of Alpine swifts (Apus melba)"
16890708107,true,2016-10-15 08:12:11.000,-10.1799485861183,13.5,"stationary","non-breeding site",13.05,14.85,-10.6426735218509,-10.1408450704225,"solar-geolocator","Apus melba","16RQ","F50113","Switzerland Biel - Long term study on migratory movement of Alpine swifts (Apus melba)"
16890708108,true,2016-10-15 20:45:48.000,-10.1799485861183,13.5,"stationary","non-breeding site",12.6,14.85,-10.6426735218509,-10.1408450704225,"solar-geolocator","Apus melba","16RQ","F50113","Switzerland Biel - Long term study on migratory movement of Alpine swifts (Apus melba)"
16890708109,true,2016-10-16 08:04:11.000,-10.1799485861183,13.5,"stationary","non-breeding site",12.6,14.85,-10.6426735218509,-10.1408450704225,"solar-geolocator","Apus melba","16RQ","F50113","Switzerland Biel - Long term study on migratory movement of Alpine swifts (Apus melba)"
16890708110,true,2016-10-16 20:45:48.000,-10.1799485861183,13.5,"stationary","non-breeding site",12.6,14.85,-10.6426735218509,-10.1408450704225,"solar-geolocator","Apus melba","16RQ","F50113","Switzerland Biel - Long term study on migratory movement of Alpine swifts (Apus melba)"
16890708111,true,2016-10-17 08:06:11.000,-10.1799485861183,13.5,"stationary","non-breeding site",12.6,14.85,-10.6426735218509,-10.1408450704225,"solar-geolocator","Apus melba","16RQ","F50113","Switzerland Biel - Long term study on migratory movement of Alpine swifts (Apus melba)"
16890708112,true,2016-10-17 20:49:48.000,-10.1799485861183,13.5,"stationary","non-breeding site",12.6,14.85,-10.6426735218509,-10.1408450704225,"solar-geolocator","Apus melba","16RQ","F50113","Switzerland Biel - Long term study on migratory movement of Alpine swifts (Apus melba)"
16890708113,true,2016-10-18 08:04:11.000,-10.1799485861183,13.5,"stationary","non-breeding site",12.6,14.85,-10.6426735218509,-10.1408450704225,"solar-geolocator","Apus melba","16RQ","F50113","Switzerland Biel - Long term study on migratory movement of Alpine swifts (Apus melba)"
16890708114,true,2016-10-18 20:45:48.000,-10.1799485861183,13.5,"stationary","non-breeding site",13.05,14.85,-10.6426735218509,-10.1668806161746,"solar-geolocator","Apus melba","16RQ","F50113","Switzerland Biel - Long term study on migratory movement of Alpine swifts (Apus melba)"
16890708115,true,2016-10-19 08:04:11.000,-10.1799485861183,13.5,"stationary","non-breeding site",13.05,14.85,-10.6426735218509,-10.1668806161746,"solar-geolocator","Apus melba","16RQ","F50113","Switzerland Biel - Long term study on migratory movement of Alpine swifts (Apus melba)"
16890708116,true,2016-10-19 20:43:48.000,-10.1799485861183,13.5,"stationary","non-breeding site",13.05,14.85,-10.6426735218509,-10.1668806161746,"solar-geolocator","Apus melba","16RQ","F50113","Switzerland Biel - Long term study on migratory movement of Alpine swifts (Apus melba)"
16890708117,true,2016-10-20 08:04:11.000,-10.1799485861183,13.5,"stationary","non-breeding site",13.05,14.85,-10.6426735218509,-10.1668806161746,"solar-geolocator","Apus melba","16RQ","F50113","Switzerland Biel - Long term study on migratory movement of Alpine swifts (Apus melba)"
16890708118,true,2016-10-20 20:41:48.000,-10.1799485861183,13.5,"stationary","non-breeding site",13.05,14.85,-10.6426735218509,-10.1668806161746,"solar-geolocator","Apus melba","16RQ","F50113","Switzerland Biel - Long term study on migratory movement of Alpine swifts (Apus melba)"
16890708119,true,2016-10-21 08:06:11.000,-10.1799485861183,13.5,"stationary","non-breeding site",13.05,14.4,-10.6426735218509,-10.1668806161746,"solar-geolocator","Apus melba","16RQ","F50113","Switzerland Biel - Long term study on migratory movement of Alpine swifts (Apus melba)"
16890708120,true,2016-10-21 20:47:48.000,-10.1799485861183,13.5,"stationary","non-breeding site",13.05,14.4,-10.6426735218509,-10.1668806161746,"solar-geolocator","Apus melba","16RQ","F50113","Switzerland Biel - Long term study on migratory movement of Alpine swifts (Apus melba)"
16890708121,true,2016-10-22 08:08:11.000,-10.1799485861183,13.5,"stationary","non-breeding site",13.05,14.4,-10.6426735218509,-10.1668806161746,"solar-geolocator","Apus melba","16RQ","F50113","Switzerland Biel - Long term study on migratory movement of Alpine swifts (Apus melba)"
16890708122,true,2016-10-22 20:41:48.000,-10.1799485861183,13.5,"stationary","non-breeding site",13.05,14.4,-10.6426735218509,-10.1668806161746,"solar-geolocator","Apus melba","16RQ","F50113","Switzerland Biel - Long term study on migratory movement of Alpine swifts (Apus melba)"
16890708123,true,2016-10-23 08:08:11.000,-10.1799485861183,13.5,"stationary","non-breeding site",13.05,14.4,-10.6426735218509,-10.1668806161746,"solar-geolocator","Apus melba","16RQ","F50113","Switzerland Biel - Long term study on migratory movement of Alpine swifts (Apus melba)"
16890708124,true,2016-10-23 20:39:48.000,-10.1799485861183,13.5,"stationary","non-breeding site",13.05,14.4,-10.6426735218509,-10.1668806161746,"solar-geolocator","Apus melba","16RQ","F50113","Switzerland Biel - Long term study on migratory movement of Alpine swifts (Apus melba)"
16890708125,true,2016-10-24 08:06:11.000,-10.1799485861183,13.5,"stationary","non-breeding site",13.05,14.4,-10.6426735218509,-10.1668806161746,"solar-geolocator","Apus melba","16RQ","F50113","Switzerland Biel - Long term study on migratory movement of Alpine swifts (Apus melba)"
16890708126,true,2016-10-24 20:37:48.000,-10.1799485861183,13.5,"stationary","non-breeding site",13.05,14.4,-10.6426735218509,-10.1668806161746,"solar-geolocator","Apus melba","16RQ","F50113","Switzerland Biel - Long term study on migratory movement of Alpine swifts (Apus melba)"
16890708127,true,2016-10-25 08:12:11.000,-10.1799485861183,13.5,"stationary","non-breeding site",13.05,14.4,-10.6426735218509,-10.1668806161746,"solar-geolocator","Apus melba","16RQ","F50113","Switzerland Biel - Long term study on migratory movement of Alpine swifts (Apus melba)"
16890708128,true,2016-10-25 20:43:48.000,-10.1799485861183,13.5,"stationary","non-breeding site",13.05,14.4,-10.6426735218509,-10.1668806161746,"solar-geolocator","Apus melba","16RQ","F50113","Switzerland Biel - Long term study on migratory movement of Alpine swifts (Apus melba)"
16890708129,true,2016-10-26 08:04:11.000,-10.1799485861183,13.5,"stationary","non-breeding site",13.05,14.4,-10.6426735218509,-10.1668806161746,"solar-geolocator","Apus melba","16RQ","F50113","Switzerland Biel - Long term study on migratory movement of Alpine swifts (Apus melba)"
16890708130,true,2016-10-26 20:39:48.000,-10.1799485861183,13.5,"stationary","non-breeding site",13.05,14.4,-10.6426735218509,-10.1668806161746,"solar-geolocator","Apus melba","16RQ","F50113","Switzerland Biel - Long term study on migratory movement of Alpine swifts (Apus melba)"
16890708131,true,2016-10-27 08:06:11.000,-10.1799485861183,13.5,"stationary","non-breeding site",13.05,14.4,-10.6426735218509,-10.1668806161746,"solar-geolocator","Apus melba","16RQ","F50113","Switzerland Biel - Long term study on migratory movement of Alpine swifts (Apus melba)"
16890708132,true,2016-10-27 20:39:48.000,-10.1799485861183,13.5,"stationary","non-breeding site",13.05,14.4,-10.6426735218509,-10.1668806161746,"solar-geolocator","Apus melba","16RQ","F50113","Switzerland Biel - Long term study on migratory movement of Alpine swifts (Apus melba)"
16890708133,true,2016-10-28 08:06:11.000,-10.1799485861183,13.5,"stationary","non-breeding site",13.05,14.4,-10.6426735218509,-10.1668806161746,"solar-geolocator","Apus melba","16RQ","F50113","Switzerland Biel - Long term study on migratory movement of Alpine swifts (Apus melba)"
16890708134,true,2016-10-28 20:39:48.000,-10.1799485861183,13.5,"stationary","non-breeding site",13.05,14.4,-10.6426735218509,-10.1668806161746,"solar-geolocator","Apus melba","16RQ","F50113","Switzerland Biel - Long term study on migratory movement of Alpine swifts (Apus melba)"
16890708135,true,2016-10-29 08:04:11.000,-10.1799485861183,13.5,"stationary","non-breeding site",13.05,14.4,-10.6426735218509,-10.1668806161746,"solar-geolocator","Apus melba","16RQ","F50113","Switzerland Biel - Long term study on migratory movement of Alpine swifts (Apus melba)"
16890708136,true,2016-10-29 20:39:48.000,-10.1799485861183,13.5,"stationary","non-breeding site",13.05,14.4,-10.6426735218509,-10.1668806161746,"solar-geolocator","Apus melba","16RQ","F50113","Switzerland Biel - Long term study on migratory movement of Alpine swifts (Apus melba)"
16890708137,true,2016-10-30 07:06:11.000,-10.1799485861183,13.5,"stationary","non-breeding site",13.05,14.4,-10.6426735218509,-10.1668806161746,"solar-geolocator","Apus melba","16RQ","F50113","Switzerland Biel - Long term study on migratory movement of Alpine swifts (Apus melba)"
16890708138,true,2016-10-30 19:37:48.000,-10.1799485861183,13.5,"stationary","non-breeding site",13.05,14.4,-10.6426735218509,-10.1668806161746,"solar-geolocator","Apus melba","16RQ","F50113","Switzerland Biel - Long term study on migratory movement of Alpine swifts (Apus melba)"
16890708139,true,2016-10-31 07:08:11.000,-10.1799485861183,13.5,"stationary","non-breeding site",13.05,14.4,-10.6426735218509,-10.1668806161746,"solar-geolocator","Apus melba","16RQ","F50113","Switzerland Biel - Long term study on migratory movement of Alpine swifts (Apus melba)"
16890708140,true,2016-10-31 19:39:48.000,-10.1799485861183,13.5,"stationary","non-breeding site",13.05,14.4,-10.6426735218509,-10.1668806161746,"solar-geolocator","Apus melba","16RQ","F50113","Switzerland Biel - Long term study on migratory movement of Alpine swifts (Apus melba)"
16890708141,true,2016-11-01 07:08:11.000,-10.1799485861183,13.5,"stationary","non-breeding site",13.05,14.4,-10.6426735218509,-10.1668806161746,"solar-geolocator","Apus melba","16RQ","F50113","Switzerland Biel - Long term study on migratory movement of Alpine swifts (Apus melba)"
16890708142,true,2016-11-01 19:35:48.000,-10.1799485861183,13.5,"stationary","non-breeding site",13.05,14.4,-10.6426735218509,-10.1668806161746,"solar-geolocator","Apus melba","16RQ","F50113","Switzerland Biel - Long term study on migratory movement of Alpine swifts (Apus melba)"
16890708143,true,2016-11-02 07:18:11.000,-10.1799485861183,13.5,"stationary","non-breeding site",13.05,14.4,-10.6426735218509,-10.1668806161746,"solar-geolocator","Apus melba","16RQ","F50113","Switzerland Biel - Long term study on migratory movement of Alpine swifts (Apus melba)"
16890708144,true,2016-11-02 19:33:48.000,-10.1799485861183,13.5,"stationary","non-breeding site",13.05,14.4,-10.6426735218509,-10.1668806161746,"solar-geolocator","Apus melba","16RQ","F50113","Switzerland Biel - Long term study on migratory movement of Alpine swifts (Apus melba)"
16890708145,true,2016-11-03 07:14:11.000,-10.1799485861183,13.5,"stationary","non-breeding site",13.05,14.4,-10.6426735218509,-10.1668806161746,"solar-geolocator","Apus melba","16RQ","F50113","Switzerland Biel - Long term study on migratory movement of Alpine swifts (Apus melba)"
16890708146,true,2016-11-03 19:35:48.000,-10.1799485861183,13.5,"stationary","non-breeding site",13.05,14.4,-10.6426735218509,-10.1668806161746,"solar-geolocator","Apus melba","16RQ","F50113","Switzerland Biel - Long term study on migratory movement of Alpine swifts (Apus melba)"
16890708147,true,2016-11-04 07:18:11.000,-10.1799485861183,13.5,"stationary","non-breeding site",13.05,14.4,-10.6426735218509,-10.1668806161746,"solar-geolocator","Apus melba","16RQ","F50113","Switzerland Biel - Long term study on migratory movement of Alpine swifts (Apus melba)"
16890708148,true,2016-11-04 19:33:48.000,-10.1799485861183,13.5,"stationary","non-breeding site",13.05,14.4,-10.6426735218509,-10.1668806161746,"solar-geolocator","Apus melba","16RQ","F50113","Switzerland Biel - Long term study on migratory movement of Alpine swifts (Apus melba)"
16890708149,true,2016-11-05 07:16:11.000,-10.1799485861183,13.5,"stationary","non-breeding site",13.05,14.4,-10.6426735218509,-10.1668806161746,"solar-geolocator","Apus melba","16RQ","F50113","Switzerland Biel - Long term study on migratory movement of Alpine swifts (Apus melba)"
16890708150,true,2016-11-05 19:39:48.000,-10.1799485861183,13.5,"stationary","non-breeding site",13.05,14.4,-10.6426735218509,-10.1668806161746,"solar-geolocator","Apus melba","16RQ","F50113","Switzerland Biel - Long term study on migratory movement of Alpine swifts (Apus melba)"
16890708151,true,2016-11-06 07:10:11.000,-10.1799485861183,13.5,"stationary","non-breeding site",13.05,14.4,-10.6426735218509,-10.1668806161746,"solar-geolocator","Apus melba","16RQ","F50113","Switzerland Biel - Long term study on migratory movement of Alpine swifts (Apus melba)"
16890708152,true,2016-11-06 19:45:48.000,-10.1799485861183,13.5,"stationary","non-breeding site",13.05,14.4,-10.6426735218509,-10.1668806161746,"solar-geolocator","Apus melba","16RQ","F50113","Switzerland Biel - Long term study on migratory movement of Alpine swifts (Apus melba)"
16890708153,true,2016-11-07 07:08:11.000,-10.1799485861183,13.5,"stationary","non-breeding site",13.05,14.4,-10.6426735218509,-10.1668806161746,"solar-geolocator","Apus melba","16RQ","F50113","Switzerland Biel - Long term study on migratory movement of Alpine swifts (Apus melba)"
16890708154,true,2016-11-07 19:45:48.000,-10.1799485861183,13.5,"stationary","non-breeding site",13.05,14.4,-10.6426735218509,-10.1668806161746,"solar-geolocator","Apus melba","16RQ","F50113","Switzerland Biel - Long term study on migratory movement of Alpine swifts (Apus melba)"
16890708155,true,2016-11-08 07:08:11.000,-10.1799485861183,13.5,"stationary","non-breeding site",13.05,14.4,-10.6426735218509,-10.1668806161746,"solar-geolocator","Apus melba","16RQ","F50113","Switzerland Biel - Long term study on migratory movement of Alpine swifts (Apus melba)"
16890708156,true,2016-11-08 19:45:48.000,-10.1799485861183,13.5,"stationary","non-breeding site",13.05,14.4,-10.6426735218509,-10.1668806161746,"solar-geolocator","Apus melba","16RQ","F50113","Switzerland Biel - Long term study on migratory movement of Alpine swifts (Apus melba)"
16890708157,true,2016-11-09 07:10:11.000,-10.1799485861183,13.5,"stationary","non-breeding site",13.05,14.4,-10.6426735218509,-10.1668806161746,"solar-geolocator","Apus melba","16RQ","F50113","Switzerland Biel - Long term study on migratory movement of Alpine swifts (Apus melba)"
16890708158,true,2016-11-09 19:41:48.000,-10.1799485861183,13.5,"stationary","non-breeding site",13.05,14.4,-10.6426735218509,-10.1668806161746,"solar-geolocator","Apus melba","16RQ","F50113","Switzerland Biel - Long term study on migratory movement of Alpine swifts (Apus melba)"
16890708159,true,2016-11-10 07:08:11.000,-10.1799485861183,13.5,"stationary","non-breeding site",13.05,14.4,-10.6426735218509,-10.1668806161746,"solar-geolocator","Apus melba","16RQ","F50113","Switzerland Biel - Long term study on migratory movement of Alpine swifts (Apus melba)"
16890708160,true,2016-11-10 19:37:48.000,-10.1799485861183,13.5,"stationary","non-breeding site",13.05,14.4,-10.6426735218509,-10.1668806161746,"solar-geolocator","Apus melba","16RQ","F50113","Switzerland Biel - Long term study on migratory movement of Alpine swifts (Apus melba)"
16890708161,true,2016-11-11 07:12:11.000,-10.1799485861183,13.5,"stationary","non-breeding site",13.05,14.4,-10.6426735218509,-10.1668806161746,"solar-geolocator","Apus melba","16RQ","F50113","Switzerland Biel - Long term study on migratory movement of Alpine swifts (Apus melba)"
16890708162,true,2016-11-11 19:37:48.000,-10.1799485861183,13.5,"stationary","non-breeding site",13.05,14.4,-10.6426735218509,-10.1668806161746,"solar-geolocator","Apus melba","16RQ","F50113","Switzerland Biel - Long term study on migratory movement of Alpine swifts (Apus melba)"
16890708163,true,2016-11-12 07:12:11.000,-10.1799485861183,13.5,"stationary","non-breeding site",13.05,14.4,-10.6426735218509,-10.1668806161746,"solar-geolocator","Apus melba","16RQ","F50113","Switzerland Biel - Long term study on migratory movement of Alpine swifts (Apus melba)"
16890708164,true,2016-11-12 19:41:48.000,-10.1799485861183,13.5,"stationary","non-breeding site",13.05,14.4,-10.6426735218509,-10.1668806161746,"solar-geolocator","Apus melba","16RQ","F50113","Switzerland Biel - Long term study on migratory movement of Alpine swifts (Apus melba)"
16890708165,true,2016-11-13 07:10:11.000,-10.1799485861183,13.5,"stationary","non-breeding site",13.05,14.4,-10.6426735218509,-10.1668806161746,"solar-geolocator","Apus melba","16RQ","F50113","Switzerland Biel - Long term study on migratory movement of Alpine swifts (Apus melba)"
16890708166,true,2016-11-13 19:35:48.000,-10.1799485861183,13.5,"stationary","non-breeding site",13.05,14.4,-10.6426735218509,-10.1668806161746,"solar-geolocator","Apus melba","16RQ","F50113","Switzerland Biel - Long term study on migratory movement of Alpine swifts (Apus melba)"
16890708167,true,2016-11-14 07:10:11.000,-10.1799485861183,13.5,"stationary","non-breeding site",13.05,14.4,-10.6426735218509,-10.1668806161746,"solar-geolocator","Apus melba","16RQ","F50113","Switzerland Biel - Long term study on migratory movement of Alpine swifts (Apus melba)"
16890708168,true,2016-11-14 19:31:48.000,-10.1799485861183,13.5,"stationary","non-breeding site",13.05,14.4,-10.6426735218509,-10.1668806161746,"solar-geolocator","Apus melba","16RQ","F50113","Switzerland Biel - Long term study on migratory movement of Alpine swifts (Apus melba)"
16890708169,true,2016-11-15 07:16:11.000,-10.1799485861183,13.5,"stationary","non-breeding site",13.05,14.4,-10.6426735218509,-10.1668806161746,"solar-geolocator","Apus melba","16RQ","F50113","Switzerland Biel - Long term study on migratory movement of Alpine swifts (Apus melba)"
16890708170,true,2016-11-15 19:33:48.000,-10.1799485861183,13.5,"stationary","non-breeding site",13.05,14.4,-10.6426735218509,-10.1668806161746,"solar-geolocator","Apus melba","16RQ","F50113","Switzerland Biel - Long term study on migratory movement of Alpine swifts (Apus melba)"
16890708171,true,2016-11-16 07:14:11.000,-10.1799485861183,13.5,"stationary","non-breeding site",13.05,14.4,-10.6426735218509,-10.1668806161746,"solar-geolocator","Apus melba","16RQ","F50113","Switzerland Biel - Long term study on migratory movement of Alpine swifts (Apus melba)"
16890708172,true,2016-11-16 19:35:48.000,-10.1799485861183,13.5,"stationary","non-breeding site",13.05,14.4,-10.6426735218509,-10.1668806161746,"solar-geolocator","Apus melba","16RQ","F50113","Switzerland Biel - Long term study on migratory movement of Alpine swifts (Apus melba)"
16890708173,true,2016-11-17 07:12:11.000,-10.1799485861183,13.5,"stationary","non-breeding site",13.05,14.4,-10.6426735218509,-10.1668806161746,"solar-geolocator","Apus melba","16RQ","F50113","Switzerland Biel - Long term study on migratory movement of Alpine swifts (Apus melba)"
16890708174,true,2016-11-17 19:33:48.000,-10.1799485861183,13.5,"stationary","non-breeding site",13.05,14.4,-10.6426735218509,-10.1668806161746,"solar-geolocator","Apus melba","16RQ","F50113","Switzerland Biel - Long term study on migratory movement of Alpine swifts (Apus melba)"
16890708175,true,2016-11-18 07:16:11.000,-10.1799485861183,13.5,"stationary","non-breeding site",13.05,14.4,-10.6426735218509,-10.1668806161746,"solar-geolocator","Apus melba","16RQ","F50113","Switzerland Biel - Long term study on migratory movement of Alpine swifts (Apus melba)"
16890708251,true,2016-11-18 19:33:48.000,-10.1668806161746,13.05,"stationary","non-breeding site",9.00000000000001,14.4,-10.6426735218509,-7.74683544303801,"solar-geolocator","Apus melba","16RQ","F50113","Switzerland Biel - Long term study on migratory movement of Alpine swifts (Apus melba)"
16890708252,true,2016-11-19 07:16:11.000,-10.1668806161746,13.05,"stationary","non-breeding site",9.00000000000001,14.4,-10.6426735218509,-7.74683544303801,"solar-geolocator","Apus melba","16RQ","F50113","Switzerland Biel - Long term study on migratory movement of Alpine swifts (Apus melba)"
16890708253,true,2016-11-19 19:37:48.000,-10.1668806161746,13.05,"stationary","non-breeding site",9.00000000000001,14.4,-10.6426735218509,-7.74683544303801,"solar-geolocator","Apus melba","16RQ","F50113","Switzerland Biel - Long term study on migratory movement of Alpine swifts (Apus melba)"
16890708254,true,2016-11-20 07:14:11.000,-10.1668806161746,13.05,"stationary","non-breeding site",9.00000000000001,14.4,-10.6426735218509,-7.74683544303801,"solar-geolocator","Apus melba","16RQ","F50113","Switzerland Biel - Long term study on migratory movement of Alpine swifts (Apus melba)"
16890709149,true,2016-11-20 19:37:48.000,-8.1921618204804,9.90000000000001,"movement","non-breeding site",8.55000000000001,13.95,-10.6426735218509,-7.29113924050634,"solar-geolocator","Apus melba","16RQ","F50113","Switzerland Biel - Long term study on migratory movement of Alpine swifts (Apus melba)"
16890709229,true,2016-11-21 07:02:11.000,-7.75665399239546,9.44999999999999,"movement","migration",8.55000000000001,10.8,-8.21292775665402,-6.89655172413797,"solar-geolocator","Apus melba","16RQ","F50113","Switzerland Biel - Long term study on migratory movement of Alpine swifts (Apus melba)"
16890709230,true,2016-11-21 19:31:48.000,-7.75665399239546,9.44999999999999,"stationary","migration",8.55000000000001,10.8,-8.21292775665402,-7.28192161820483,"solar-geolocator","Apus melba","16RQ","F50113","Switzerland Biel - Long term study on migratory movement of Alpine swifts (Apus melba)"
16890709231,true,2016-11-22 07:00:11.000,-7.75665399239546,9.44999999999999,"stationary","non-breeding site",8.55000000000001,10.8,-8.21292775665402,-7.27272727272731,"solar-geolocator","Apus melba","16RQ","F50113","Switzerland Biel - Long term study on migratory movement of Alpine swifts (Apus melba)"
16890709232,true,2016-11-22 19:29:48.000,-7.75665399239546,9.44999999999999,"stationary","non-breeding site",8.55000000000001,10.8,-8.21292775665402,-6.89655172413797,"solar-geolocator","Apus melba","16RQ","F50113","Switzerland Biel - Long term study on migratory movement of Alpine swifts (Apus melba)"
16890709233,true,2016-11-23 06:56:11.000,-7.75665399239546,9.44999999999999,"stationary","non-breeding site",8.55000000000001,10.8,-8.21292775665402,-6.89655172413797,"solar-geolocator","Apus melba","16RQ","F50113","Switzerland Biel - Long term study on migratory movement of Alpine swifts (Apus melba)"
16890709234,true,2016-11-23 19:27:48.000,-7.75665399239546,9.44999999999999,"stationary","non-breeding site",8.55000000000001,10.8,-8.21292775665402,-6.89655172413797,"solar-geolocator","Apus melba","16RQ","F50113","Switzerland Biel - Long term study on migratory movement of Alpine swifts (Apus melba)"
16890709235,true,2016-11-24 06:56:11.000,-7.75665399239546,9.44999999999999,"stationary","non-breeding site",8.55000000000001,10.8,-8.21292775665402,-6.89655172413797,"solar-geolocator","Apus melba","16RQ","F50113","Switzerland Biel - Long term study on migratory movement of Alpine swifts (Apus melba)"
16890709236,true,2016-11-24 19:25:48.000,-7.75665399239546,9.44999999999999,"stationary","non-breeding site",8.55000000000001,10.8,-8.21292775665402,-6.87022900763359,"solar-geolocator","Apus melba","16RQ","F50113","Switzerland Biel - Long term study on migratory movement of Alpine swifts (Apus melba)"
16890709237,true,2016-11-25 07:00:11.000,-7.75665399239546,9.44999999999999,"stationary","non-breeding site",8.55000000000001,10.8,-8.21292775665402,-6.87022900763359,"solar-geolocator","Apus melba","16RQ","F50113","Switzerland Biel - Long term study on migratory movement of Alpine swifts (Apus melba)"
16890709238,true,2016-11-25 19:29:48.000,-7.75665399239546,9.44999999999999,"stationary","non-breeding site",8.55000000000001,10.8,-8.21292775665402,-6.87022900763359,"solar-geolocator","Apus melba","16RQ","F50113","Switzerland Biel - Long term study on migratory movement of Alpine swifts (Apus melba)"
16890709239,true,2016-11-26 07:00:11.000,-7.75665399239546,9.44999999999999,"stationary","non-breeding site",8.55000000000001,10.8,-8.21292775665402,-6.87022900763359,"solar-geolocator","Apus melba","16RQ","F50113","Switzerland Biel - Long term study on migratory movement of Alpine swifts (Apus melba)"
16890709240,true,2016-11-26 19:29:48.000,-7.75665399239546,9.44999999999999,"stationary","non-breeding site",8.55000000000001,10.8,-8.21292775665402,-6.87022900763359,"solar-geolocator","Apus melba","16RQ","F50113","Switzerland Biel - Long term study on migratory movement of Alpine swifts (Apus melba)"
16890709241,true,2016-11-27 07:02:11.000,-7.75665399239546,9.44999999999999,"stationary","non-breeding site",8.55000000000001,10.8,-8.21292775665402,-6.87022900763359,"solar-geolocator","Apus melba","16RQ","F50113","Switzerland Biel - Long term study on migratory movement of Alpine swifts (Apus melba)"
16890709242,true,2016-11-27 19:37:48.000,-7.75665399239546,9.44999999999999,"stationary","non-breeding site",8.55000000000001,10.8,-8.21292775665402,-6.87022900763359,"solar-geolocator","Apus melba","16RQ","F50113","Switzerland Biel - Long term study on migratory movement of Alpine swifts (Apus melba)"
16890709243,true,2016-11-28 07:02:11.000,-7.75665399239546,9.44999999999999,"stationary","non-breeding site",8.55000000000001,10.8,-8.21292775665402,-6.87022900763359,"solar-geolocator","Apus melba","16RQ","F50113","Switzerland Biel - Long term study on migratory movement of Alpine swifts (Apus melba)"
16890709244,true,2016-11-28 19:31:48.000,-7.75665399239546,9.44999999999999,"stationary","non-breeding site",8.55000000000001,10.8,-8.21292775665402,-6.87022900763359,"solar-geolocator","Apus melba","16RQ","F50113","Switzerland Biel - Long term study on migratory movement of Alpine swifts (Apus melba)"
16890709245,true,2016-11-29 07:00:11.000,-7.75665399239546,9.44999999999999,"stationary","non-breeding site",8.55000000000001,10.8,-8.21292775665402,-6.87022900763359,"solar-geolocator","Apus melba","16RQ","F50113","Switzerland Biel - Long term study on migratory movement of Alpine swifts (Apus melba)"
16890709246,true,2016-11-29 19:27:48.000,-7.75665399239546,9.44999999999999,"stationary","non-breeding site",8.55000000000001,10.8,-8.21292775665402,-6.87022900763359,"solar-geolocator","Apus melba","16RQ","F50113","Switzerland Biel - Long term study on migratory movement of Alpine swifts (Apus melba)"
16890709247,true,2016-11-30 07:06:11.000,-7.75665399239546,9.44999999999999,"stationary","non-breeding site",8.55000000000001,10.8,-8.21292775665402,-6.87022900763359,"solar-geolocator","Apus melba","16RQ","F50113","Switzerland Biel - Long term study on migratory movement of Alpine swifts (Apus melba)"
16890709248,true,2016-11-30 19:31:48.000,-7.75665399239546,9.44999999999999,"stationary","non-breeding site",8.55000000000001,10.8,-8.21292775665402,-6.87022900763359,"solar-geolocator","Apus melba","16RQ","F50113","Switzerland Biel - Long term study on migratory movement of Alpine swifts (Apus melba)"
16890709249,true,2016-12-01 07:02:11.000,-7.75665399239546,9.44999999999999,"stationary","non-breeding site",8.55000000000001,10.8,-8.22335025380712,-6.87022900763359,"solar-geolocator","Apus melba","16RQ","F50113","Switzerland Biel - Long term study on migratory movement of Alpine swifts (Apus melba)"
16890709250,true,2016-12-01 19:29:48.000,-7.75665399239546,9.44999999999999,"stationary","non-breeding site",8.55000000000001,10.8,-8.22335025380712,-6.87022900763359,"solar-geolocator","Apus melba","16RQ","F50113","Switzerland Biel - Long term study on migratory movement of Alpine swifts (Apus melba)"
16890709251,true,2016-12-02 07:00:11.000,-7.75665399239546,9.44999999999999,"stationary","non-breeding site",8.55000000000001,10.8,-8.2337992376112,-6.87022900763359,"solar-geolocator","Apus melba","16RQ","F50113","Switzerland Biel - Long term study on migratory movement of Alpine swifts (Apus melba)"
16890709252,true,2016-12-02 19:39:48.000,-7.75665399239546,9.44999999999999,"stationary","non-breeding site",8.55000000000001,10.8,-8.66920152091257,-7.28192161820483,"solar-geolocator","Apus melba","16RQ","F50113","Switzerland Biel - Long term study on migratory movement of Alpine swifts (Apus melba)"
16890709253,true,2016-12-03 07:04:11.000,-7.75665399239546,9.44999999999999,"stationary","non-breeding site",8.55000000000001,10.8,-8.66920152091257,-7.28192161820483,"solar-geolocator","Apus melba","16RQ","F50113","Switzerland Biel - Long term study on migratory movement of Alpine swifts (Apus melba)"
16890709254,true,2016-12-03 19:39:48.000,-7.75665399239546,9.44999999999999,"stationary","non-breeding site",8.55000000000001,10.8,-8.66920152091257,-7.28192161820483,"solar-geolocator","Apus melba","16RQ","F50113","Switzerland Biel - Long term study on migratory movement of Alpine swifts (Apus melba)"
16890709255,true,2016-12-04 07:08:11.000,-7.75665399239546,9.44999999999999,"stationary","non-breeding site",8.55000000000001,10.8,-8.66920152091257,-7.28192161820483,"solar-geolocator","Apus melba","16RQ","F50113","Switzerland Biel - Long term study on migratory movement of Alpine swifts (Apus melba)"
16890709226,true,2016-12-04 19:41:48.000,-7.76649746192896,9.44999999999999,"stationary","non-breeding site",8.55000000000001,10.8,-8.66920152091257,-7.28192161820483,"solar-geolocator","Apus melba","16RQ","F50113","Switzerland Biel - Long term study on migratory movement of Alpine swifts (Apus melba)"
16890709224,true,2016-12-05 07:06:11.000,-7.77636594663281,9.44999999999999,"stationary","non-breeding site",8.55000000000001,10.8,-8.66920152091257,-7.28192161820483,"solar-geolocator","Apus melba","16RQ","F50113","Switzerland Biel - Long term study on migratory movement of Alpine swifts (Apus melba)"
16890709164,true,2016-12-05 19:39:48.000,-8.1921618204804,9.44999999999999,"stationary","non-breeding site",8.55000000000001,10.35,-8.66920152091257,-7.28192161820483,"solar-geolocator","Apus melba","16RQ","F50113","Switzerland Biel - Long term study on migratory movement of Alpine swifts (Apus melba)"
16890709165,true,2016-12-06 07:04:11.000,-8.1921618204804,9.44999999999999,"stationary","non-breeding site",8.55000000000001,10.35,-8.66920152091257,-7.28192161820483,"solar-geolocator","Apus melba","16RQ","F50113","Switzerland Biel - Long term study on migratory movement of Alpine swifts (Apus melba)"
16890709167,true,2016-12-06 19:35:48.000,-8.1921618204804,9.44999999999999,"stationary","non-breeding site",8.55000000000001,10.35,-8.66920152091257,-7.28192161820483,"solar-geolocator","Apus melba","16RQ","F50113","Switzerland Biel - Long term study on migratory movement of Alpine swifts (Apus melba)"
16890709169,true,2016-12-07 07:04:11.000,-8.1921618204804,9.44999999999999,"stationary","non-breeding site",8.55000000000001,10.35,-8.66920152091257,-7.28192161820483,"solar-geolocator","Apus melba","16RQ","F50113","Switzerland Biel - Long term study on migratory movement of Alpine swifts (Apus melba)"
16890709171,true,2016-12-07 19:37:48.000,-8.1921618204804,9.44999999999999,"stationary","non-breeding site",8.55000000000001,10.35,-8.66920152091257,-7.28192161820483,"solar-geolocator","Apus melba","16RQ","F50113","Switzerland Biel - Long term study on migratory movement of Alpine swifts (Apus melba)"
16890709173,true,2016-12-08 07:02:11.000,-8.1921618204804,9.44999999999999,"stationary","non-breeding site",8.55000000000001,10.35,-8.66920152091257,-7.28192161820483,"solar-geolocator","Apus melba","16RQ","F50113","Switzerland Biel - Long term study on migratory movement of Alpine swifts (Apus melba)"
16890709175,true,2016-12-08 19:29:48.000,-8.1921618204804,9.44999999999999,"stationary","non-breeding site",8.55000000000001,10.35,-8.66920152091257,-7.28192161820483,"solar-geolocator","Apus melba","16RQ","F50113","Switzerland Biel - Long term study on migratory movement of Alpine swifts (Apus melba)"
16890709177,true,2016-12-09 07:04:11.000,-8.1921618204804,9.44999999999999,"stationary","non-breeding site",8.55000000000001,10.35,-8.66920152091257,-7.28192161820483,"solar-geolocator","Apus melba","16RQ","F50113","Switzerland Biel - Long term study on migratory movement of Alpine swifts (Apus melba)"
16890709221,true,2016-12-09 19:41:48.000,-7.78625954198477,9.44999999999999,"stationary","non-breeding site",8.55000000000001,10.35,-8.66920152091257,-7.28192161820483,"solar-geolocator","Apus melba","16RQ","F50113","Switzerland Biel - Long term study on migratory movement of Alpine swifts (Apus melba)"
16890709178,true,2016-12-10 07:10:11.000,-8.1921618204804,9.44999999999999,"stationary","non-breeding site",8.10000000000001,10.35,-8.66920152091257,-7.28192161820483,"solar-geolocator","Apus melba","16RQ","F50113","Switzerland Biel - Long term study on migratory movement of Alpine swifts (Apus melba)"
16890709203,true,2016-12-10 19:43:48.000,-8.18181818181819,9.44999999999999,"stationary","non-breeding site",8.10000000000001,10.35,-8.66920152091257,-7.29113924050634,"solar-geolocator","Apus melba","16RQ","F50113","Switzerland Biel - Long term study on migratory movement of Alpine swifts (Apus melba)"
16890708883,true,2016-12-11 07:06:11.000,-8.20253164556962,9.44999999999999,"stationary","non-breeding site",8.10000000000001,10.35,-8.66920152091257,-7.29113924050634,"solar-geolocator","Apus melba","16RQ","F50113","Switzerland Biel - Long term study on migratory movement of Alpine swifts (Apus melba)"
16890708886,true,2016-12-11 19:43:48.000,-8.20253164556962,9.44999999999999,"stationary","non-breeding site",8.10000000000001,10.35,-8.66920152091257,-7.29113924050634,"solar-geolocator","Apus melba","16RQ","F50113","Switzerland Biel - Long term study on migratory movement of Alpine swifts (Apus melba)"
16890708887,true,2016-12-12 07:10:11.000,-8.20253164556962,9.44999999999999,"stationary","non-breeding site",8.10000000000001,10.35,-8.66920152091257,-7.29113924050634,"solar-geolocator","Apus melba","16RQ","F50113","Switzerland Biel - Long term study on migratory movement of Alpine swifts (Apus melba)"
16890708742,true,2016-12-12 19:39:48.000,-8.21292775665402,9.44999999999999,"stationary","non-breeding site",8.10000000000001,10.35,-8.66920152091257,-7.29113924050634,"solar-geolocator","Apus melba","16RQ","F50113","Switzerland Biel - Long term study on migratory movement of Alpine swifts (Apus melba)"
16890708700,true,2016-12-13 07:08:11.000,-8.22335025380712,9.44999999999999,"stationary","non-breeding site",8.10000000000001,10.35,-8.68020304568533,-7.29113924050634,"solar-geolocator","Apus melba","16RQ","F50113","Switzerland Biel - Long term study on migratory movement of Alpine swifts (Apus melba)"
16890708672,true,2016-12-13 19:37:48.000,-8.63636363636363,9.44999999999999,"stationary","non-breeding site",8.10000000000001,10.35,-8.68020304568533,-7.29113924050634,"solar-geolocator","Apus melba","16RQ","F50113","Switzerland Biel - Long term study on migratory movement of Alpine swifts (Apus melba)"
16890708610,true,2016-12-14 07:08:11.000,-8.64728192161823,9.00000000000001,"stationary","non-breeding site",8.10000000000001,10.35,-8.68020304568533,-7.29113924050634,"solar-geolocator","Apus melba","16RQ","F50113","Switzerland Biel - Long term study on migratory movement of Alpine swifts (Apus melba)"
16890708611,true,2016-12-14 19:43:48.000,-8.64728192161823,9.00000000000001,"stationary","non-breeding site",8.10000000000001,9.90000000000001,-8.68020304568533,-7.29113924050634,"solar-geolocator","Apus melba","16RQ","F50113","Switzerland Biel - Long term study on migratory movement of Alpine swifts (Apus melba)"
16890708613,true,2016-12-15 07:14:11.000,-8.64728192161823,9.00000000000001,"stationary","non-breeding site",8.10000000000001,9.90000000000001,-8.68020304568533,-7.74683544303801,"solar-geolocator","Apus melba","16RQ","F50113","Switzerland Biel - Long term study on migratory movement of Alpine swifts (Apus melba)"
16890708615,true,2016-12-15 19:47:48.000,-8.64728192161823,9.00000000000001,"stationary","non-breeding site",8.10000000000001,9.90000000000001,-8.68020304568533,-7.74683544303801,"solar-geolocator","Apus melba","16RQ","F50113","Switzerland Biel - Long term study on migratory movement of Alpine swifts (Apus melba)"
16890708602,true,2016-12-16 07:14:11.000,-8.65822784810129,9.00000000000001,"stationary","non-breeding site",8.10000000000001,9.90000000000001,-8.68020304568533,-7.74683544303801,"solar-geolocator","Apus melba","16RQ","F50113","Switzerland Biel - Long term study on migratory movement of Alpine swifts (Apus melba)"
16890708603,true,2016-12-16 19:45:48.000,-8.65822784810129,9.00000000000001,"stationary","non-breeding site",8.10000000000001,9.90000000000001,-9.07944514501897,-7.74683544303801,"solar-geolocator","Apus melba","16RQ","F50113","Switzerland Biel - Long term study on migratory movement of Alpine swifts (Apus melba)"
16890708604,true,2016-12-17 07:14:11.000,-8.65822784810129,9.00000000000001,"stationary","non-breeding site",8.10000000000001,9.90000000000001,-9.09090909090912,-7.75665399239546,"solar-geolocator","Apus melba","16RQ","F50113","Switzerland Biel - Long term study on migratory movement of Alpine swifts (Apus melba)"
16890708605,true,2016-12-17 19:47:48.000,-8.65822784810129,9.00000000000001,"stationary","non-breeding site",8.10000000000001,9.90000000000001,-8.68020304568533,-7.75665399239546,"solar-geolocator","Apus melba","16RQ","F50113","Switzerland Biel - Long term study on migratory movement of Alpine swifts (Apus melba)"
16890708606,true,2016-12-18 07:14:11.000,-8.65822784810129,9.00000000000001,"stationary","non-breeding site",8.10000000000001,9.90000000000001,-8.68020304568533,-7.76649746192896,"solar-geolocator","Apus melba","16RQ","F50113","Switzerland Biel - Long term study on migratory movement of Alpine swifts (Apus melba)"
16890708607,true,2016-12-18 19:43:48.000,-8.65822784810129,9.00000000000001,"stationary","non-breeding site",8.10000000000001,9.90000000000001,-8.68020304568533,-7.76649746192896,"solar-geolocator","Apus melba","16RQ","F50113","Switzerland Biel - Long term study on migratory movement of Alpine swifts (Apus melba)"
16890708608,true,2016-12-19 07:08:11.000,-8.65822784810129,9.00000000000001,"stationary","non-breeding site",8.10000000000001,9.90000000000001,-8.66920152091257,-7.76649746192896,"solar-geolocator","Apus melba","16RQ","F50113","Switzerland Biel - Long term study on migratory movement of Alpine swifts (Apus melba)"
16890708609,true,2016-12-19 19:47:48.000,-8.65822784810129,9.00000000000001,"stationary","non-breeding site",8.10000000000001,9.45,-8.66920152091257,-8.1921618204804,"solar-geolocator","Apus melba","16RQ","F50113","Switzerland Biel - Long term study on migratory movement of Alpine swifts (Apus melba)"
16890708624,true,2016-12-20 07:10:11.000,-8.64728192161823,9.00000000000001,"stationary","non-breeding site",8.10000000000001,9.45,-8.66920152091257,-8.1921618204804,"solar-geolocator","Apus melba","16RQ","F50113","Switzerland Biel - Long term study on migratory movement of Alpine swifts (Apus melba)"
16890708627,true,2016-12-20 19:51:48.000,-8.64728192161823,9.00000000000001,"stationary","non-breeding site",8.10000000000001,9.45,-8.66920152091257,-8.1921618204804,"solar-geolocator","Apus melba","16RQ","F50113","Switzerland Biel - Long term study on migratory movement of Alpine swifts (Apus melba)"
16890708629,true,2016-12-21 07:18:11.000,-8.64728192161823,9.00000000000001,"stationary","non-breeding site",8.10000000000001,9.45,-8.66920152091257,-8.1921618204804,"solar-geolocator","Apus melba","16RQ","F50113","Switzerland Biel - Long term study on migratory movement of Alpine swifts (Apus melba)"
16890708631,true,2016-12-21 19:51:48.000,-8.64728192161823,9.00000000000001,"stationary","non-breeding site",8.10000000000001,9.45,-8.66920152091257,-8.1921618204804,"solar-geolocator","Apus melba","16RQ","F50113","Switzerland Biel - Long term study on migratory movement of Alpine swifts (Apus melba)"
16890708633,true,2016-12-22 07:20:11.000,-8.64728192161823,9.00000000000001,"stationary","non-breeding site",8.10000000000001,9.45,-8.66920152091257,-8.1921618204804,"solar-geolocator","Apus melba","16RQ","F50113","Switzerland Biel - Long term study on migratory movement of Alpine swifts (Apus melba)"
16890708675,true,2016-12-22 19:49:48.000,-8.63636363636363,9.00000000000001,"stationary","non-breeding site",8.10000000000001,9.45,-8.66920152091257,-8.1921618204804,"solar-geolocator","Apus melba","16RQ","F50113","Switzerland Biel - Long term study on migratory movement of Alpine swifts (Apus melba)"
16890708676,true,2016-12-23 07:20:11.000,-8.63636363636363,9.00000000000001,"stationary","non-breeding site",8.10000000000001,9.45,-8.66920152091257,-8.1921618204804,"solar-geolocator","Apus melba","16RQ","F50113","Switzerland Biel - Long term study on migratory movement of Alpine swifts (Apus melba)"
16890708677,true,2016-12-23 19:51:48.000,-8.63636363636363,9.00000000000001,"stationary","non-breeding site",8.10000000000001,9.45,-8.66920152091257,-8.1921618204804,"solar-geolocator","Apus melba","16RQ","F50113","Switzerland Biel - Long term study on migratory movement of Alpine swifts (Apus melba)"
16890708683,true,2016-12-24 07:20:11.000,-8.62547288776797,9.00000000000001,"stationary","non-breeding site",8.10000000000001,9.45,-8.66920152091257,-8.1921618204804,"solar-geolocator","Apus melba","16RQ","F50113","Switzerland Biel - Long term study on migratory movement of Alpine swifts (Apus melba)"
16890708684,true,2016-12-24 19:53:48.000,-8.62547288776797,9.00000000000001,"stationary","non-breeding site",8.10000000000001,9.45,-8.66920152091257,-8.18181818181819,"solar-geolocator","Apus melba","16RQ","F50113","Switzerland Biel - Long term study on migratory movement of Alpine swifts (Apus melba)"
16890708768,true,2016-12-25 07:18:11.000,-8.21292775665402,9.00000000000001,"stationary","non-breeding site",8.10000000000001,9.45,-8.66920152091257,-8.1921618204804,"solar-geolocator","Apus melba","16RQ","F50113","Switzerland Biel - Long term study on migratory movement of Alpine swifts (Apus melba)"
16890708701,true,2016-12-25 19:53:48.000,-8.22335025380712,9.00000000000001,"stationary","non-breeding site",8.10000000000001,9.45,-8.66920152091257,-8.1921618204804,"solar-geolocator","Apus melba","16RQ","F50113","Switzerland Biel - Long term study on migratory movement of Alpine swifts (Apus melba)"
16890708772,true,2016-12-26 07:20:11.000,-8.21292775665402,9.00000000000001,"stationary","non-breeding site",8.10000000000001,9.45,-8.66920152091257,-8.1921618204804,"solar-geolocator","Apus melba","16RQ","F50113","Switzerland Biel - Long term study on migratory movement of Alpine swifts (Apus melba)"
16890708685,true,2016-12-26 19:51:48.000,-8.62547288776797,9.00000000000001,"stationary","non-breeding site",8.10000000000001,9.45,-8.66920152091257,-8.1921618204804,"solar-geolocator","Apus melba","16RQ","F50113","Switzerland Biel - Long term study on migratory movement of Alpine swifts (Apus melba)"
16890708890,true,2016-12-27 07:22:11.000,-8.20253164556962,9.00000000000001,"stationary","non-breeding site",8.10000000000001,9.45,-8.66920152091257,-8.18181818181819,"solar-geolocator","Apus melba","16RQ","F50113","Switzerland Biel - Long term study on migratory movement of Alpine swifts (Apus melba)"
16890708776,true,2016-12-27 19:53:48.000,-8.21292775665402,9.00000000000001,"stationary","non-breeding site",8.10000000000001,9.45,-8.66920152091257,-8.18181818181819,"solar-geolocator","Apus melba","16RQ","F50113","Switzerland Biel - Long term study on migratory movement of Alpine swifts (Apus melba)"
16890708891,true,2016-12-28 07:16:11.000,-8.20253164556962,9.00000000000001,"stationary","non-breeding site",7.65000000000001,9.45,-8.66920152091257,-8.18181818181819,"solar-geolocator","Apus melba","16RQ","F50113","Switzerland Biel - Long term study on migratory movement of Alpine swifts (Apus melba)"
16890708892,true,2016-12-28 19:55:48.000,-8.20253164556962,9.00000000000001,"stationary","non-breeding site",8.10000000000001,9.45,-8.66920152091257,-8.18181818181819,"solar-geolocator","Apus melba","16RQ","F50113","Switzerland Biel - Long term study on migratory movement of Alpine swifts (Apus melba)"
16890708893,true,2016-12-29 07:22:11.000,-8.20253164556962,9.00000000000001,"stationary","non-breeding site",8.10000000000001,9.45,-8.66920152091257,-8.18181818181819,"solar-geolocator","Apus melba","16RQ","F50113","Switzerland Biel - Long term study on migratory movement of Alpine swifts (Apus melba)"
16890708894,true,2016-12-29 19:57:48.000,-8.20253164556962,9.00000000000001,"stationary","non-breeding site",8.10000000000001,9.45,-8.66920152091257,-8.18181818181819,"solar-geolocator","Apus melba","16RQ","F50113","Switzerland Biel - Long term study on migratory movement of Alpine swifts (Apus melba)"
16890708895,true,2016-12-30 07:22:11.000,-8.20253164556962,9.00000000000001,"stationary","non-breeding site",8.10000000000001,9.45,-8.66920152091257,-8.1921618204804,"solar-geolocator","Apus melba","16RQ","F50113","Switzerland Biel - Long term study on migratory movement of Alpine swifts (Apus melba)"
16890708896,true,2016-12-30 19:57:48.000,-8.20253164556962,9.00000000000001,"stationary","non-breeding site",8.10000000000001,9.45,-8.66920152091257,-8.1921618204804,"solar-geolocator","Apus melba","16RQ","F50113","Switzerland Biel - Long term study on migratory movement of Alpine swifts (Apus melba)"
16890708897,true,2016-12-31 07:18:11.000,-8.20253164556962,9.00000000000001,"stationary","non-breeding site",8.10000000000001,9.45,-8.66920152091257,-8.1921618204804,"solar-geolocator","Apus melba","16RQ","F50113","Switzerland Biel - Long term study on migratory movement of Alpine swifts (Apus melba)"
16890708898,true,2016-12-31 19:57:48.000,-8.20253164556962,9.00000000000001,"stationary","non-breeding site",8.10000000000001,9.45,-8.66920152091257,-8.1921618204804,"solar-geolocator","Apus melba","16RQ","F50113","Switzerland Biel - Long term study on migratory movement of Alpine swifts (Apus melba)"
16890708899,true,2017-01-01 07:16:11.000,-8.20253164556962,9.00000000000001,"stationary","non-breeding site",8.10000000000001,9.45,-8.66920152091257,-8.1921618204804,"solar-geolocator","Apus melba","16RQ","F50113","Switzerland Biel - Long term study on migratory movement of Alpine swifts (Apus melba)"
16890708900,true,2017-01-01 19:57:48.000,-8.20253164556962,9.00000000000001,"stationary","non-breeding site",8.10000000000001,9.45,-8.66920152091257,-8.1921618204804,"solar-geolocator","Apus melba","16RQ","F50113","Switzerland Biel - Long term study on migratory movement of Alpine swifts (Apus melba)"
16890708901,true,2017-01-02 07:16:11.000,-8.20253164556962,9.00000000000001,"stationary","non-breeding site",8.10000000000001,9.45,-8.66920152091257,-8.18181818181819,"solar-geolocator","Apus melba","16RQ","F50113","Switzerland Biel - Long term study on migratory movement of Alpine swifts (Apus melba)"
16890708902,true,2017-01-02 19:57:48.000,-8.20253164556962,9.00000000000001,"stationary","non-breeding site",8.10000000000001,9.45,-8.66920152091257,-8.18181818181819,"solar-geolocator","Apus melba","16RQ","F50113","Switzerland Biel - Long term study on migratory movement of Alpine swifts (Apus melba)"
16890708903,true,2017-01-03 07:24:11.000,-8.20253164556962,9.00000000000001,"stationary","non-breeding site",8.10000000000001,9.45,-8.66920152091257,-8.18181818181819,"solar-geolocator","Apus melba","16RQ","F50113","Switzerland Biel - Long term study on migratory movement of Alpine swifts (Apus melba)"
16890708904,true,2017-01-03 20:01:48.000,-8.20253164556962,9.00000000000001,"stationary","non-breeding site",8.10000000000001,9.45,-8.66920152091257,-8.18181818181819,"solar-geolocator","Apus melba","16RQ","F50113","Switzerland Biel - Long term study on migratory movement of Alpine swifts (Apus melba)"
16890708905,true,2017-01-04 07:24:11.000,-8.20253164556962,9.00000000000001,"stationary","non-breeding site",8.10000000000001,9.45,-8.66920152091257,-8.18181818181819,"solar-geolocator","Apus melba","16RQ","F50113","Switzerland Biel - Long term study on migratory movement of Alpine swifts (Apus melba)"
16890708906,true,2017-01-04 19:57:48.000,-8.20253164556962,9.00000000000001,"stationary","non-breeding site",8.10000000000001,9.45,-8.66920152091257,-8.18181818181819,"solar-geolocator","Apus melba","16RQ","F50113","Switzerland Biel - Long term study on migratory movement of Alpine swifts (Apus melba)"
16890708907,true,2017-01-05 07:24:11.000,-8.20253164556962,9.00000000000001,"stationary","non-breeding site",8.10000000000001,9.45,-8.66920152091257,-8.18181818181819,"solar-geolocator","Apus melba","16RQ","F50113","Switzerland Biel - Long term study on migratory movement of Alpine swifts (Apus melba)"
16890708908,true,2017-01-05 19:59:48.000,-8.20253164556962,9.00000000000001,"stationary","non-breeding site",8.10000000000001,9.45,-8.66920152091257,-8.18181818181819,"solar-geolocator","Apus melba","16RQ","F50113","Switzerland Biel - Long term study on migratory movement of Alpine swifts (Apus melba)"
16890708909,true,2017-01-06 07:22:11.000,-8.20253164556962,9.00000000000001,"stationary","non-breeding site",8.10000000000001,9.45,-8.66920152091257,-8.18181818181819,"solar-geolocator","Apus melba","16RQ","F50113","Switzerland Biel - Long term study on migratory movement of Alpine swifts (Apus melba)"
16890708910,true,2017-01-06 19:53:48.000,-8.20253164556962,9.00000000000001,"stationary","non-breeding site",8.10000000000001,9.45,-8.66920152091257,-8.18181818181819,"solar-geolocator","Apus melba","16RQ","F50113","Switzerland Biel - Long term study on migratory movement of Alpine swifts (Apus melba)"
16890708911,true,2017-01-07 07:12:11.000,-8.20253164556962,9.00000000000001,"stationary","non-breeding site",8.10000000000001,9.45,-8.66920152091257,-8.18181818181819,"solar-geolocator","Apus melba","16RQ","F50113","Switzerland Biel - Long term study on migratory movement of Alpine swifts (Apus melba)"
16890708912,true,2017-01-07 19:57:48.000,-8.20253164556962,8.55000000000001,"stationary","non-breeding site",8.10000000000001,9.45,-8.66920152091257,-8.18181818181819,"solar-geolocator","Apus melba","16RQ","F50113","Switzerland Biel - Long term study on migratory movement of Alpine swifts (Apus melba)"
16890708679,true,2017-01-08 07:20:11.000,-8.63636363636363,9.00000000000001,"stationary","non-breeding site",8.10000000000001,9.45,-8.66920152091257,-8.1921618204804,"solar-geolocator","Apus melba","16RQ","F50113","Switzerland Biel - Long term study on migratory movement of Alpine swifts (Apus melba)"
16890708680,true,2017-01-08 19:53:48.000,-8.63636363636363,9.00000000000001,"stationary","non-breeding site",8.10000000000001,9.45,-8.66920152091257,-8.1921618204804,"solar-geolocator","Apus melba","16RQ","F50113","Switzerland Biel - Long term study on migratory movement of Alpine swifts (Apus melba)"
16890708665,true,2017-01-09 07:18:11.000,-8.64728192161823,9.00000000000001,"stationary","non-breeding site",8.10000000000001,9.45,-8.66920152091257,-8.1921618204804,"solar-geolocator","Apus melba","16RQ","F50113","Switzerland Biel - Long term study on migratory movement of Alpine swifts (Apus melba)"
16890708666,true,2017-01-09 19:55:48.000,-8.64728192161823,9.00000000000001,"stationary","non-breeding site",8.10000000000001,9.45,-8.66920152091257,-8.1921618204804,"solar-geolocator","Apus melba","16RQ","F50113","Switzerland Biel - Long term study on migratory movement of Alpine swifts (Apus melba)"
16890708667,true,2017-01-10 07:26:11.000,-8.64728192161823,9.00000000000001,"stationary","non-breeding site",8.10000000000001,9.45,-8.66920152091257,-8.1921618204804,"solar-geolocator","Apus melba","16RQ","F50113","Switzerland Biel - Long term study on migratory movement of Alpine swifts (Apus melba)"
16890708668,true,2017-01-10 20:07:48.000,-8.64728192161823,9.00000000000001,"stationary","non-breeding site",8.10000000000001,9.45,-8.66920152091257,-8.1921618204804,"solar-geolocator","Apus melba","16RQ","F50113","Switzerland Biel - Long term study on migratory movement of Alpine swifts (Apus melba)"
16890708669,true,2017-01-11 07:26:11.000,-8.64728192161823,9.00000000000001,"stationary","non-breeding site",8.10000000000001,9.45,-8.66920152091257,-8.1921618204804,"solar-geolocator","Apus melba","16RQ","F50113","Switzerland Biel - Long term study on migratory movement of Alpine swifts (Apus melba)"
16890708681,true,2017-01-11 20:01:48.000,-8.63636363636363,9.00000000000001,"stationary","non-breeding site",8.10000000000001,9.45,-8.66920152091257,-8.1921618204804,"solar-geolocator","Apus melba","16RQ","F50113","Switzerland Biel - Long term study on migratory movement of Alpine swifts (Apus melba)"
16890708682,true,2017-01-12 07:24:11.000,-8.63636363636363,9.00000000000001,"stationary","non-breeding site",8.10000000000001,9.45,-8.66920152091257,-8.1921618204804,"solar-geolocator","Apus melba","16RQ","F50113","Switzerland Biel - Long term study on migratory movement of Alpine swifts (Apus melba)"
16890708686,true,2017-01-12 19:57:48.000,-8.62547288776797,9.00000000000001,"stationary","non-breeding site",8.10000000000001,9.45,-8.66920152091257,-8.1921618204804,"solar-geolocator","Apus melba","16RQ","F50113","Switzerland Biel - Long term study on migratory movement of Alpine swifts (Apus melba)"
16890708925,true,2017-01-13 07:22:11.000,-8.20253164556962,9.00000000000001,"stationary","non-breeding site",8.10000000000001,9.45,-8.66920152091257,-8.1921618204804,"solar-geolocator","Apus melba","16RQ","F50113","Switzerland Biel - Long term study on migratory movement of Alpine swifts (Apus melba)"
16890708927,true,2017-01-13 19:59:48.000,-8.20253164556962,9.00000000000001,"stationary","non-breeding site",8.10000000000001,9.45,-8.66920152091257,-8.18181818181819,"solar-geolocator","Apus melba","16RQ","F50113","Switzerland Biel - Long term study on migratory movement of Alpine swifts (Apus melba)"
16890708929,true,2017-01-14 07:26:11.000,-8.20253164556962,9.00000000000001,"stationary","non-breeding site",8.10000000000001,9.45,-8.66920152091257,-8.18181818181819,"solar-geolocator","Apus melba","16RQ","F50113","Switzerland Biel - Long term study on migratory movement of Alpine swifts (Apus melba)"
16890708931,true,2017-01-14 19:59:48.000,-8.20253164556962,9.00000000000001,"stationary","non-breeding site",8.10000000000001,9.45,-8.66920152091257,-8.18181818181819,"solar-geolocator","Apus melba","16RQ","F50113","Switzerland Biel - Long term study on migratory movement of Alpine swifts (Apus melba)"
16890708933,true,2017-01-15 07:26:11.000,-8.20253164556962,9.00000000000001,"stationary","non-breeding site",8.10000000000001,9.45,-8.66920152091257,-8.18181818181819,"solar-geolocator","Apus melba","16RQ","F50113","Switzerland Biel - Long term study on migratory movement of Alpine swifts (Apus melba)"
16890708934,true,2017-01-15 19:57:48.000,-8.20253164556962,9.00000000000001,"stationary","non-breeding site",8.10000000000001,9.45,-8.66920152091257,-8.18181818181819,"solar-geolocator","Apus melba","16RQ","F50113","Switzerland Biel - Long term study on migratory movement of Alpine swifts (Apus melba)"
16890708936,true,2017-01-16 07:24:11.000,-8.20253164556962,9.00000000000001,"stationary","non-breeding site",8.10000000000001,9.44999999999999,-8.65822784810129,-8.18181818181819,"solar-geolocator","Apus melba","16RQ","F50113","Switzerland Biel - Long term study on migratory movement of Alpine swifts (Apus melba)"
16890708938,true,2017-01-16 19:55:48.000,-8.20253164556962,9.00000000000001,"stationary","non-breeding site",8.10000000000001,9.44999999999999,-8.65822784810129,-8.18181818181819,"solar-geolocator","Apus melba","16RQ","F50113","Switzerland Biel - Long term study on migratory movement of Alpine swifts (Apus melba)"
16890708940,true,2017-01-17 07:26:11.000,-8.20253164556962,9.00000000000001,"stationary","non-breeding site",8.10000000000001,9.44999999999999,-8.65822784810129,-8.18181818181819,"solar-geolocator","Apus melba","16RQ","F50113","Switzerland Biel - Long term study on migratory movement of Alpine swifts (Apus melba)"
16890708942,true,2017-01-17 19:55:48.000,-8.20253164556962,9.00000000000001,"stationary","non-breeding site",8.10000000000001,9.44999999999999,-8.65822784810129,-8.18181818181819,"solar-geolocator","Apus melba","16RQ","F50113","Switzerland Biel - Long term study on migratory movement of Alpine swifts (Apus melba)"
16890708944,true,2017-01-18 07:18:11.000,-8.20253164556962,9.00000000000001,"stationary","non-breeding site",8.10000000000001,9.44999999999999,-8.65822784810129,-8.18181818181819,"solar-geolocator","Apus melba","16RQ","F50113","Switzerland Biel - Long term study on migratory movement of Alpine swifts (Apus melba)"
16890708946,true,2017-01-18 19:55:48.000,-8.20253164556962,9.00000000000001,"stationary","non-breeding site",8.10000000000001,9.44999999999999,-8.65822784810129,-8.18181818181819,"solar-geolocator","Apus melba","16RQ","F50113","Switzerland Biel - Long term study on migratory movement of Alpine swifts (Apus melba)"
16890708948,true,2017-01-19 07:18:11.000,-8.20253164556962,9.00000000000001,"stationary","non-breeding site",8.10000000000001,9.44999999999999,-8.65822784810129,-8.18181818181819,"solar-geolocator","Apus melba","16RQ","F50113","Switzerland Biel - Long term study on migratory movement of Alpine swifts (Apus melba)"
16890708950,true,2017-01-19 20:01:48.000,-8.20253164556962,9.00000000000001,"stationary","non-breeding site",8.10000000000001,9.44999999999999,-8.65822784810129,-8.18181818181819,"solar-geolocator","Apus melba","16RQ","F50113","Switzerland Biel - Long term study on migratory movement of Alpine swifts (Apus melba)"
16890708953,true,2017-01-20 07:36:11.000,-8.20253164556962,9.00000000000001,"stationary","non-breeding site",8.10000000000001,9.44999999999999,-8.65822784810129,-8.18181818181819,"solar-geolocator","Apus melba","16RQ","F50113","Switzerland Biel - Long term study on migratory movement of Alpine swifts (Apus melba)"
16890708954,true,2017-01-20 20:01:48.000,-8.20253164556962,9.00000000000001,"stationary","non-breeding site",8.10000000000001,9.44999999999999,-8.65822784810129,-8.18181818181819,"solar-geolocator","Apus melba","16RQ","F50113","Switzerland Biel - Long term study on migratory movement of Alpine swifts (Apus melba)"
16890708956,true,2017-01-21 07:24:11.000,-8.20253164556962,9.00000000000001,"stationary","non-breeding site",8.10000000000001,9.44999999999999,-8.65822784810129,-8.18181818181819,"solar-geolocator","Apus melba","16RQ","F50113","Switzerland Biel - Long term study on migratory movement of Alpine swifts (Apus melba)"
16890708959,true,2017-01-21 20:01:48.000,-8.20253164556962,9.00000000000001,"stationary","non-breeding site",8.10000000000001,9.44999999999999,-8.65822784810129,-8.18181818181819,"solar-geolocator","Apus melba","16RQ","F50113","Switzerland Biel - Long term study on migratory movement of Alpine swifts (Apus melba)"
16890708960,true,2017-01-22 07:30:11.000,-8.20253164556962,9.00000000000001,"stationary","non-breeding site",8.10000000000001,9.44999999999999,-8.65822784810129,-8.18181818181819,"solar-geolocator","Apus melba","16RQ","F50113","Switzerland Biel - Long term study on migratory movement of Alpine swifts (Apus melba)"
16890708963,true,2017-01-22 20:05:48.000,-8.20253164556962,9.00000000000001,"stationary","non-breeding site",8.10000000000001,9.44999999999999,-8.65822784810129,-8.18181818181819,"solar-geolocator","Apus melba","16RQ","F50113","Switzerland Biel - Long term study on migratory movement of Alpine swifts (Apus melba)"
16890708964,true,2017-01-23 07:32:11.000,-8.20253164556962,9.00000000000001,"stationary","non-breeding site",8.10000000000001,9.44999999999999,-8.65822784810129,-8.18181818181819,"solar-geolocator","Apus melba","16RQ","F50113","Switzerland Biel - Long term study on migratory movement of Alpine swifts (Apus melba)"
16890708967,true,2017-01-23 20:11:48.000,-8.20253164556962,9.00000000000001,"stationary","non-breeding site",8.10000000000001,9.44999999999999,-8.65822784810129,-8.18181818181819,"solar-geolocator","Apus melba","16RQ","F50113","Switzerland Biel - Long term study on migratory movement of Alpine swifts (Apus melba)"
16890708969,true,2017-01-24 07:38:11.000,-8.20253164556962,9.00000000000001,"stationary","non-breeding site",8.10000000000001,9.44999999999999,-8.65822784810129,-8.18181818181819,"solar-geolocator","Apus melba","16RQ","F50113","Switzerland Biel - Long term study on migratory movement of Alpine swifts (Apus melba)"
16890708971,true,2017-01-24 20:13:48.000,-8.20253164556962,9.00000000000001,"stationary","non-breeding site",8.10000000000001,9.44999999999999,-8.65822784810129,-8.18181818181819,"solar-geolocator","Apus melba","16RQ","F50113","Switzerland Biel - Long term study on migratory movement of Alpine swifts (Apus melba)"
16890708973,true,2017-01-25 07:38:11.000,-8.20253164556962,9.00000000000001,"stationary","non-breeding site",8.10000000000001,9.44999999999999,-8.65822784810129,-8.18181818181819,"solar-geolocator","Apus melba","16RQ","F50113","Switzerland Biel - Long term study on migratory movement of Alpine swifts (Apus melba)"
16890708975,true,2017-01-25 20:07:48.000,-8.20253164556962,9.00000000000001,"stationary","non-breeding site",8.10000000000001,9.44999999999999,-8.65822784810129,-8.18181818181819,"solar-geolocator","Apus melba","16RQ","F50113","Switzerland Biel - Long term study on migratory movement of Alpine swifts (Apus melba)"
16890708976,true,2017-01-26 07:28:11.000,-8.20253164556962,9.00000000000001,"stationary","non-breeding site",8.10000000000001,9.44999999999999,-8.65822784810129,-8.18181818181819,"solar-geolocator","Apus melba","16RQ","F50113","Switzerland Biel - Long term study on migratory movement of Alpine swifts (Apus melba)"
16890708978,true,2017-01-26 20:03:48.000,-8.20253164556962,9.00000000000001,"stationary","non-breeding site",8.10000000000001,9.44999999999999,-8.65822784810129,-8.18181818181819,"solar-geolocator","Apus melba","16RQ","F50113","Switzerland Biel - Long term study on migratory movement of Alpine swifts (Apus melba)"
16890708980,true,2017-01-27 07:28:11.000,-8.20253164556962,9.00000000000001,"stationary","non-breeding site",8.10000000000001,9.44999999999999,-8.65822784810129,-8.18181818181819,"solar-geolocator","Apus melba","16RQ","F50113","Switzerland Biel - Long term study on migratory movement of Alpine swifts (Apus melba)"
16890708982,true,2017-01-27 20:05:48.000,-8.20253164556962,9.00000000000001,"stationary","non-breeding site",8.10000000000001,9.44999999999999,-8.65822784810129,-8.18181818181819,"solar-geolocator","Apus melba","16RQ","F50113","Switzerland Biel - Long term study on migratory movement of Alpine swifts (Apus melba)"
16890708984,true,2017-01-28 07:24:11.000,-8.20253164556962,9.00000000000001,"stationary","non-breeding site",8.10000000000001,9.44999999999999,-8.65822784810129,-8.18181818181819,"solar-geolocator","Apus melba","16RQ","F50113","Switzerland Biel - Long term study on migratory movement of Alpine swifts (Apus melba)"
16890708986,true,2017-01-28 20:03:48.000,-8.20253164556962,9.00000000000001,"stationary","non-breeding site",8.10000000000001,9.44999999999999,-8.65822784810129,-8.18181818181819,"solar-geolocator","Apus melba","16RQ","F50113","Switzerland Biel - Long term study on migratory movement of Alpine swifts (Apus melba)"
16890708988,true,2017-01-29 07:24:11.000,-8.20253164556962,9.00000000000001,"stationary","non-breeding site",8.10000000000001,9.44999999999999,-8.65822784810129,-8.18181818181819,"solar-geolocator","Apus melba","16RQ","F50113","Switzerland Biel - Long term study on migratory movement of Alpine swifts (Apus melba)"
16890708990,true,2017-01-29 20:07:48.000,-8.20253164556962,9.00000000000001,"stationary","non-breeding site",8.10000000000001,9.44999999999999,-8.65822784810129,-8.18181818181819,"solar-geolocator","Apus melba","16RQ","F50113","Switzerland Biel - Long term study on migratory movement of Alpine swifts (Apus melba)"
16890708992,true,2017-01-30 07:26:11.000,-8.20253164556962,9.00000000000001,"stationary","non-breeding site",8.10000000000001,9.44999999999999,-8.65822784810129,-8.18181818181819,"solar-geolocator","Apus melba","16RQ","F50113","Switzerland Biel - Long term study on migratory movement of Alpine swifts (Apus melba)"
16890708995,true,2017-01-30 20:05:49.000,-8.20253164556962,9.00000000000001,"stationary","non-breeding site",8.10000000000001,9.44999999999999,-8.65822784810129,-8.18181818181819,"solar-geolocator","Apus melba","16RQ","F50113","Switzerland Biel - Long term study on migratory movement of Alpine swifts (Apus melba)"
16890708996,true,2017-01-31 07:28:11.000,-8.20253164556962,9.00000000000001,"stationary","non-breeding site",8.10000000000001,9.44999999999999,-8.65822784810129,-8.18181818181819,"solar-geolocator","Apus melba","16RQ","F50113","Switzerland Biel - Long term study on migratory movement of Alpine swifts (Apus melba)"
16890708999,true,2017-01-31 20:03:48.000,-8.20253164556962,9.00000000000001,"stationary","non-breeding site",8.10000000000001,9.44999999999999,-8.65822784810129,-8.18181818181819,"solar-geolocator","Apus melba","16RQ","F50113","Switzerland Biel - Long term study on migratory movement of Alpine swifts (Apus melba)"
16890709000,true,2017-02-01 07:20:11.000,-8.20253164556962,9.00000000000001,"stationary","non-breeding site",8.10000000000001,9.44999999999999,-8.65822784810129,-8.18181818181819,"solar-geolocator","Apus melba","16RQ","F50113","Switzerland Biel - Long term study on migratory movement of Alpine swifts (Apus melba)"
16890709003,true,2017-02-01 20:03:48.000,-8.20253164556962,9.00000000000001,"stationary","non-breeding site",8.10000000000001,9.44999999999999,-8.65822784810129,-8.18181818181819,"solar-geolocator","Apus melba","16RQ","F50113","Switzerland Biel - Long term study on migratory movement of Alpine swifts (Apus melba)"
16890709004,true,2017-02-02 07:22:11.000,-8.20253164556962,9.00000000000001,"stationary","non-breeding site",8.10000000000001,9.44999999999999,-8.65822784810129,-8.18181818181819,"solar-geolocator","Apus melba","16RQ","F50113","Switzerland Biel - Long term study on migratory movement of Alpine swifts (Apus melba)"
16890709007,true,2017-02-02 20:01:48.000,-8.20253164556962,9.00000000000001,"stationary","non-breeding site",8.10000000000001,9.44999999999999,-8.65822784810129,-8.18181818181819,"solar-geolocator","Apus melba","16RQ","F50113","Switzerland Biel - Long term study on migratory movement of Alpine swifts (Apus melba)"
16890709008,true,2017-02-03 07:18:11.000,-8.20253164556962,9.00000000000001,"stationary","non-breeding site",8.10000000000001,9.44999999999999,-8.65822784810129,-8.18181818181819,"solar-geolocator","Apus melba","16RQ","F50113","Switzerland Biel - Long term study on migratory movement of Alpine swifts (Apus melba)"
16890709010,true,2017-02-03 20:03:48.000,-8.20253164556962,9.00000000000001,"stationary","non-breeding site",8.10000000000001,9.44999999999999,-8.65822784810129,-8.18181818181819,"solar-geolocator","Apus melba","16RQ","F50113","Switzerland Biel - Long term study on migratory movement of Alpine swifts (Apus melba)"
16890709012,true,2017-02-04 07:18:11.000,-8.20253164556962,9.00000000000001,"stationary","non-breeding site",8.10000000000001,9.44999999999999,-8.65822784810129,-8.18181818181819,"solar-geolocator","Apus melba","16RQ","F50113","Switzerland Biel - Long term study on migratory movement of Alpine swifts (Apus melba)"
16890709014,true,2017-02-04 20:05:48.000,-8.20253164556962,9.00000000000001,"stationary","non-breeding site",8.10000000000001,9.44999999999999,-8.64728192161823,-8.18181818181819,"solar-geolocator","Apus melba","16RQ","F50113","Switzerland Biel - Long term study on migratory movement of Alpine swifts (Apus melba)"
16890709016,true,2017-02-05 07:20:11.000,-8.20253164556962,9.00000000000001,"stationary","non-breeding site",8.10000000000001,9.44999999999999,-8.64728192161823,-8.18181818181819,"solar-geolocator","Apus melba","16RQ","F50113","Switzerland Biel - Long term study on migratory movement of Alpine swifts (Apus melba)"
16890709018,true,2017-02-05 20:07:48.000,-8.20253164556962,9.00000000000001,"stationary","non-breeding site",8.10000000000001,9.44999999999999,-8.64728192161823,-8.18181818181819,"solar-geolocator","Apus melba","16RQ","F50113","Switzerland Biel - Long term study on migratory movement of Alpine swifts (Apus melba)"
16890709020,true,2017-02-06 07:24:11.000,-8.20253164556962,9.00000000000001,"stationary","non-breeding site",8.10000000000001,9.44999999999999,-8.64728192161823,-8.18181818181819,"solar-geolocator","Apus melba","16RQ","F50113","Switzerland Biel - Long term study on migratory movement of Alpine swifts (Apus melba)"
16890709022,true,2017-02-06 20:07:48.000,-8.20253164556962,9.00000000000001,"stationary","non-breeding site",8.10000000000001,9.44999999999999,-8.64728192161823,-8.18181818181819,"solar-geolocator","Apus melba","16RQ","F50113","Switzerland Biel - Long term study on migratory movement of Alpine swifts (Apus melba)"
16890709024,true,2017-02-07 07:26:11.000,-8.20253164556962,9.00000000000001,"stationary","non-breeding site",8.10000000000001,9.44999999999999,-8.64728192161823,-8.18181818181819,"solar-geolocator","Apus melba","16RQ","F50113","Switzerland Biel - Long term study on migratory movement of Alpine swifts (Apus melba)"
16890709027,true,2017-02-07 20:11:48.000,-8.20253164556962,9.00000000000001,"stationary","non-breeding site",8.10000000000001,9.44999999999999,-8.64728192161823,-8.18181818181819,"solar-geolocator","Apus melba","16RQ","F50113","Switzerland Biel - Long term study on migratory movement of Alpine swifts (Apus melba)"
16890709028,true,2017-02-08 07:30:11.000,-8.20253164556962,9.00000000000001,"stationary","non-breeding site",8.10000000000001,9.44999999999999,-8.65822784810129,-8.18181818181819,"solar-geolocator","Apus melba","16RQ","F50113","Switzerland Biel - Long term study on migratory movement of Alpine swifts (Apus melba)"
16890709031,true,2017-02-08 20:11:48.000,-8.20253164556962,9.00000000000001,"stationary","non-breeding site",8.10000000000001,9.44999999999999,-8.65822784810129,-8.18181818181819,"solar-geolocator","Apus melba","16RQ","F50113","Switzerland Biel - Long term study on migratory movement of Alpine swifts (Apus melba)"
16890709032,true,2017-02-09 07:28:11.000,-8.20253164556962,9.00000000000001,"stationary","non-breeding site",8.10000000000001,9.44999999999999,-8.65822784810129,-8.18181818181819,"solar-geolocator","Apus melba","16RQ","F50113","Switzerland Biel - Long term study on migratory movement of Alpine swifts (Apus melba)"
16890709035,true,2017-02-09 20:09:48.000,-8.20253164556962,9.00000000000001,"stationary","non-breeding site",8.10000000000001,9.44999999999999,-8.65822784810129,-8.18181818181819,"solar-geolocator","Apus melba","16RQ","F50113","Switzerland Biel - Long term study on migratory movement of Alpine swifts (Apus melba)"
16890709036,true,2017-02-10 07:26:11.000,-8.20253164556962,9.00000000000001,"stationary","non-breeding site",8.10000000000001,9.44999999999999,-8.65822784810129,-8.18181818181819,"solar-geolocator","Apus melba","16RQ","F50113","Switzerland Biel - Long term study on migratory movement of Alpine swifts (Apus melba)"
16890709039,true,2017-02-10 20:05:48.000,-8.20253164556962,9.00000000000001,"stationary","non-breeding site",8.10000000000001,9.44999999999999,-8.64728192161823,-8.18181818181819,"solar-geolocator","Apus melba","16RQ","F50113","Switzerland Biel - Long term study on migratory movement of Alpine swifts (Apus melba)"
16890709041,true,2017-02-11 07:28:11.000,-8.20253164556962,9.00000000000001,"stationary","non-breeding site",8.10000000000001,9.44999999999999,-8.65822784810129,-8.18181818181819,"solar-geolocator","Apus melba","16RQ","F50113","Switzerland Biel - Long term study on migratory movement of Alpine swifts (Apus melba)"
16890709043,true,2017-02-11 20:03:48.000,-8.20253164556962,9.00000000000001,"stationary","non-breeding site",8.10000000000001,9.44999999999999,-8.65822784810129,-8.18181818181819,"solar-geolocator","Apus melba","16RQ","F50113","Switzerland Biel - Long term study on migratory movement of Alpine swifts (Apus melba)"
16890709045,true,2017-02-12 07:28:11.000,-8.20253164556962,9.00000000000001,"stationary","non-breeding site",8.10000000000001,9.44999999999999,-8.64728192161823,-8.18181818181819,"solar-geolocator","Apus melba","16RQ","F50113","Switzerland Biel - Long term study on migratory movement of Alpine swifts (Apus melba)"
16890709046,true,2017-02-12 19:57:48.000,-8.20253164556962,9.00000000000001,"stationary","non-breeding site",8.10000000000001,9.00000000000001,-8.64728192161823,-8.18181818181819,"solar-geolocator","Apus melba","16RQ","F50113","Switzerland Biel - Long term study on migratory movement of Alpine swifts (Apus melba)"
16890709048,true,2017-02-13 07:30:11.000,-8.20253164556962,9.00000000000001,"stationary","non-breeding site",8.10000000000001,9.00000000000001,-8.64728192161823,-8.18181818181819,"solar-geolocator","Apus melba","16RQ","F50113","Switzerland Biel - Long term study on migratory movement of Alpine swifts (Apus melba)"
16890709050,true,2017-02-13 20:05:48.000,-8.20253164556962,9.00000000000001,"stationary","non-breeding site",8.10000000000001,9.44999999999999,-8.64728192161823,-8.18181818181819,"solar-geolocator","Apus melba","16RQ","F50113","Switzerland Biel - Long term study on migratory movement of Alpine swifts (Apus melba)"
16890709052,true,2017-02-14 07:28:11.000,-8.20253164556962,9.00000000000001,"stationary","non-breeding site",8.10000000000001,9.00000000000001,-8.64728192161823,-8.18181818181819,"solar-geolocator","Apus melba","16RQ","F50113","Switzerland Biel - Long term study on migratory movement of Alpine swifts (Apus melba)"
16890709054,true,2017-02-14 20:07:48.000,-8.20253164556962,9.00000000000001,"stationary","non-breeding site",8.10000000000001,9.00000000000001,-8.65822784810129,-8.18181818181819,"solar-geolocator","Apus melba","16RQ","F50113","Switzerland Biel - Long term study on migratory movement of Alpine swifts (Apus melba)"
16890709056,true,2017-02-15 07:26:11.000,-8.20253164556962,9.00000000000001,"stationary","non-breeding site",8.10000000000001,9.00000000000001,-8.64728192161823,-8.18181818181819,"solar-geolocator","Apus melba","16RQ","F50113","Switzerland Biel - Long term study on migratory movement of Alpine swifts (Apus melba)"
16890709058,true,2017-02-15 20:09:48.000,-8.20253164556962,9.00000000000001,"stationary","non-breeding site",8.10000000000001,9.00000000000001,-8.64728192161823,-8.18181818181819,"solar-geolocator","Apus melba","16RQ","F50113","Switzerland Biel - Long term study on migratory movement of Alpine swifts (Apus melba)"
16890709060,true,2017-02-16 07:24:11.000,-8.20253164556962,9.00000000000001,"stationary","non-breeding site",8.10000000000001,9.00000000000001,-8.64728192161823,-8.18181818181819,"solar-geolocator","Apus melba","16RQ","F50113","Switzerland Biel - Long term study on migratory movement of Alpine swifts (Apus melba)"
16890709061,true,2017-02-16 20:07:48.000,-8.20253164556962,9.00000000000001,"stationary","non-breeding site",8.10000000000001,9.00000000000001,-8.64728192161823,-8.18181818181819,"solar-geolocator","Apus melba","16RQ","F50113","Switzerland Biel - Long term study on migratory movement of Alpine swifts (Apus melba)"
16890709062,true,2017-02-17 07:26:11.000,-8.20253164556962,9.00000000000001,"stationary","non-breeding site",8.10000000000001,9.00000000000001,-8.65822784810129,-8.18181818181819,"solar-geolocator","Apus melba","16RQ","F50113","Switzerland Biel - Long term study on migratory movement of Alpine swifts (Apus melba)"
16890709064,true,2017-02-17 20:07:48.000,-8.20253164556962,9.00000000000001,"stationary","non-breeding site",8.10000000000001,9.44999999999999,-8.64728192161823,-8.18181818181819,"solar-geolocator","Apus melba","16RQ","F50113","Switzerland Biel - Long term study on migratory movement of Alpine swifts (Apus melba)"
16890709065,true,2017-02-18 07:28:11.000,-8.20253164556962,9.00000000000001,"stationary","non-breeding site",8.10000000000001,9.44999999999999,-8.64728192161823,-8.18181818181819,"solar-geolocator","Apus melba","16RQ","F50113","Switzerland Biel - Long term study on migratory movement of Alpine swifts (Apus melba)"
16890709066,true,2017-02-18 20:07:48.000,-8.20253164556962,9.00000000000001,"stationary","non-breeding site",8.10000000000001,9.44999999999999,-8.64728192161823,-8.18181818181819,"solar-geolocator","Apus melba","16RQ","F50113","Switzerland Biel - Long term study on migratory movement of Alpine swifts (Apus melba)"
16890709067,true,2017-02-19 07:26:11.000,-8.20253164556962,9.00000000000001,"stationary","non-breeding site",8.10000000000001,9.44999999999999,-8.64728192161823,-8.18181818181819,"solar-geolocator","Apus melba","16RQ","F50113","Switzerland Biel - Long term study on migratory movement of Alpine swifts (Apus melba)"
16890709069,true,2017-02-19 20:09:48.000,-8.20253164556962,9.00000000000001,"stationary","non-breeding site",8.10000000000001,9.44999999999999,-8.64728192161823,-8.18181818181819,"solar-geolocator","Apus melba","16RQ","F50113","Switzerland Biel - Long term study on migratory movement of Alpine swifts (Apus melba)"
16890709072,true,2017-02-20 07:22:11.000,-8.20253164556962,9.00000000000001,"stationary","non-breeding site",8.10000000000001,9.44999999999999,-8.64728192161823,-8.18181818181819,"solar-geolocator","Apus melba","16RQ","F50113","Switzerland Biel - Long term study on migratory movement of Alpine swifts (Apus melba)"
16890709074,true,2017-02-20 20:11:48.000,-8.20253164556962,9.00000000000001,"stationary","non-breeding site",8.10000000000001,9.44999999999999,-8.64728192161823,-8.18181818181819,"solar-geolocator","Apus melba","16RQ","F50113","Switzerland Biel - Long term study on migratory movement of Alpine swifts (Apus melba)"
16890709076,true,2017-02-21 07:26:11.000,-8.20253164556962,9.00000000000001,"stationary","non-breeding site",8.10000000000001,9.44999999999999,-8.64728192161823,-8.18181818181819,"solar-geolocator","Apus melba","16RQ","F50113","Switzerland Biel - Long term study on migratory movement of Alpine swifts (Apus melba)"
16890709078,true,2017-02-21 20:17:48.000,-8.20253164556962,9.00000000000001,"stationary","non-breeding site",8.10000000000001,9.44999999999999,-8.64728192161823,-8.18181818181819,"solar-geolocator","Apus melba","16RQ","F50113","Switzerland Biel - Long term study on migratory movement of Alpine swifts (Apus melba)"
16890709080,true,2017-02-22 07:32:11.000,-8.20253164556962,9.00000000000001,"stationary","non-breeding site",8.10000000000001,9.44999999999999,-8.64728192161823,-8.18181818181819,"solar-geolocator","Apus melba","16RQ","F50113","Switzerland Biel - Long term study on migratory movement of Alpine swifts (Apus melba)"
16890709083,true,2017-02-22 20:15:48.000,-8.20253164556962,9.00000000000001,"stationary","non-breeding site",8.10000000000001,9.44999999999999,-8.64728192161823,-8.18181818181819,"solar-geolocator","Apus melba","16RQ","F50113","Switzerland Biel - Long term study on migratory movement of Alpine swifts (Apus melba)"
16890709085,true,2017-02-23 07:34:11.000,-8.20253164556962,9.00000000000001,"stationary","non-breeding site",8.10000000000001,9.44999999999999,-8.64728192161823,-8.18181818181819,"solar-geolocator","Apus melba","16RQ","F50113","Switzerland Biel - Long term study on migratory movement of Alpine swifts (Apus melba)"
16890709086,true,2017-02-23 20:05:48.000,-8.20253164556962,9.00000000000001,"stationary","non-breeding site",8.10000000000001,9.44999999999999,-8.64728192161823,-8.18181818181819,"solar-geolocator","Apus melba","16RQ","F50113","Switzerland Biel - Long term study on migratory movement of Alpine swifts (Apus melba)"
16890709089,true,2017-02-24 07:24:11.000,-8.20253164556962,9.00000000000001,"stationary","non-breeding site",8.10000000000001,9.44999999999999,-8.64728192161823,-8.18181818181819,"solar-geolocator","Apus melba","16RQ","F50113","Switzerland Biel - Long term study on migratory movement of Alpine swifts (Apus melba)"
16890709090,true,2017-02-24 20:01:48.000,-8.20253164556962,9.00000000000001,"stationary","non-breeding site",8.10000000000001,9.44999999999999,-8.64728192161823,-8.18181818181819,"solar-geolocator","Apus melba","16RQ","F50113","Switzerland Biel - Long term study on migratory movement of Alpine swifts (Apus melba)"
16890709092,true,2017-02-25 07:22:11.000,-8.20253164556962,9.00000000000001,"stationary","non-breeding site",8.10000000000001,9.44999999999999,-8.64728192161823,-8.18181818181819,"solar-geolocator","Apus melba","16RQ","F50113","Switzerland Biel - Long term study on migratory movement of Alpine swifts (Apus melba)"
16890709094,true,2017-02-25 19:55:48.000,-8.20253164556962,9.00000000000001,"stationary","non-breeding site",8.10000000000001,9.44999999999999,-8.64728192161823,-8.18181818181819,"solar-geolocator","Apus melba","16RQ","F50113","Switzerland Biel - Long term study on migratory movement of Alpine swifts (Apus melba)"
16890709096,true,2017-02-26 07:20:11.000,-8.20253164556962,9.00000000000001,"stationary","non-breeding site",8.10000000000001,9.44999999999999,-8.64728192161823,-8.18181818181819,"solar-geolocator","Apus melba","16RQ","F50113","Switzerland Biel - Long term study on migratory movement of Alpine swifts (Apus melba)"
16890709098,true,2017-02-26 19:57:48.000,-8.20253164556962,9.00000000000001,"stationary","non-breeding site",8.10000000000001,9.44999999999999,-8.64728192161823,-8.18181818181819,"solar-geolocator","Apus melba","16RQ","F50113","Switzerland Biel - Long term study on migratory movement of Alpine swifts (Apus melba)"
16890709100,true,2017-02-27 07:20:11.000,-8.20253164556962,9.00000000000001,"stationary","non-breeding site",8.10000000000001,9.44999999999999,-8.64728192161823,-8.18181818181819,"solar-geolocator","Apus melba","16RQ","F50113","Switzerland Biel - Long term study on migratory movement of Alpine swifts (Apus melba)"
16890709102,true,2017-02-27 20:01:48.000,-8.20253164556962,9.00000000000001,"stationary","non-breeding site",8.10000000000001,9.44999999999999,-8.64728192161823,-8.18181818181819,"solar-geolocator","Apus melba","16RQ","F50113","Switzerland Biel - Long term study on migratory movement of Alpine swifts (Apus melba)"
16890709104,true,2017-02-28 07:18:11.000,-8.20253164556962,9.00000000000001,"stationary","non-breeding site",8.10000000000001,9.44999999999999,-8.64728192161823,-8.18181818181819,"solar-geolocator","Apus melba","16RQ","F50113","Switzerland Biel - Long term study on migratory movement of Alpine swifts (Apus melba)"
16890709106,true,2017-02-28 20:01:48.000,-8.20253164556962,9.00000000000001,"stationary","non-breeding site",8.10000000000001,9.44999999999999,-8.64728192161823,-8.18181818181819,"solar-geolocator","Apus melba","16RQ","F50113","Switzerland Biel - Long term study on migratory movement of Alpine swifts (Apus melba)"
16890709108,true,2017-03-01 07:20:11.000,-8.20253164556962,9.00000000000001,"stationary","non-breeding site",8.10000000000001,9.44999999999999,-8.64728192161823,-8.18181818181819,"solar-geolocator","Apus melba","16RQ","F50113","Switzerland Biel - Long term study on migratory movement of Alpine swifts (Apus melba)"
16890709110,true,2017-03-01 20:07:48.000,-8.20253164556962,9.00000000000001,"stationary","non-breeding site",8.10000000000001,9.44999999999999,-8.64728192161823,-8.18181818181819,"solar-geolocator","Apus melba","16RQ","F50113","Switzerland Biel - Long term study on migratory movement of Alpine swifts (Apus melba)"
16890709111,true,2017-03-02 07:18:11.000,-8.20253164556962,9.00000000000001,"stationary","non-breeding site",8.10000000000001,9.44999999999999,-8.64728192161823,-8.18181818181819,"solar-geolocator","Apus melba","16RQ","F50113","Switzerland Biel - Long term study on migratory movement of Alpine swifts (Apus melba)"
16890709112,true,2017-03-02 20:03:48.000,-8.20253164556962,9.00000000000001,"stationary","non-breeding site",8.10000000000001,9.44999999999999,-8.64728192161823,-8.18181818181819,"solar-geolocator","Apus melba","16RQ","F50113","Switzerland Biel - Long term study on migratory movement of Alpine swifts (Apus melba)"
16890709113,true,2017-03-03 07:18:11.000,-8.20253164556962,9.00000000000001,"stationary","non-breeding site",8.10000000000001,9.44999999999999,-8.64728192161823,-8.18181818181819,"solar-geolocator","Apus melba","16RQ","F50113","Switzerland Biel - Long term study on migratory movement of Alpine swifts (Apus melba)"
16890709114,true,2017-03-03 20:13:48.000,-8.20253164556962,9.00000000000001,"stationary","non-breeding site",8.10000000000001,9.44999999999999,-8.64728192161823,-8.18181818181819,"solar-geolocator","Apus melba","16RQ","F50113","Switzerland Biel - Long term study on migratory movement of Alpine swifts (Apus melba)"
16890709115,true,2017-03-04 07:22:11.000,-8.20253164556962,9.00000000000001,"stationary","non-breeding site",8.10000000000001,9.44999999999999,-8.64728192161823,-8.18181818181819,"solar-geolocator","Apus melba","16RQ","F50113","Switzerland Biel - Long term study on migratory movement of Alpine swifts (Apus melba)"
16890709116,true,2017-03-04 20:01:48.000,-8.20253164556962,9.00000000000001,"stationary","non-breeding site",8.10000000000001,9.44999999999999,-8.64728192161823,-8.18181818181819,"solar-geolocator","Apus melba","16RQ","F50113","Switzerland Biel - Long term study on migratory movement of Alpine swifts (Apus melba)"
16890709117,true,2017-03-05 07:18:11.000,-8.20253164556962,9.00000000000001,"stationary","non-breeding site",8.10000000000001,9.44999999999999,-8.64728192161823,-8.18181818181819,"solar-geolocator","Apus melba","16RQ","F50113","Switzerland Biel - Long term study on migratory movement of Alpine swifts (Apus melba)"
16890709118,true,2017-03-05 20:07:48.000,-8.20253164556962,9.00000000000001,"stationary","non-breeding site",8.10000000000001,9.44999999999999,-8.64728192161823,-8.18181818181819,"solar-geolocator","Apus melba","16RQ","F50113","Switzerland Biel - Long term study on migratory movement of Alpine swifts (Apus melba)"
16890709119,true,2017-03-06 07:16:11.000,-8.20253164556962,9.00000000000001,"stationary","non-breeding site",8.10000000000001,9.44999999999999,-8.64728192161823,-8.18181818181819,"solar-geolocator","Apus melba","16RQ","F50113","Switzerland Biel - Long term study on migratory movement of Alpine swifts (Apus melba)"
16890709120,true,2017-03-06 20:03:48.000,-8.20253164556962,9.00000000000001,"stationary","non-breeding site",7.65000000000001,9.44999999999999,-8.64728192161823,-8.18181818181819,"solar-geolocator","Apus melba","16RQ","F50113","Switzerland Biel - Long term study on migratory movement of Alpine swifts (Apus melba)"
16890709121,true,2017-03-07 07:22:11.000,-8.20253164556962,9.00000000000001,"stationary","non-breeding site",7.65000000000001,9.44999999999999,-8.64728192161823,-8.18181818181819,"solar-geolocator","Apus melba","16RQ","F50113","Switzerland Biel - Long term study on migratory movement of Alpine swifts (Apus melba)"
16890709122,true,2017-03-07 20:11:48.000,-8.20253164556962,9.00000000000001,"stationary","non-breeding site",7.65000000000001,9.44999999999999,-8.64728192161823,-8.18181818181819,"solar-geolocator","Apus melba","16RQ","F50113","Switzerland Biel - Long term study on migratory movement of Alpine swifts (Apus melba)"
16890709123,true,2017-03-08 07:20:11.000,-8.20253164556962,9.00000000000001,"stationary","non-breeding site",7.65000000000001,9.45,-8.64728192161823,-8.16120906801012,"solar-geolocator","Apus melba","16RQ","F50113","Switzerland Biel - Long term study on migratory movement of Alpine swifts (Apus melba)"
16890709124,true,2017-03-08 20:13:48.000,-8.20253164556962,9.00000000000001,"stationary","non-breeding site",7.65000000000001,9.45,-8.64728192161823,-8.16120906801012,"solar-geolocator","Apus melba","16RQ","F50113","Switzerland Biel - Long term study on migratory movement of Alpine swifts (Apus melba)"
16890709125,true,2017-03-09 07:20:11.000,-8.20253164556962,9.00000000000001,"stationary","non-breeding site",7.65000000000001,9.45,-8.64728192161823,-8.16120906801012,"solar-geolocator","Apus melba","16RQ","F50113","Switzerland Biel - Long term study on migratory movement of Alpine swifts (Apus melba)"
16890709126,true,2017-03-09 20:11:48.000,-8.20253164556962,9.00000000000001,"stationary","non-breeding site",7.65000000000001,9.45,-8.64728192161823,-8.16120906801012,"solar-geolocator","Apus melba","16RQ","F50113","Switzerland Biel - Long term study on migratory movement of Alpine swifts (Apus melba)"
16890709127,true,2017-03-10 07:18:11.000,-8.20253164556962,9.00000000000001,"stationary","non-breeding site",7.65000000000001,9.45,-8.64728192161823,-8.16120906801012,"solar-geolocator","Apus melba","16RQ","F50113","Switzerland Biel - Long term study on migratory movement of Alpine swifts (Apus melba)"
16890709128,true,2017-03-10 20:15:48.000,-8.20253164556962,9.00000000000001,"stationary","non-breeding site",7.65000000000001,9.45,-8.64728192161823,-8.16120906801012,"solar-geolocator","Apus melba","16RQ","F50113","Switzerland Biel - Long term study on migratory movement of Alpine swifts (Apus melba)"
16890709129,true,2017-03-11 07:20:11.000,-8.20253164556962,9.00000000000001,"stationary","non-breeding site",7.65000000000001,9.45,-8.64728192161823,-7.94805194805193,"solar-geolocator","Apus melba","16RQ","F50113","Switzerland Biel - Long term study on migratory movement of Alpine swifts (Apus melba)"
16890709130,true,2017-03-11 20:09:48.000,-8.20253164556962,9.00000000000001,"stationary","non-breeding site",7.2,9.45,-8.64728192161823,-7.94805194805193,"solar-geolocator","Apus melba","16RQ","F50113","Switzerland Biel - Long term study on migratory movement of Alpine swifts (Apus melba)"
16890709131,true,2017-03-12 07:22:11.000,-8.20253164556962,9.00000000000001,"stationary","non-breeding site",6.75,9.45,-8.64728192161823,-7.94805194805193,"solar-geolocator","Apus melba","16RQ","F50113","Switzerland Biel - Long term study on migratory movement of Alpine swifts (Apus melba)"
16890709132,true,2017-03-12 20:11:48.000,-8.20253164556962,9.00000000000001,"stationary","non-breeding site",6.75,9.45,-8.64728192161823,-7.94805194805193,"solar-geolocator","Apus melba","16RQ","F50113","Switzerland Biel - Long term study on migratory movement of Alpine swifts (Apus melba)"
16890709133,true,2017-03-13 07:16:11.000,-8.20253164556962,9.00000000000001,"stationary","non-breeding site",4.5,13.5,-8.20253164556962,-7.40359897172239,"solar-geolocator","Apus melba","16RQ","F50113","Switzerland Biel - Long term study on migratory movement of Alpine swifts (Apus melba)"
16890709134,true,2017-03-13 19:57:48.000,-8.20253164556962,9.00000000000001,"stationary","non-breeding site",3.60000000000001,13.95,-8.20253164556962,-7.40359897172239,"solar-geolocator","Apus melba","16RQ","F50113","Switzerland Biel - Long term study on migratory movement of Alpine swifts (Apus melba)"
16890709135,true,2017-03-14 07:10:11.000,-8.20253164556962,9.00000000000001,"stationary","non-breeding site",3.60000000000001,13.95,-8.20253164556962,-7.40359897172239,"solar-geolocator","Apus melba","16RQ","F50113","Switzerland Biel - Long term study on migratory movement of Alpine swifts (Apus melba)"
16890709136,true,2017-03-14 20:01:48.000,-8.20253164556962,9.00000000000001,"stationary","non-breeding site",3.60000000000001,13.95,-8.20253164556962,-7.40359897172239,"solar-geolocator","Apus melba","16RQ","F50113","Switzerland Biel - Long term study on migratory movement of Alpine swifts (Apus melba)"
16890709137,true,2017-03-15 07:14:11.000,-8.20253164556962,9.00000000000001,"stationary","non-breeding site",3.15000000000001,13.95,-8.20253164556962,-7.40359897172239,"solar-geolocator","Apus melba","16RQ","F50113","Switzerland Biel - Long term study on migratory movement of Alpine swifts (Apus melba)"
16890709138,true,2017-03-15 19:57:48.000,-8.20253164556962,9.00000000000001,"stationary","non-breeding site",3.15000000000001,13.95,-8.20253164556962,-7.40359897172239,"solar-geolocator","Apus melba","16RQ","F50113","Switzerland Biel - Long term study on migratory movement of Alpine swifts (Apus melba)"
16890709139,true,2017-03-16 07:24:11.000,-8.20253164556962,9.00000000000001,"stationary","non-breeding site",3.15000000000001,13.95,-8.20253164556962,-7.40359897172239,"solar-geolocator","Apus melba","16RQ","F50113","Switzerland Biel - Long term study on migratory movement of Alpine swifts (Apus melba)"
16890709140,true,2017-03-16 20:05:48.000,-8.20253164556962,9.00000000000001,"stationary","non-breeding site",2.7,13.95,-8.20253164556962,-7.40359897172239,"solar-geolocator","Apus melba","16RQ","F50113","Switzerland Biel - Long term study on migratory movement of Alpine swifts (Apus melba)"
16890709141,true,2017-03-17 07:16:11.000,-8.20253164556962,9.00000000000001,"stationary","non-breeding site",2.25,13.95,-8.20253164556962,-7.40359897172239,"solar-geolocator","Apus melba","16RQ","F50113","Switzerland Biel - Long term study on migratory movement of Alpine swifts (Apus melba)"
16890709142,true,2017-03-17 20:01:48.000,-8.20253164556962,9.00000000000001,"stationary","non-breeding site",2.25,13.95,-8.20253164556962,-7.21804511278196,"solar-geolocator","Apus melba","16RQ","F50113","Switzerland Biel - Long term study on migratory movement of Alpine swifts (Apus melba)"
16890709143,true,2017-03-18 07:10:11.000,-8.20253164556962,9.00000000000001,"stationary","non-breeding site",1.35000000000001,13.95,-8.20253164556962,-7.21804511278196,"solar-geolocator","Apus melba","16RQ","F50113","Switzerland Biel - Long term study on migratory movement of Alpine swifts (Apus melba)"
16890709144,true,2017-03-18 20:01:48.000,-8.20253164556962,9.00000000000001,"stationary","non-breeding site",1.35000000000001,13.95,-8.20253164556962,-7.21804511278196,"solar-geolocator","Apus melba","16RQ","F50113","Switzerland Biel - Long term study on migratory movement of Alpine swifts (Apus melba)"
16890709145,true,2017-03-19 07:16:11.000,-8.20253164556962,9.00000000000001,"stationary","non-breeding site",1.35000000000001,13.95,-8.20253164556962,-7.21804511278196,"solar-geolocator","Apus melba","16RQ","F50113","Switzerland Biel - Long term study on migratory movement of Alpine swifts (Apus melba)"
16890709146,true,2017-03-19 20:07:48.000,-8.20253164556962,9.00000000000001,"stationary","non-breeding site",1.35000000000001,13.95,-8.20253164556962,-7.21804511278196,"solar-geolocator","Apus melba","16RQ","F50113","Switzerland Biel - Long term study on migratory movement of Alpine swifts (Apus melba)"
16890709147,true,2017-03-20 07:22:11.000,-8.20253164556962,9.00000000000001,"stationary","non-breeding site",1.35000000000001,13.95,-8.20253164556962,-7.21804511278196,"solar-geolocator","Apus melba","16RQ","F50113","Switzerland Biel - Long term study on migratory movement of Alpine swifts (Apus melba)"
16890709148,true,2017-03-20 20:05:48.000,-8.20253164556962,9.00000000000001,"stationary","non-breeding site",0.900000000000006,13.95,-8.20253164556962,-7.20000000000003,"solar-geolocator","Apus melba","16RQ","F50113","Switzerland Biel - Long term study on migratory movement of Alpine swifts (Apus melba)"
16890709200,true,2017-03-21 07:16:11.000,-8.1921618204804,9.00000000000001,"stationary","non-breeding site",0.450000000000003,13.5,-8.20253164556962,-6.75000000000005,"solar-geolocator","Apus melba","16RQ","F50113","Switzerland Biel - Long term study on migratory movement of Alpine swifts (Apus melba)"
16890709201,true,2017-03-21 19:57:48.000,-8.1921618204804,9.00000000000001,"stationary","non-breeding site",0.450000000000003,13.5,-8.20253164556962,-6.43678160919539,"solar-geolocator","Apus melba","16RQ","F50113","Switzerland Biel - Long term study on migratory movement of Alpine swifts (Apus melba)"
16890709206,true,2017-03-22 07:10:11.000,-8.18181818181819,8.10000000000001,"movement","migration",0.450000000000003,13.5,-8.20253164556962,-6.30788485607012,"solar-geolocator","Apus melba","16RQ","F50113","Switzerland Biel - Long term study on migratory movement of Alpine swifts (Apus melba)"
16890709207,true,2017-03-22 19:57:48.000,-8.18181818181819,8.10000000000001,"stationary","migration",0.450000000000003,13.5,-8.20253164556962,-6.30788485607012,"solar-geolocator","Apus melba","16RQ","F50113","Switzerland Biel - Long term study on migratory movement of Alpine swifts (Apus melba)"
16890709208,true,2017-03-23 07:10:11.000,-8.18181818181819,8.10000000000001,"stationary","migration",0.450000000000003,14.4,-8.20253164556962,-6.30788485607012,"solar-geolocator","Apus melba","16RQ","F50113","Switzerland Biel - Long term study on migratory movement of Alpine swifts (Apus melba)"
16890709209,true,2017-03-23 19:57:48.000,-8.18181818181819,8.10000000000001,"stationary","migration",0.450000000000003,14.4,-8.20253164556962,-6.30788485607012,"solar-geolocator","Apus melba","16RQ","F50113","Switzerland Biel - Long term study on migratory movement of Alpine swifts (Apus melba)"
16890709210,true,2017-03-24 07:08:11.000,-8.18181818181819,8.10000000000001,"stationary","migration",0.450000000000003,14.4,-8.20253164556962,-6.30788485607012,"solar-geolocator","Apus melba","16RQ","F50113","Switzerland Biel - Long term study on migratory movement of Alpine swifts (Apus melba)"
16890709211,true,2017-03-24 19:51:48.000,-8.18181818181819,8.10000000000001,"stationary","migration",0.450000000000003,14.4,-8.20253164556962,-6.30788485607012,"solar-geolocator","Apus melba","16RQ","F50113","Switzerland Biel - Long term study on migratory movement of Alpine swifts (Apus melba)"
16890709212,true,2017-03-25 07:06:11.000,-8.18181818181819,8.10000000000001,"stationary","migration",0.450000000000003,14.4,-8.20253164556962,-6.30788485607012,"solar-geolocator","Apus melba","16RQ","F50113","Switzerland Biel - Long term study on migratory movement of Alpine swifts (Apus melba)"
16890709213,true,2017-03-25 19:55:48.000,-8.18181818181819,8.10000000000001,"stationary","migration",0.450000000000003,14.4,-8.20253164556962,-6.30788485607012,"solar-geolocator","Apus melba","16RQ","F50113","Switzerland Biel - Long term study on migratory movement of Alpine swifts (Apus melba)"
16890709214,true,2017-03-26 08:12:11.000,-8.18181818181819,8.10000000000001,"stationary","migration",0.450000000000003,14.4,-8.20253164556962,-6.30788485607012,"solar-geolocator","Apus melba","16RQ","F50113","Switzerland Biel - Long term study on migratory movement of Alpine swifts (Apus melba)"
16890709215,true,2017-03-26 20:59:48.000,-8.18181818181819,8.10000000000001,"stationary","migration",0.450000000000003,14.4,-8.20253164556962,-6.30788485607012,"solar-geolocator","Apus melba","16RQ","F50113","Switzerland Biel - Long term study on migratory movement of Alpine swifts (Apus melba)"
16890709202,true,2017-03-27 08:14:11.000,-8.1921618204804,8.55000000000001,"movement","migration",0.900000000000006,16.2,-11.7884130982368,-6.30788485607012,"solar-geolocator","Apus melba","16RQ","F50113","Switzerland Biel - Long term study on migratory movement of Alpine swifts (Apus melba)"
16890707598,true,2017-03-27 21:19:48.000,-11.1772315653299,11.25,"movement","migration",0.900000000000006,22.05,-13.5678391959799,-7.40359897172239,"solar-geolocator","Apus melba","16RQ","F50113","Switzerland Biel - Long term study on migratory movement of Alpine swifts (Apus melba)"
16890707465,true,2017-03-28 08:28:11.000,-11.5236875800257,12.6,"stationary","migration",0.900000000000006,22.95,-13.7404580152672,-7.40359897172239,"solar-geolocator","Apus melba","16RQ","F50113","Switzerland Biel - Long term study on migratory movement of Alpine swifts (Apus melba)"
16890709217,true,2017-03-28 21:13:48.000,-8.00000000000003,20.7,"movement","migration",0.900000000000006,31.95,-12.1804511278196,-5.17985611510793,"solar-geolocator","Apus melba","16RQ","F50113","Switzerland Biel - Long term study on migratory movement of Alpine swifts (Apus melba)"
16890709842,true,2017-03-29 07:56:11.000,-7.28744939271254,22.95,"movement","migration",8.55000000000001,32.85,-9.23076923076925,-5.08344030808727,"solar-geolocator","Apus melba","16RQ","F50113","Switzerland Biel - Long term study on migratory movement of Alpine swifts (Apus melba)"
16890709843,true,2017-03-29 21:17:48.000,-7.21925133689839,23.4,"stationary","migration",8.55000000000001,32.85,-8.62849533954728,-4.87218045112783,"solar-geolocator","Apus melba","16RQ","F50113","Switzerland Biel - Long term study on migratory movement of Alpine swifts (Apus melba)"
16890709844,true,2017-03-30 07:50:11.000,-7.09859154929577,23.4,"stationary","migration",9.00000000000001,32.85,-8.62849533954728,-4.5827439886846,"solar-geolocator","Apus melba","16RQ","F50113","Switzerland Biel - Long term study on migratory movement of Alpine swifts (Apus melba)"
16890709847,true,2017-03-30 21:07:48.000,-6.49098474341195,26.1,"movement","migration",9.00000000000001,36.0,-8.20253164556962,-2.56776034236809,"solar-geolocator","Apus melba","16RQ","F50113","Switzerland Biel - Long term study on migratory movement of Alpine swifts (Apus melba)"
16890709894,true,2017-03-31 07:34:11.000,-3.84732824427484,29.25,"movement","migration",17.55,36.0,-6.99029126213592,-0.515759312320934,"solar-geolocator","Apus melba","16RQ","F50113","Switzerland Biel - Long term study on migratory movement of Alpine swifts (Apus melba)"
16890709929,true,2017-03-31 20:53:48.000,-1.53409090909093,31.5,"movement","migration",18.45,42.75,-5.29411764705882,6.87898089171974,"solar-geolocator","Apus melba","16RQ","F50113","Switzerland Biel - Long term study on migratory movement of Alpine swifts (Apus melba)"
16890709973,true,2017-04-01 07:00:11.000,6.0,38.25,"movement","migration",26.1,47.7,0.569620253164557,7.6056338028169,"solar-geolocator","Apus melba","16RQ","F50113","Switzerland Biel - Long term study on migratory movement of Alpine swifts (Apus melba)"
16890709974,true,2017-04-01 20:29:48.000,6.67697063369397,39.6,"movement","migration",28.35,44.1,3.6950146627566,8.70466321243523,"solar-geolocator","Apus melba","16RQ","F50113","Switzerland Biel - Long term study on migratory movement of Alpine swifts (Apus melba)"
16890709975,true,2017-04-02 06:42:11.000,6.87898089171974,40.05,"movement","migration",35.1,45.0,4.7682119205298,8.70466321243523,"solar-geolocator","Apus melba","16RQ","F50113","Switzerland Biel - Long term study on migratory movement of Alpine swifts (Apus melba)"
16890709976,true,2017-04-02 20:33:48.000,6.87898089171974,40.05,"stationary","migration",35.55,45.0,4.90630323679727,8.70466321243523,"solar-geolocator","Apus melba","16RQ","F50113","Switzerland Biel - Long term study on migratory movement of Alpine swifts (Apus melba)"
16890709977,true,2017-04-03 06:50:11.000,6.87898089171974,40.05,"stationary","migration",36.0,45.0,5.09433962264151,8.70466321243523,"solar-geolocator","Apus melba","16RQ","F50113","Switzerland Biel - Long term study on migratory movement of Alpine swifts (Apus melba)"
16890709978,true,2017-04-03 20:15:48.000,6.87898089171974,40.5,"stationary","migration",36.0,46.35,5.32894736842105,10.5109489051095,"solar-geolocator","Apus melba","16RQ","F50113","Switzerland Biel - Long term study on migratory movement of Alpine swifts (Apus melba)"
