event-id,visible,timestamp,location-long,location-lat,behavioural-classification,comments,lat-lower,lat-upper,long-lower,long-upper,sensor-type,individual-taxon-canonical-name,tag-local-identifier,individual-local-identifier,study-name
16890711608,true,2016-09-28 20:07:48.000,6.52173913043478,46.35,"movement","migration",33.75,46.35,1.10599078341014,6.52173913043478,"solar-geolocator","Apus melba","18CL","F65490","Switzerland Lausanne - Long term study on migratory movement of Alpine swifts (Apus melba)"
16890711592,true,2016-09-29 07:14:11.000,-1.89473684210528,39.15,"movement","migration",31.05,48.6,-4.32246998284734,6.52173913043478,"solar-geolocator","Apus melba","18CL","F65490","Switzerland Lausanne - Long term study on migratory movement of Alpine swifts (Apus melba)"
16890711590,true,2016-09-29 20:33:48.000,-4.19417475728154,37.35,"movement","migration",20.25,49.05,-7.73638968481377,-1.67701863354041,"solar-geolocator","Apus melba","18CL","F65490","Switzerland Lausanne - Long term study on migratory movement of Alpine swifts (Apus melba)"
16890711585,true,2016-09-30 07:42:11.000,-4.5827439886846,36.0,"stationary","migration",20.25,46.8,-7.73638968481377,-3.55263157894735,"solar-geolocator","Apus melba","18CL","F65490","Switzerland Lausanne - Long term study on migratory movement of Alpine swifts (Apus melba)"
16890711583,true,2016-09-30 20:43:48.000,-4.80000000000002,35.1,"stationary","migration",20.25,46.8,-7.73638968481377,-3.78947368421055,"solar-geolocator","Apus melba","18CL","F65490","Switzerland Lausanne - Long term study on migratory movement of Alpine swifts (Apus melba)"
16890711586,true,2016-10-01 07:42:11.000,-4.5827439886846,34.2,"movement","migration",18.0,44.1,-6.93259972489687,-3.78449408672802,"solar-geolocator","Apus melba","18CL","F65490","Switzerland Lausanne - Long term study on migratory movement of Alpine swifts (Apus melba)"
16890711587,true,2016-10-01 20:37:48.000,-4.5827439886846,32.85,"stationary","migration",18.0,44.1,-6.93259972489687,-3.78449408672802,"solar-geolocator","Apus melba","18CL","F65490","Switzerland Lausanne - Long term study on migratory movement of Alpine swifts (Apus melba)"
16890711589,true,2016-10-02 07:46:11.000,-4.52830188679245,32.85,"stationary","migration",18.0,44.1,-6.93259972489687,-3.78449408672802,"solar-geolocator","Apus melba","18CL","F65490","Switzerland Lausanne - Long term study on migratory movement of Alpine swifts (Apus melba)"
16890711588,true,2016-10-02 20:37:48.000,-4.56338028169014,31.95,"stationary","migration",18.0,44.1,-6.93259972489687,-3.78449408672802,"solar-geolocator","Apus melba","18CL","F65490","Switzerland Lausanne - Long term study on migratory movement of Alpine swifts (Apus melba)"
16890711584,true,2016-10-03 07:50:11.000,-4.75073313782992,31.5,"stationary","migration",18.0,44.1,-9.58721704394141,-3.78449408672802,"solar-geolocator","Apus melba","18CL","F65490","Switzerland Lausanne - Long term study on migratory movement of Alpine swifts (Apus melba)"
16890711051,true,2016-10-03 20:51:48.000,-10.6017925736236,26.55,"movement","migration",11.25,38.25,-12.2673656618611,-5.46961325966853,"solar-geolocator","Apus melba","18CL","F65490","Switzerland Lausanne - Long term study on migratory movement of Alpine swifts (Apus melba)"
16890710882,true,2016-10-04 08:04:11.000,-11.0627400768246,20.25,"movement","migration",12.15,36.0,-12.2673656618611,-9.5434462444772,"solar-geolocator","Apus melba","18CL","F65490","Switzerland Lausanne - Long term study on migratory movement of Alpine swifts (Apus melba)"
16890710883,true,2016-10-04 20:55:48.000,-11.0627400768246,19.35,"stationary","migration",12.15,35.1,-12.2673656618611,-10.0398406374502,"solar-geolocator","Apus melba","18CL","F65490","Switzerland Lausanne - Long term study on migratory movement of Alpine swifts (Apus melba)"
16890710881,true,2016-10-05 08:14:11.000,-11.0850439882698,18.0,"stationary","migration",12.15,34.2,-12.5698324022347,-10.3703703703704,"solar-geolocator","Apus melba","18CL","F65490","Switzerland Lausanne - Long term study on migratory movement of Alpine swifts (Apus melba)"
16890710880,true,2016-10-05 21:01:48.000,-11.0911424903723,13.95,"movement","migration",11.25,34.2,-12.5698324022347,-10.4427480916031,"solar-geolocator","Apus melba","18CL","F65490","Switzerland Lausanne - Long term study on migratory movement of Alpine swifts (Apus melba)"
16890710884,true,2016-10-06 08:12:11.000,-11.0627400768246,13.95,"stationary","non-breeding site",10.8,32.85,-12.3320158102767,-10.4427480916031,"solar-geolocator","Apus melba","18CL","F65490","Switzerland Lausanne - Long term study on migratory movement of Alpine swifts (Apus melba)"
16890710885,true,2016-10-06 20:59:48.000,-11.0627400768246,13.5,"stationary","non-breeding site",10.8,31.5,-12.2615803814714,-10.4810126582279,"solar-geolocator","Apus melba","18CL","F65490","Switzerland Lausanne - Long term study on migratory movement of Alpine swifts (Apus melba)"
16890710886,true,2016-10-07 08:06:11.000,-11.0627400768246,13.5,"stationary","non-breeding site",12.15,31.5,-12.1804511278196,-10.5343511450382,"solar-geolocator","Apus melba","18CL","F65490","Switzerland Lausanne - Long term study on migratory movement of Alpine swifts (Apus melba)"
16890710887,true,2016-10-07 20:53:48.000,-11.0627400768246,13.5,"stationary","non-breeding site",12.15,31.5,-12.1804511278196,-10.5586592178771,"solar-geolocator","Apus melba","18CL","F65490","Switzerland Lausanne - Long term study on migratory movement of Alpine swifts (Apus melba)"
16890710888,true,2016-10-08 08:10:11.000,-11.0627400768246,13.5,"stationary","non-breeding site",12.15,31.05,-12.1178120617111,-10.5586592178771,"solar-geolocator","Apus melba","18CL","F65490","Switzerland Lausanne - Long term study on migratory movement of Alpine swifts (Apus melba)"
16890710895,true,2016-10-08 20:51:48.000,-10.9847434119279,13.5,"stationary","non-breeding site",12.15,28.8,-11.9205298013245,-10.5586592178771,"solar-geolocator","Apus melba","18CL","F65490","Switzerland Lausanne - Long term study on migratory movement of Alpine swifts (Apus melba)"
16890710896,true,2016-10-09 08:04:11.000,-10.8641975308642,13.5,"stationary","non-breeding site",12.15,26.55,-11.6914749661705,-10.5882352941177,"solar-geolocator","Apus melba","18CL","F65490","Switzerland Lausanne - Long term study on migratory movement of Alpine swifts (Apus melba)"
16890710890,true,2016-10-09 20:51:48.000,-11.0485933503836,13.5,"stationary","non-breeding site",12.15,25.2,-11.6619718309859,-10.5882352941177,"solar-geolocator","Apus melba","18CL","F65490","Switzerland Lausanne - Long term study on migratory movement of Alpine swifts (Apus melba)"
16890710926,true,2016-10-10 08:08:11.000,-10.6701030927835,13.05,"stationary","non-breeding site",12.15,22.95,-11.43583227446,-10.5882352941177,"solar-geolocator","Apus melba","18CL","F65490","Switzerland Lausanne - Long term study on migratory movement of Alpine swifts (Apus melba)"
16890710899,true,2016-10-10 20:51:48.000,-10.7171853856563,13.05,"stationary","non-breeding site",12.15,22.5,-11.2981455064194,-10.5882352941177,"solar-geolocator","Apus melba","18CL","F65490","Switzerland Lausanne - Long term study on migratory movement of Alpine swifts (Apus melba)"
16890710900,true,2016-10-11 08:06:11.000,-10.6838709677419,13.05,"stationary","non-breeding site",12.15,22.05,-11.25,-10.5882352941177,"solar-geolocator","Apus melba","18CL","F65490","Switzerland Lausanne - Long term study on migratory movement of Alpine swifts (Apus melba)"
16890710891,true,2016-10-11 20:49:48.000,-11.0485933503836,13.05,"stationary","non-breeding site",12.15,20.25,-11.2207792207792,-10.5882352941177,"solar-geolocator","Apus melba","18CL","F65490","Switzerland Lausanne - Long term study on migratory movement of Alpine swifts (Apus melba)"
16890710892,true,2016-10-12 08:08:11.000,-11.0485933503836,13.05,"stationary","non-breeding site",12.15,19.35,-11.2207792207792,-10.5882352941177,"solar-geolocator","Apus melba","18CL","F65490","Switzerland Lausanne - Long term study on migratory movement of Alpine swifts (Apus melba)"
16890710893,true,2016-10-12 20:53:48.000,-11.0485933503836,13.05,"stationary","non-breeding site",12.15,18.45,-11.1917098445596,-10.5882352941177,"solar-geolocator","Apus melba","18CL","F65490","Switzerland Lausanne - Long term study on migratory movement of Alpine swifts (Apus melba)"
16890710889,true,2016-10-13 08:04:11.000,-11.0627400768246,13.05,"stationary","non-breeding site",12.15,18.0,-11.1772315653299,-10.5882352941177,"solar-geolocator","Apus melba","18CL","F65490","Switzerland Lausanne - Long term study on migratory movement of Alpine swifts (Apus melba)"
16890710894,true,2016-10-13 20:49:48.000,-11.0485933503836,13.05,"stationary","non-breeding site",12.15,17.1,-11.1483870967742,-10.5882352941177,"solar-geolocator","Apus melba","18CL","F65490","Switzerland Lausanne - Long term study on migratory movement of Alpine swifts (Apus melba)"
16890710992,true,2016-10-14 08:04:11.000,-10.6426735218509,12.6,"stationary","non-breeding site",12.15,17.1,-11.1917098445596,-10.5882352941177,"solar-geolocator","Apus melba","18CL","F65490","Switzerland Lausanne - Long term study on migratory movement of Alpine swifts (Apus melba)"
16890710995,true,2016-10-14 20:47:48.000,-10.6426735218509,12.6,"stationary","non-breeding site",12.15,16.65,-11.1483870967742,-10.5882352941177,"solar-geolocator","Apus melba","18CL","F65490","Switzerland Lausanne - Long term study on migratory movement of Alpine swifts (Apus melba)"
16890711017,true,2016-10-15 08:10:11.000,-10.6290115532735,12.6,"stationary","non-breeding site",11.7,16.2,-11.1917098445596,-10.5747126436782,"solar-geolocator","Apus melba","18CL","F65490","Switzerland Lausanne - Long term study on migratory movement of Alpine swifts (Apus melba)"
16890711018,true,2016-10-15 20:47:48.000,-10.6290115532735,12.6,"stationary","non-breeding site",12.15,16.2,-11.1483870967742,-10.5882352941177,"solar-geolocator","Apus melba","18CL","F65490","Switzerland Lausanne - Long term study on migratory movement of Alpine swifts (Apus melba)"
16890711052,true,2016-10-16 08:10:11.000,-10.6017925736236,12.6,"stationary","non-breeding site",12.15,16.2,-11.1917098445596,-10.5747126436782,"solar-geolocator","Apus melba","18CL","F65490","Switzerland Lausanne - Long term study on migratory movement of Alpine swifts (Apus melba)"
16890711019,true,2016-10-16 20:49:48.000,-10.6290115532735,12.6,"stationary","non-breeding site",12.15,16.2,-11.1772315653299,-10.5882352941177,"solar-geolocator","Apus melba","18CL","F65490","Switzerland Lausanne - Long term study on migratory movement of Alpine swifts (Apus melba)"
16890710901,true,2016-10-17 08:08:11.000,-10.6838709677419,13.05,"stationary","non-breeding site",12.15,15.75,-11.1483870967742,-10.5882352941177,"solar-geolocator","Apus melba","18CL","F65490","Switzerland Lausanne - Long term study on migratory movement of Alpine swifts (Apus melba)"
16890710902,true,2016-10-17 20:45:48.000,-10.6838709677419,13.05,"stationary","non-breeding site",12.15,15.75,-11.1340206185567,-10.5882352941177,"solar-geolocator","Apus melba","18CL","F65490","Switzerland Lausanne - Long term study on migratory movement of Alpine swifts (Apus melba)"
16890710903,true,2016-10-18 08:06:11.000,-10.6838709677419,13.05,"stationary","non-breeding site",12.15,15.75,-11.1340206185567,-10.5882352941177,"solar-geolocator","Apus melba","18CL","F65490","Switzerland Lausanne - Long term study on migratory movement of Alpine swifts (Apus melba)"
16890710904,true,2016-10-18 20:47:48.000,-10.6838709677419,13.05,"stationary","non-breeding site",12.15,15.75,-11.1340206185567,-10.5882352941177,"solar-geolocator","Apus melba","18CL","F65490","Switzerland Lausanne - Long term study on migratory movement of Alpine swifts (Apus melba)"
16890710905,true,2016-10-19 08:08:11.000,-10.6838709677419,13.05,"stationary","non-breeding site",12.15,15.3,-11.1340206185567,-10.5882352941177,"solar-geolocator","Apus melba","18CL","F65490","Switzerland Lausanne - Long term study on migratory movement of Alpine swifts (Apus melba)"
16890710906,true,2016-10-19 20:49:48.000,-10.6838709677419,13.05,"stationary","non-breeding site",12.15,15.3,-11.1340206185567,-10.5882352941177,"solar-geolocator","Apus melba","18CL","F65490","Switzerland Lausanne - Long term study on migratory movement of Alpine swifts (Apus melba)"
16890710907,true,2016-10-20 08:08:11.000,-10.6838709677419,13.05,"stationary","non-breeding site",12.15,15.3,-11.1340206185567,-10.5882352941177,"solar-geolocator","Apus melba","18CL","F65490","Switzerland Lausanne - Long term study on migratory movement of Alpine swifts (Apus melba)"
16890710908,true,2016-10-20 20:43:27.000,-10.6838709677419,13.05,"stationary","non-breeding site",12.15,14.4,-11.1340206185567,-10.5882352941177,"solar-geolocator","Apus melba","18CL","F65490","Switzerland Lausanne - Long term study on migratory movement of Alpine swifts (Apus melba)"
16890710897,true,2016-10-21 08:08:11.000,-10.7253886010363,13.05,"stationary","non-breeding site",12.15,14.4,-11.1340206185567,-10.5882352941177,"solar-geolocator","Apus melba","18CL","F65490","Switzerland Lausanne - Long term study on migratory movement of Alpine swifts (Apus melba)"
16890710898,true,2016-10-21 20:49:48.000,-10.7253886010363,13.05,"stationary","non-breeding site",12.15,14.4,-11.1340206185567,-10.5882352941177,"solar-geolocator","Apus melba","18CL","F65490","Switzerland Lausanne - Long term study on migratory movement of Alpine swifts (Apus melba)"
16890710909,true,2016-10-22 08:10:11.000,-10.6838709677419,13.05,"stationary","non-breeding site",12.15,14.4,-11.1340206185567,-10.5882352941177,"solar-geolocator","Apus melba","18CL","F65490","Switzerland Lausanne - Long term study on migratory movement of Alpine swifts (Apus melba)"
16890710910,true,2016-10-22 20:45:48.000,-10.6838709677419,13.05,"stationary","non-breeding site",12.15,14.4,-11.1340206185567,-10.5882352941177,"solar-geolocator","Apus melba","18CL","F65490","Switzerland Lausanne - Long term study on migratory movement of Alpine swifts (Apus melba)"
16890710911,true,2016-10-23 08:10:11.000,-10.6838709677419,13.05,"stationary","non-breeding site",12.15,14.4,-11.1340206185567,-10.5882352941177,"solar-geolocator","Apus melba","18CL","F65490","Switzerland Lausanne - Long term study on migratory movement of Alpine swifts (Apus melba)"
16890710912,true,2016-10-23 20:41:49.000,-10.6838709677419,13.05,"stationary","non-breeding site",12.15,14.4,-11.1340206185567,-10.5882352941177,"solar-geolocator","Apus melba","18CL","F65490","Switzerland Lausanne - Long term study on migratory movement of Alpine swifts (Apus melba)"
16890710913,true,2016-10-24 08:10:11.000,-10.6838709677419,13.05,"stationary","non-breeding site",12.15,14.4,-11.1340206185567,-10.5882352941177,"solar-geolocator","Apus melba","18CL","F65490","Switzerland Lausanne - Long term study on migratory movement of Alpine swifts (Apus melba)"
16890710914,true,2016-10-24 20:35:48.000,-10.6838709677419,13.05,"stationary","non-breeding site",12.15,14.4,-11.1340206185567,-10.5882352941177,"solar-geolocator","Apus melba","18CL","F65490","Switzerland Lausanne - Long term study on migratory movement of Alpine swifts (Apus melba)"
16890710915,true,2016-10-25 08:08:11.000,-10.6838709677419,13.05,"stationary","non-breeding site",12.15,14.4,-11.1340206185567,-10.5882352941177,"solar-geolocator","Apus melba","18CL","F65490","Switzerland Lausanne - Long term study on migratory movement of Alpine swifts (Apus melba)"
16890710916,true,2016-10-25 20:43:48.000,-10.6838709677419,13.05,"stationary","non-breeding site",12.15,14.4,-11.1340206185567,-10.5882352941177,"solar-geolocator","Apus melba","18CL","F65490","Switzerland Lausanne - Long term study on migratory movement of Alpine swifts (Apus melba)"
16890710917,true,2016-10-26 08:06:11.000,-10.6838709677419,13.05,"stationary","non-breeding site",12.15,14.4,-11.1340206185567,-10.5882352941177,"solar-geolocator","Apus melba","18CL","F65490","Switzerland Lausanne - Long term study on migratory movement of Alpine swifts (Apus melba)"
16890710918,true,2016-10-26 20:43:48.000,-10.6838709677419,13.05,"stationary","non-breeding site",12.15,14.4,-11.1340206185567,-10.5882352941177,"solar-geolocator","Apus melba","18CL","F65490","Switzerland Lausanne - Long term study on migratory movement of Alpine swifts (Apus melba)"
16890710919,true,2016-10-27 08:08:11.000,-10.6838709677419,13.05,"stationary","non-breeding site",12.15,14.4,-11.1340206185567,-10.5882352941177,"solar-geolocator","Apus melba","18CL","F65490","Switzerland Lausanne - Long term study on migratory movement of Alpine swifts (Apus melba)"
16890710920,true,2016-10-27 20:43:48.000,-10.6838709677419,13.05,"stationary","non-breeding site",12.15,14.4,-11.1340206185567,-10.5882352941177,"solar-geolocator","Apus melba","18CL","F65490","Switzerland Lausanne - Long term study on migratory movement of Alpine swifts (Apus melba)"
16890710921,true,2016-10-28 08:10:11.000,-10.6838709677419,13.05,"stationary","non-breeding site",12.15,14.4,-11.1340206185567,-10.5882352941177,"solar-geolocator","Apus melba","18CL","F65490","Switzerland Lausanne - Long term study on migratory movement of Alpine swifts (Apus melba)"
16890710922,true,2016-10-28 20:43:48.000,-10.6838709677419,13.05,"stationary","non-breeding site",12.15,14.4,-11.1340206185567,-10.5882352941177,"solar-geolocator","Apus melba","18CL","F65490","Switzerland Lausanne - Long term study on migratory movement of Alpine swifts (Apus melba)"
16890710923,true,2016-10-29 08:08:11.000,-10.6838709677419,13.05,"stationary","non-breeding site",12.15,14.4,-11.1053984575836,-10.5882352941177,"solar-geolocator","Apus melba","18CL","F65490","Switzerland Lausanne - Long term study on migratory movement of Alpine swifts (Apus melba)"
16890710924,true,2016-10-29 20:41:48.000,-10.6838709677419,13.05,"stationary","non-breeding site",12.15,14.4,-11.1053984575836,-10.5882352941177,"solar-geolocator","Apus melba","18CL","F65490","Switzerland Lausanne - Long term study on migratory movement of Alpine swifts (Apus melba)"
16890710927,true,2016-10-30 07:08:11.000,-10.6701030927835,13.05,"stationary","non-breeding site",12.15,14.4,-11.1053984575836,-10.5882352941177,"solar-geolocator","Apus melba","18CL","F65490","Switzerland Lausanne - Long term study on migratory movement of Alpine swifts (Apus melba)"
16890710925,true,2016-10-30 19:41:48.000,-10.6838709677419,13.05,"stationary","non-breeding site",12.15,14.4,-11.1053984575836,-10.5882352941177,"solar-geolocator","Apus melba","18CL","F65490","Switzerland Lausanne - Long term study on migratory movement of Alpine swifts (Apus melba)"
16890710928,true,2016-10-31 07:12:11.000,-10.6701030927835,13.05,"stationary","non-breeding site",12.15,14.4,-11.1053984575836,-10.5882352941177,"solar-geolocator","Apus melba","18CL","F65490","Switzerland Lausanne - Long term study on migratory movement of Alpine swifts (Apus melba)"
16890710929,true,2016-10-31 19:43:48.000,-10.6701030927835,13.05,"stationary","non-breeding site",12.15,14.4,-11.1053984575836,-10.5882352941177,"solar-geolocator","Apus melba","18CL","F65490","Switzerland Lausanne - Long term study on migratory movement of Alpine swifts (Apus melba)"
16890710930,true,2016-11-01 07:12:11.000,-10.6701030927835,13.05,"stationary","non-breeding site",12.15,14.4,-11.1053984575836,-10.5882352941177,"solar-geolocator","Apus melba","18CL","F65490","Switzerland Lausanne - Long term study on migratory movement of Alpine swifts (Apus melba)"
16890710931,true,2016-11-01 19:37:48.000,-10.6701030927835,13.05,"stationary","non-breeding site",12.15,14.4,-11.1053984575836,-10.5882352941177,"solar-geolocator","Apus melba","18CL","F65490","Switzerland Lausanne - Long term study on migratory movement of Alpine swifts (Apus melba)"
16890710932,true,2016-11-02 07:22:11.000,-10.6701030927835,13.05,"stationary","non-breeding site",12.15,14.4,-11.1053984575836,-10.5882352941177,"solar-geolocator","Apus melba","18CL","F65490","Switzerland Lausanne - Long term study on migratory movement of Alpine swifts (Apus melba)"
16890710933,true,2016-11-02 19:37:48.000,-10.6701030927835,13.05,"stationary","non-breeding site",12.15,14.4,-11.1053984575836,-10.5882352941177,"solar-geolocator","Apus melba","18CL","F65490","Switzerland Lausanne - Long term study on migratory movement of Alpine swifts (Apus melba)"
16890710934,true,2016-11-03 07:18:11.000,-10.6701030927835,13.05,"stationary","non-breeding site",12.15,14.4,-11.1053984575836,-10.5882352941177,"solar-geolocator","Apus melba","18CL","F65490","Switzerland Lausanne - Long term study on migratory movement of Alpine swifts (Apus melba)"
16890710935,true,2016-11-03 19:39:48.000,-10.6701030927835,12.6,"stationary","non-breeding site",12.15,14.4,-11.1053984575836,-10.5882352941177,"solar-geolocator","Apus melba","18CL","F65490","Switzerland Lausanne - Long term study on migratory movement of Alpine swifts (Apus melba)"
16890710936,true,2016-11-04 07:18:11.000,-10.6701030927835,12.6,"stationary","non-breeding site",12.15,14.4,-11.1053984575836,-10.5882352941177,"solar-geolocator","Apus melba","18CL","F65490","Switzerland Lausanne - Long term study on migratory movement of Alpine swifts (Apus melba)"
16890710937,true,2016-11-04 19:33:48.000,-10.6701030927835,12.6,"stationary","non-breeding site",12.15,14.4,-11.1053984575836,-10.5882352941177,"solar-geolocator","Apus melba","18CL","F65490","Switzerland Lausanne - Long term study on migratory movement of Alpine swifts (Apus melba)"
16890710938,true,2016-11-05 07:12:11.000,-10.6701030927835,12.6,"stationary","non-breeding site",12.15,14.4,-11.1053984575836,-10.5882352941177,"solar-geolocator","Apus melba","18CL","F65490","Switzerland Lausanne - Long term study on migratory movement of Alpine swifts (Apus melba)"
16890710939,true,2016-11-05 19:43:48.000,-10.6701030927835,12.6,"stationary","non-breeding site",12.15,13.95,-11.1053984575836,-10.5882352941177,"solar-geolocator","Apus melba","18CL","F65490","Switzerland Lausanne - Long term study on migratory movement of Alpine swifts (Apus melba)"
16890710940,true,2016-11-06 07:12:11.000,-10.6701030927835,12.6,"stationary","non-breeding site",12.15,13.95,-11.1053984575836,-10.5882352941177,"solar-geolocator","Apus melba","18CL","F65490","Switzerland Lausanne - Long term study on migratory movement of Alpine swifts (Apus melba)"
16890710941,true,2016-11-06 19:43:48.000,-10.6701030927835,12.6,"stationary","non-breeding site",12.15,13.95,-11.1053984575836,-10.5882352941177,"solar-geolocator","Apus melba","18CL","F65490","Switzerland Lausanne - Long term study on migratory movement of Alpine swifts (Apus melba)"
16890710942,true,2016-11-07 07:12:11.000,-10.6701030927835,12.6,"stationary","non-breeding site",12.15,13.95,-11.1053984575836,-10.5882352941177,"solar-geolocator","Apus melba","18CL","F65490","Switzerland Lausanne - Long term study on migratory movement of Alpine swifts (Apus melba)"
16890710943,true,2016-11-07 19:41:48.000,-10.6701030927835,12.6,"stationary","non-breeding site",12.15,13.95,-11.1053984575836,-10.5882352941177,"solar-geolocator","Apus melba","18CL","F65490","Switzerland Lausanne - Long term study on migratory movement of Alpine swifts (Apus melba)"
16890710944,true,2016-11-08 07:10:11.000,-10.6701030927835,12.6,"stationary","non-breeding site",12.15,13.95,-11.1053984575836,-10.5882352941177,"solar-geolocator","Apus melba","18CL","F65490","Switzerland Lausanne - Long term study on migratory movement of Alpine swifts (Apus melba)"
16890710945,true,2016-11-08 19:41:48.000,-10.6701030927835,12.6,"stationary","non-breeding site",12.15,13.95,-11.1053984575836,-10.5882352941177,"solar-geolocator","Apus melba","18CL","F65490","Switzerland Lausanne - Long term study on migratory movement of Alpine swifts (Apus melba)"
16890710946,true,2016-11-09 07:12:11.000,-10.6701030927835,12.6,"stationary","non-breeding site",12.15,13.95,-11.1053984575836,-10.5882352941177,"solar-geolocator","Apus melba","18CL","F65490","Switzerland Lausanne - Long term study on migratory movement of Alpine swifts (Apus melba)"
16890710947,true,2016-11-09 19:39:48.000,-10.6701030927835,12.6,"stationary","non-breeding site",12.15,13.95,-11.1053984575836,-10.5882352941177,"solar-geolocator","Apus melba","18CL","F65490","Switzerland Lausanne - Long term study on migratory movement of Alpine swifts (Apus melba)"
16890710948,true,2016-11-10 07:12:11.000,-10.6701030927835,12.6,"stationary","non-breeding site",12.15,13.95,-11.1053984575836,-10.5882352941177,"solar-geolocator","Apus melba","18CL","F65490","Switzerland Lausanne - Long term study on migratory movement of Alpine swifts (Apus melba)"
16890710949,true,2016-11-10 19:41:48.000,-10.6701030927835,12.6,"stationary","non-breeding site",12.15,13.95,-11.1053984575836,-10.5882352941177,"solar-geolocator","Apus melba","18CL","F65490","Switzerland Lausanne - Long term study on migratory movement of Alpine swifts (Apus melba)"
16890710950,true,2016-11-11 07:16:11.000,-10.6701030927835,12.6,"stationary","non-breeding site",12.15,13.95,-11.1053984575836,-10.5882352941177,"solar-geolocator","Apus melba","18CL","F65490","Switzerland Lausanne - Long term study on migratory movement of Alpine swifts (Apus melba)"
16890710951,true,2016-11-11 19:41:48.000,-10.6701030927835,12.6,"stationary","non-breeding site",12.15,13.95,-11.1053984575836,-10.5882352941177,"solar-geolocator","Apus melba","18CL","F65490","Switzerland Lausanne - Long term study on migratory movement of Alpine swifts (Apus melba)"
16890710952,true,2016-11-12 07:16:11.000,-10.6701030927835,12.6,"stationary","non-breeding site",12.15,13.95,-11.1053984575836,-10.5882352941177,"solar-geolocator","Apus melba","18CL","F65490","Switzerland Lausanne - Long term study on migratory movement of Alpine swifts (Apus melba)"
16890710953,true,2016-11-12 19:39:48.000,-10.6701030927835,12.6,"stationary","non-breeding site",12.15,13.95,-11.1053984575836,-10.5882352941177,"solar-geolocator","Apus melba","18CL","F65490","Switzerland Lausanne - Long term study on migratory movement of Alpine swifts (Apus melba)"
16890710954,true,2016-11-13 07:08:11.000,-10.6701030927835,12.6,"stationary","non-breeding site",12.15,13.95,-11.1053984575836,-10.5882352941177,"solar-geolocator","Apus melba","18CL","F65490","Switzerland Lausanne - Long term study on migratory movement of Alpine swifts (Apus melba)"
16890710955,true,2016-11-13 19:35:48.000,-10.6701030927835,12.6,"stationary","non-breeding site",12.15,13.95,-11.1053984575836,-10.5882352941177,"solar-geolocator","Apus melba","18CL","F65490","Switzerland Lausanne - Long term study on migratory movement of Alpine swifts (Apus melba)"
16890710956,true,2016-11-14 07:08:11.000,-10.6701030927835,12.6,"stationary","non-breeding site",12.15,13.95,-11.1053984575836,-10.5882352941177,"solar-geolocator","Apus melba","18CL","F65490","Switzerland Lausanne - Long term study on migratory movement of Alpine swifts (Apus melba)"
16890710957,true,2016-11-14 19:33:02.000,-10.6701030927835,12.6,"stationary","non-breeding site",12.15,13.95,-11.1053984575836,-10.5882352941177,"solar-geolocator","Apus melba","18CL","F65490","Switzerland Lausanne - Long term study on migratory movement of Alpine swifts (Apus melba)"
16890710958,true,2016-11-15 07:12:09.000,-10.6701030927835,12.6,"stationary","non-breeding site",12.15,13.95,-11.1053984575836,-10.5882352941177,"solar-geolocator","Apus melba","18CL","F65490","Switzerland Lausanne - Long term study on migratory movement of Alpine swifts (Apus melba)"
16890710959,true,2016-11-15 19:37:48.000,-10.6701030927835,12.6,"stationary","non-breeding site",12.15,13.95,-11.1053984575836,-10.5882352941177,"solar-geolocator","Apus melba","18CL","F65490","Switzerland Lausanne - Long term study on migratory movement of Alpine swifts (Apus melba)"
16890710960,true,2016-11-16 07:16:11.000,-10.6701030927835,12.6,"stationary","non-breeding site",12.15,13.95,-11.1053984575836,-10.5882352941177,"solar-geolocator","Apus melba","18CL","F65490","Switzerland Lausanne - Long term study on migratory movement of Alpine swifts (Apus melba)"
16890710961,true,2016-11-16 19:37:48.000,-10.6701030927835,12.6,"stationary","non-breeding site",12.15,13.95,-11.1053984575836,-10.5882352941177,"solar-geolocator","Apus melba","18CL","F65490","Switzerland Lausanne - Long term study on migratory movement of Alpine swifts (Apus melba)"
16890710962,true,2016-11-17 07:14:11.000,-10.6701030927835,12.6,"stationary","non-breeding site",12.15,13.95,-11.1053984575836,-10.5882352941177,"solar-geolocator","Apus melba","18CL","F65490","Switzerland Lausanne - Long term study on migratory movement of Alpine swifts (Apus melba)"
16890710963,true,2016-11-17 19:39:48.000,-10.6701030927835,12.6,"stationary","non-breeding site",12.15,13.95,-11.1053984575836,-10.5882352941177,"solar-geolocator","Apus melba","18CL","F65490","Switzerland Lausanne - Long term study on migratory movement of Alpine swifts (Apus melba)"
16890710964,true,2016-11-18 07:14:11.000,-10.6701030927835,12.6,"stationary","non-breeding site",12.15,13.95,-11.1053984575836,-10.5882352941177,"solar-geolocator","Apus melba","18CL","F65490","Switzerland Lausanne - Long term study on migratory movement of Alpine swifts (Apus melba)"
16890710965,true,2016-11-18 19:41:48.000,-10.6701030927835,12.6,"stationary","non-breeding site",12.15,13.95,-11.1053984575836,-10.5882352941177,"solar-geolocator","Apus melba","18CL","F65490","Switzerland Lausanne - Long term study on migratory movement of Alpine swifts (Apus melba)"
16890710966,true,2016-11-19 07:16:11.000,-10.6701030927835,12.6,"stationary","non-breeding site",12.15,13.95,-11.1053984575836,-10.5882352941177,"solar-geolocator","Apus melba","18CL","F65490","Switzerland Lausanne - Long term study on migratory movement of Alpine swifts (Apus melba)"
16890710967,true,2016-11-19 19:43:48.000,-10.6701030927835,12.6,"stationary","non-breeding site",12.15,13.95,-11.1053984575836,-10.5882352941177,"solar-geolocator","Apus melba","18CL","F65490","Switzerland Lausanne - Long term study on migratory movement of Alpine swifts (Apus melba)"
16890710968,true,2016-11-20 07:18:11.000,-10.6701030927835,12.6,"stationary","non-breeding site",12.15,13.95,-11.1053984575836,-10.5882352941177,"solar-geolocator","Apus melba","18CL","F65490","Switzerland Lausanne - Long term study on migratory movement of Alpine swifts (Apus melba)"
16890710969,true,2016-11-20 19:49:48.000,-10.6701030927835,12.6,"stationary","non-breeding site",12.15,13.95,-11.1053984575836,-10.5882352941177,"solar-geolocator","Apus melba","18CL","F65490","Switzerland Lausanne - Long term study on migratory movement of Alpine swifts (Apus melba)"
16890710970,true,2016-11-21 07:18:10.000,-10.6701030927835,12.6,"stationary","non-breeding site",12.15,13.95,-11.1053984575836,-10.5882352941177,"solar-geolocator","Apus melba","18CL","F65490","Switzerland Lausanne - Long term study on migratory movement of Alpine swifts (Apus melba)"
16890710971,true,2016-11-21 19:43:48.000,-10.6701030927835,12.6,"stationary","non-breeding site",12.15,13.95,-11.1053984575836,-10.5882352941177,"solar-geolocator","Apus melba","18CL","F65490","Switzerland Lausanne - Long term study on migratory movement of Alpine swifts (Apus melba)"
16890710972,true,2016-11-22 07:18:11.000,-10.6701030927835,12.6,"stationary","non-breeding site",12.15,13.95,-11.1053984575836,-10.5882352941177,"solar-geolocator","Apus melba","18CL","F65490","Switzerland Lausanne - Long term study on migratory movement of Alpine swifts (Apus melba)"
16890710973,true,2016-11-22 19:41:48.000,-10.6701030927835,12.6,"stationary","non-breeding site",12.15,13.95,-11.1053984575836,-10.5882352941177,"solar-geolocator","Apus melba","18CL","F65490","Switzerland Lausanne - Long term study on migratory movement of Alpine swifts (Apus melba)"
16890710974,true,2016-11-23 07:18:11.000,-10.6701030927835,12.6,"stationary","non-breeding site",12.15,13.95,-11.1053984575836,-10.5882352941177,"solar-geolocator","Apus melba","18CL","F65490","Switzerland Lausanne - Long term study on migratory movement of Alpine swifts (Apus melba)"
16890710975,true,2016-11-23 19:41:48.000,-10.6701030927835,12.6,"stationary","non-breeding site",12.15,14.4,-11.1053984575836,-10.5882352941177,"solar-geolocator","Apus melba","18CL","F65490","Switzerland Lausanne - Long term study on migratory movement of Alpine swifts (Apus melba)"
16890710976,true,2016-11-24 07:18:11.000,-10.6701030927835,12.6,"stationary","non-breeding site",12.15,14.4,-11.1053984575836,-10.5882352941177,"solar-geolocator","Apus melba","18CL","F65490","Switzerland Lausanne - Long term study on migratory movement of Alpine swifts (Apus melba)"
16890710977,true,2016-11-24 19:43:48.000,-10.6701030927835,12.6,"stationary","non-breeding site",12.15,14.4,-11.1053984575836,-10.5882352941177,"solar-geolocator","Apus melba","18CL","F65490","Switzerland Lausanne - Long term study on migratory movement of Alpine swifts (Apus melba)"
16890710978,true,2016-11-25 07:20:11.000,-10.6701030927835,12.6,"stationary","non-breeding site",12.15,14.4,-11.1053984575836,-10.5882352941177,"solar-geolocator","Apus melba","18CL","F65490","Switzerland Lausanne - Long term study on migratory movement of Alpine swifts (Apus melba)"
16890710979,true,2016-11-25 19:47:48.000,-10.6701030927835,12.6,"stationary","non-breeding site",12.15,14.4,-11.1053984575836,-10.5882352941177,"solar-geolocator","Apus melba","18CL","F65490","Switzerland Lausanne - Long term study on migratory movement of Alpine swifts (Apus melba)"
16890710980,true,2016-11-26 07:20:11.000,-10.6701030927835,12.6,"stationary","non-breeding site",12.15,13.95,-11.1053984575836,-10.5882352941177,"solar-geolocator","Apus melba","18CL","F65490","Switzerland Lausanne - Long term study on migratory movement of Alpine swifts (Apus melba)"
16890710981,true,2016-11-26 19:39:48.000,-10.6701030927835,12.6,"stationary","non-breeding site",12.15,13.95,-11.1053984575836,-10.5882352941177,"solar-geolocator","Apus melba","18CL","F65490","Switzerland Lausanne - Long term study on migratory movement of Alpine swifts (Apus melba)"
16890710982,true,2016-11-27 07:12:11.000,-10.6701030927835,12.6,"stationary","non-breeding site",12.15,13.95,-11.1053984575836,-10.5882352941177,"solar-geolocator","Apus melba","18CL","F65490","Switzerland Lausanne - Long term study on migratory movement of Alpine swifts (Apus melba)"
16890711080,true,2016-11-27 19:39:48.000,-10.6017925736236,12.6,"movement","non-breeding site",8.10000000000001,13.95,-11.1053984575836,-8.63636363636363,"solar-geolocator","Apus melba","18CL","F65490","Switzerland Lausanne - Long term study on migratory movement of Alpine swifts (Apus melba)"
16890711216,true,2016-11-28 07:06:11.000,-8.65822784810129,9.00000000000001,"movement","migration",8.10000000000001,13.95,-11.1053984575836,-8.20253164556962,"solar-geolocator","Apus melba","18CL","F65490","Switzerland Lausanne - Long term study on migratory movement of Alpine swifts (Apus melba)"
16890711227,true,2016-11-28 19:33:48.000,-8.64728192161823,9.00000000000001,"movement","migration",8.10000000000001,13.95,-11.0627400768246,-8.20253164556962,"solar-geolocator","Apus melba","18CL","F65490","Switzerland Lausanne - Long term study on migratory movement of Alpine swifts (Apus melba)"
16890711228,true,2016-11-29 07:04:11.000,-8.64728192161823,8.55000000000001,"movement","migration",8.10000000000001,12.6,-10.6017925736236,-8.1921618204804,"solar-geolocator","Apus melba","18CL","F65490","Switzerland Lausanne - Long term study on migratory movement of Alpine swifts (Apus melba)"
16890711229,true,2016-11-29 19:33:48.000,-8.64728192161823,8.55000000000001,"stationary","migration",8.10000000000001,9.90000000000001,-9.11392405063295,-8.1921618204804,"solar-geolocator","Apus melba","18CL","F65490","Switzerland Lausanne - Long term study on migratory movement of Alpine swifts (Apus melba)"
16890711230,true,2016-11-30 07:04:11.000,-8.64728192161823,8.55000000000001,"stationary","non-breeding site",7.65000000000001,9.45,-8.68020304568533,-8.1921618204804,"solar-geolocator","Apus melba","18CL","F65490","Switzerland Lausanne - Long term study on migratory movement of Alpine swifts (Apus melba)"
16890711231,true,2016-11-30 19:35:48.000,-8.64728192161823,8.55000000000001,"stationary","non-breeding site",8.10000000000001,9.45,-8.66920152091257,-8.1921618204804,"solar-geolocator","Apus melba","18CL","F65490","Switzerland Lausanne - Long term study on migratory movement of Alpine swifts (Apus melba)"
16890711232,true,2016-12-01 07:06:11.000,-8.64728192161823,8.55000000000001,"stationary","non-breeding site",8.10000000000001,9.45,-8.66920152091257,-8.1921618204804,"solar-geolocator","Apus melba","18CL","F65490","Switzerland Lausanne - Long term study on migratory movement of Alpine swifts (Apus melba)"
16890711233,true,2016-12-01 19:39:48.000,-8.64728192161823,8.55000000000001,"stationary","non-breeding site",8.10000000000001,9.45,-8.66920152091257,-8.1921618204804,"solar-geolocator","Apus melba","18CL","F65490","Switzerland Lausanne - Long term study on migratory movement of Alpine swifts (Apus melba)"
16890711234,true,2016-12-02 07:08:11.000,-8.64728192161823,8.55000000000001,"stationary","non-breeding site",8.10000000000001,9.45,-8.66920152091257,-8.1921618204804,"solar-geolocator","Apus melba","18CL","F65490","Switzerland Lausanne - Long term study on migratory movement of Alpine swifts (Apus melba)"
16890711235,true,2016-12-02 19:41:48.000,-8.64728192161823,8.55000000000001,"stationary","non-breeding site",8.10000000000001,9.45,-8.66920152091257,-8.1921618204804,"solar-geolocator","Apus melba","18CL","F65490","Switzerland Lausanne - Long term study on migratory movement of Alpine swifts (Apus melba)"
16890711236,true,2016-12-03 07:10:11.000,-8.64728192161823,8.55000000000001,"stationary","non-breeding site",8.10000000000001,9.45,-8.66920152091257,-8.1921618204804,"solar-geolocator","Apus melba","18CL","F65490","Switzerland Lausanne - Long term study on migratory movement of Alpine swifts (Apus melba)"
16890711237,true,2016-12-03 19:43:48.000,-8.64728192161823,8.55000000000001,"stationary","non-breeding site",7.65000000000001,9.45,-8.66920152091257,-8.1921618204804,"solar-geolocator","Apus melba","18CL","F65490","Switzerland Lausanne - Long term study on migratory movement of Alpine swifts (Apus melba)"
16890711238,true,2016-12-04 07:12:11.000,-8.64728192161823,8.55000000000001,"stationary","non-breeding site",8.10000000000001,9.45,-8.66920152091257,-8.1921618204804,"solar-geolocator","Apus melba","18CL","F65490","Switzerland Lausanne - Long term study on migratory movement of Alpine swifts (Apus melba)"
16890711239,true,2016-12-04 19:43:48.000,-8.64728192161823,8.55000000000001,"stationary","non-breeding site",7.65000000000001,9.45,-8.66920152091257,-8.1921618204804,"solar-geolocator","Apus melba","18CL","F65490","Switzerland Lausanne - Long term study on migratory movement of Alpine swifts (Apus melba)"
16890711240,true,2016-12-05 07:12:11.000,-8.64728192161823,8.55000000000001,"stationary","non-breeding site",7.65000000000001,9.45,-8.66920152091257,-8.1921618204804,"solar-geolocator","Apus melba","18CL","F65490","Switzerland Lausanne - Long term study on migratory movement of Alpine swifts (Apus melba)"
16890711241,true,2016-12-05 19:39:48.000,-8.64728192161823,8.55000000000001,"stationary","non-breeding site",8.10000000000001,9.45,-8.66920152091257,-8.1921618204804,"solar-geolocator","Apus melba","18CL","F65490","Switzerland Lausanne - Long term study on migratory movement of Alpine swifts (Apus melba)"
16890711242,true,2016-12-06 07:10:11.000,-8.64728192161823,8.55000000000001,"stationary","non-breeding site",8.10000000000001,9.45,-8.66920152091257,-8.1921618204804,"solar-geolocator","Apus melba","18CL","F65490","Switzerland Lausanne - Long term study on migratory movement of Alpine swifts (Apus melba)"
16890711243,true,2016-12-06 19:45:48.000,-8.64728192161823,8.55000000000001,"stationary","non-breeding site",8.10000000000001,9.45,-8.66920152091257,-8.1921618204804,"solar-geolocator","Apus melba","18CL","F65490","Switzerland Lausanne - Long term study on migratory movement of Alpine swifts (Apus melba)"
16890711244,true,2016-12-07 07:10:11.000,-8.64728192161823,8.55000000000001,"stationary","non-breeding site",8.10000000000001,9.45,-8.66920152091257,-8.1921618204804,"solar-geolocator","Apus melba","18CL","F65490","Switzerland Lausanne - Long term study on migratory movement of Alpine swifts (Apus melba)"
16890711245,true,2016-12-07 19:41:48.000,-8.64728192161823,8.55000000000001,"stationary","non-breeding site",8.10000000000001,9.45,-8.66920152091257,-8.1921618204804,"solar-geolocator","Apus melba","18CL","F65490","Switzerland Lausanne - Long term study on migratory movement of Alpine swifts (Apus melba)"
16890711246,true,2016-12-08 07:12:11.000,-8.64728192161823,8.55000000000001,"stationary","non-breeding site",8.10000000000001,9.45,-8.66920152091257,-8.20253164556962,"solar-geolocator","Apus melba","18CL","F65490","Switzerland Lausanne - Long term study on migratory movement of Alpine swifts (Apus melba)"
16890711247,true,2016-12-08 19:35:48.000,-8.64728192161823,8.55000000000001,"stationary","non-breeding site",8.10000000000001,9.45,-8.66920152091257,-8.20253164556962,"solar-geolocator","Apus melba","18CL","F65490","Switzerland Lausanne - Long term study on migratory movement of Alpine swifts (Apus melba)"
16890711248,true,2016-12-09 07:14:10.000,-8.64728192161823,8.55000000000001,"stationary","non-breeding site",8.10000000000001,9.45,-8.66920152091257,-8.1921618204804,"solar-geolocator","Apus melba","18CL","F65490","Switzerland Lausanne - Long term study on migratory movement of Alpine swifts (Apus melba)"
16890711249,true,2016-12-09 19:41:48.000,-8.64728192161823,8.55000000000001,"stationary","non-breeding site",8.10000000000001,9.45,-8.66920152091257,-8.20253164556962,"solar-geolocator","Apus melba","18CL","F65490","Switzerland Lausanne - Long term study on migratory movement of Alpine swifts (Apus melba)"
16890711250,true,2016-12-10 07:12:11.000,-8.64728192161823,8.55000000000001,"stationary","non-breeding site",8.10000000000001,9.45,-8.66920152091257,-8.20253164556962,"solar-geolocator","Apus melba","18CL","F65490","Switzerland Lausanne - Long term study on migratory movement of Alpine swifts (Apus melba)"
16890711251,true,2016-12-10 19:43:48.000,-8.64728192161823,8.55000000000001,"stationary","non-breeding site",8.10000000000001,9.00000000000001,-8.66920152091257,-8.20253164556962,"solar-geolocator","Apus melba","18CL","F65490","Switzerland Lausanne - Long term study on migratory movement of Alpine swifts (Apus melba)"
16890711252,true,2016-12-11 07:14:11.000,-8.64728192161823,8.55000000000001,"stationary","non-breeding site",8.10000000000001,9.44999999999999,-8.66920152091257,-8.62547288776797,"solar-geolocator","Apus melba","18CL","F65490","Switzerland Lausanne - Long term study on migratory movement of Alpine swifts (Apus melba)"
16890711253,true,2016-12-11 19:41:48.000,-8.64728192161823,8.55000000000001,"stationary","non-breeding site",8.10000000000001,9.00000000000001,-8.66920152091257,-8.62547288776797,"solar-geolocator","Apus melba","18CL","F65490","Switzerland Lausanne - Long term study on migratory movement of Alpine swifts (Apus melba)"
16890711254,true,2016-12-12 07:16:11.000,-8.64728192161823,8.55000000000001,"stationary","non-breeding site",8.10000000000001,9.00000000000001,-8.65822784810129,-8.62547288776797,"solar-geolocator","Apus melba","18CL","F65490","Switzerland Lausanne - Long term study on migratory movement of Alpine swifts (Apus melba)"
16890711255,true,2016-12-12 19:41:48.000,-8.64728192161823,8.55000000000001,"stationary","non-breeding site",8.10000000000001,9.00000000000001,-8.65822784810129,-8.62547288776797,"solar-geolocator","Apus melba","18CL","F65490","Switzerland Lausanne - Long term study on migratory movement of Alpine swifts (Apus melba)"
16890711256,true,2016-12-13 07:16:11.000,-8.64728192161823,8.55000000000001,"stationary","non-breeding site",8.10000000000001,9.00000000000001,-8.65822784810129,-8.62547288776797,"solar-geolocator","Apus melba","18CL","F65490","Switzerland Lausanne - Long term study on migratory movement of Alpine swifts (Apus melba)"
16890711257,true,2016-12-13 19:39:48.000,-8.64728192161823,8.55000000000001,"stationary","non-breeding site",8.10000000000001,9.00000000000001,-8.65822784810129,-8.62547288776797,"solar-geolocator","Apus melba","18CL","F65490","Switzerland Lausanne - Long term study on migratory movement of Alpine swifts (Apus melba)"
16890711258,true,2016-12-14 07:12:11.000,-8.64728192161823,8.55000000000001,"stationary","non-breeding site",8.10000000000001,9.00000000000001,-8.65822784810129,-8.63636363636363,"solar-geolocator","Apus melba","18CL","F65490","Switzerland Lausanne - Long term study on migratory movement of Alpine swifts (Apus melba)"
16890711259,true,2016-12-14 19:43:48.000,-8.64728192161823,8.55000000000001,"stationary","non-breeding site",8.10000000000001,9.00000000000001,-8.65822784810129,-8.63636363636363,"solar-geolocator","Apus melba","18CL","F65490","Switzerland Lausanne - Long term study on migratory movement of Alpine swifts (Apus melba)"
16890711260,true,2016-12-15 07:16:11.000,-8.64728192161823,8.55000000000001,"stationary","non-breeding site",8.10000000000001,9.00000000000001,-8.65822784810129,-8.63636363636363,"solar-geolocator","Apus melba","18CL","F65490","Switzerland Lausanne - Long term study on migratory movement of Alpine swifts (Apus melba)"
16890711261,true,2016-12-15 19:45:48.000,-8.64728192161823,8.55000000000001,"stationary","non-breeding site",8.10000000000001,9.00000000000001,-8.65822784810129,-8.63636363636363,"solar-geolocator","Apus melba","18CL","F65490","Switzerland Lausanne - Long term study on migratory movement of Alpine swifts (Apus melba)"
16890711262,true,2016-12-16 07:14:11.000,-8.64728192161823,8.55000000000001,"stationary","non-breeding site",8.10000000000001,9.00000000000001,-8.65822784810129,-8.63636363636363,"solar-geolocator","Apus melba","18CL","F65490","Switzerland Lausanne - Long term study on migratory movement of Alpine swifts (Apus melba)"
16890711263,true,2016-12-16 19:45:48.000,-8.64728192161823,8.55000000000001,"stationary","non-breeding site",8.10000000000001,9.00000000000001,-8.65822784810129,-8.63636363636363,"solar-geolocator","Apus melba","18CL","F65490","Switzerland Lausanne - Long term study on migratory movement of Alpine swifts (Apus melba)"
16890711264,true,2016-12-17 07:12:11.000,-8.64728192161823,8.55000000000001,"stationary","non-breeding site",8.10000000000001,9.00000000000001,-8.65822784810129,-8.63636363636363,"solar-geolocator","Apus melba","18CL","F65490","Switzerland Lausanne - Long term study on migratory movement of Alpine swifts (Apus melba)"
16890711265,true,2016-12-17 19:45:48.000,-8.64728192161823,8.55000000000001,"stationary","non-breeding site",8.10000000000001,9.00000000000001,-8.65822784810129,-8.63636363636363,"solar-geolocator","Apus melba","18CL","F65490","Switzerland Lausanne - Long term study on migratory movement of Alpine swifts (Apus melba)"
16890711266,true,2016-12-18 07:16:11.000,-8.64728192161823,8.55000000000001,"stationary","non-breeding site",8.10000000000001,9.00000000000001,-8.65822784810129,-8.63636363636363,"solar-geolocator","Apus melba","18CL","F65490","Switzerland Lausanne - Long term study on migratory movement of Alpine swifts (Apus melba)"
16890711267,true,2016-12-18 19:49:48.000,-8.64728192161823,8.55000000000001,"stationary","non-breeding site",8.10000000000001,9.00000000000001,-8.65822784810129,-8.63636363636363,"solar-geolocator","Apus melba","18CL","F65490","Switzerland Lausanne - Long term study on migratory movement of Alpine swifts (Apus melba)"
16890711268,true,2016-12-19 07:16:11.000,-8.64728192161823,8.55000000000001,"stationary","non-breeding site",8.10000000000001,9.00000000000001,-8.65822784810129,-8.63636363636363,"solar-geolocator","Apus melba","18CL","F65490","Switzerland Lausanne - Long term study on migratory movement of Alpine swifts (Apus melba)"
16890711269,true,2016-12-19 19:51:48.000,-8.64728192161823,8.55000000000001,"stationary","non-breeding site",8.10000000000001,9.00000000000001,-8.65822784810129,-8.63636363636363,"solar-geolocator","Apus melba","18CL","F65490","Switzerland Lausanne - Long term study on migratory movement of Alpine swifts (Apus melba)"
16890711270,true,2016-12-20 07:14:11.000,-8.64728192161823,8.55000000000001,"stationary","non-breeding site",8.10000000000001,9.00000000000001,-8.65822784810129,-8.63636363636363,"solar-geolocator","Apus melba","18CL","F65490","Switzerland Lausanne - Long term study on migratory movement of Alpine swifts (Apus melba)"
16890711271,true,2016-12-20 19:53:48.000,-8.64728192161823,8.55000000000001,"stationary","non-breeding site",8.10000000000001,9.00000000000001,-8.65822784810129,-8.63636363636363,"solar-geolocator","Apus melba","18CL","F65490","Switzerland Lausanne - Long term study on migratory movement of Alpine swifts (Apus melba)"
16890711272,true,2016-12-21 07:14:11.000,-8.64728192161823,8.55000000000001,"stationary","non-breeding site",8.10000000000001,9.00000000000001,-8.66920152091257,-8.63636363636363,"solar-geolocator","Apus melba","18CL","F65490","Switzerland Lausanne - Long term study on migratory movement of Alpine swifts (Apus melba)"
16890711273,true,2016-12-21 19:51:48.000,-8.64728192161823,8.55000000000001,"stationary","non-breeding site",8.10000000000001,9.00000000000001,-8.66920152091257,-8.63636363636363,"solar-geolocator","Apus melba","18CL","F65490","Switzerland Lausanne - Long term study on migratory movement of Alpine swifts (Apus melba)"
16890711274,true,2016-12-22 07:18:11.000,-8.64728192161823,8.55000000000001,"stationary","non-breeding site",8.10000000000001,9.00000000000001,-8.66920152091257,-8.63636363636363,"solar-geolocator","Apus melba","18CL","F65490","Switzerland Lausanne - Long term study on migratory movement of Alpine swifts (Apus melba)"
16890711275,true,2016-12-22 19:49:48.000,-8.64728192161823,8.55000000000001,"stationary","non-breeding site",8.10000000000001,9.00000000000001,-8.66920152091257,-8.63636363636363,"solar-geolocator","Apus melba","18CL","F65490","Switzerland Lausanne - Long term study on migratory movement of Alpine swifts (Apus melba)"
16890711276,true,2016-12-23 07:20:11.000,-8.64728192161823,8.55000000000001,"stationary","non-breeding site",8.10000000000001,9.00000000000001,-8.66920152091257,-8.63636363636363,"solar-geolocator","Apus melba","18CL","F65490","Switzerland Lausanne - Long term study on migratory movement of Alpine swifts (Apus melba)"
16890711277,true,2016-12-23 19:53:48.000,-8.64728192161823,8.55000000000001,"stationary","non-breeding site",8.10000000000001,9.00000000000001,-8.66920152091257,-8.63636363636363,"solar-geolocator","Apus melba","18CL","F65490","Switzerland Lausanne - Long term study on migratory movement of Alpine swifts (Apus melba)"
16890711278,true,2016-12-24 07:18:11.000,-8.64728192161823,8.55000000000001,"stationary","non-breeding site",8.10000000000001,9.00000000000001,-8.66920152091257,-8.63636363636363,"solar-geolocator","Apus melba","18CL","F65490","Switzerland Lausanne - Long term study on migratory movement of Alpine swifts (Apus melba)"
16890711279,true,2016-12-24 19:53:48.000,-8.64728192161823,8.55000000000001,"stationary","non-breeding site",8.10000000000001,9.00000000000001,-8.66920152091257,-8.63636363636363,"solar-geolocator","Apus melba","18CL","F65490","Switzerland Lausanne - Long term study on migratory movement of Alpine swifts (Apus melba)"
16890711280,true,2016-12-25 07:18:11.000,-8.64728192161823,8.55000000000001,"stationary","non-breeding site",8.10000000000001,9.00000000000001,-8.66920152091257,-8.63636363636363,"solar-geolocator","Apus melba","18CL","F65490","Switzerland Lausanne - Long term study on migratory movement of Alpine swifts (Apus melba)"
16890711281,true,2016-12-25 19:51:48.000,-8.64728192161823,8.55000000000001,"stationary","non-breeding site",8.10000000000001,9.00000000000001,-8.66920152091257,-8.63636363636363,"solar-geolocator","Apus melba","18CL","F65490","Switzerland Lausanne - Long term study on migratory movement of Alpine swifts (Apus melba)"
16890711282,true,2016-12-26 07:12:11.000,-8.64728192161823,8.55000000000001,"stationary","non-breeding site",8.10000000000001,9.00000000000001,-8.66920152091257,-8.63636363636363,"solar-geolocator","Apus melba","18CL","F65490","Switzerland Lausanne - Long term study on migratory movement of Alpine swifts (Apus melba)"
16890711283,true,2016-12-26 19:55:48.000,-8.64728192161823,8.55000000000001,"stationary","non-breeding site",8.10000000000001,9.00000000000001,-8.66920152091257,-8.63636363636363,"solar-geolocator","Apus melba","18CL","F65490","Switzerland Lausanne - Long term study on migratory movement of Alpine swifts (Apus melba)"
16890711284,true,2016-12-27 07:20:11.000,-8.64728192161823,8.55000000000001,"stationary","non-breeding site",8.10000000000001,9.00000000000001,-8.66920152091257,-8.63636363636363,"solar-geolocator","Apus melba","18CL","F65490","Switzerland Lausanne - Long term study on migratory movement of Alpine swifts (Apus melba)"
16890711285,true,2016-12-27 19:51:48.000,-8.64728192161823,8.55000000000001,"stationary","non-breeding site",8.10000000000001,9.00000000000001,-8.68020304568533,-8.63636363636363,"solar-geolocator","Apus melba","18CL","F65490","Switzerland Lausanne - Long term study on migratory movement of Alpine swifts (Apus melba)"
16890711286,true,2016-12-28 07:22:11.000,-8.64728192161823,8.55000000000001,"stationary","non-breeding site",8.10000000000001,9.00000000000001,-9.09090909090912,-8.63636363636363,"solar-geolocator","Apus melba","18CL","F65490","Switzerland Lausanne - Long term study on migratory movement of Alpine swifts (Apus melba)"
16890711287,true,2016-12-28 19:55:48.000,-8.64728192161823,8.55000000000001,"stationary","non-breeding site",8.10000000000001,9.00000000000001,-9.09090909090912,-8.63636363636363,"solar-geolocator","Apus melba","18CL","F65490","Switzerland Lausanne - Long term study on migratory movement of Alpine swifts (Apus melba)"
16890711288,true,2016-12-29 07:22:11.000,-8.64728192161823,8.55000000000001,"stationary","non-breeding site",8.10000000000001,9.00000000000001,-9.10240202275602,-8.63636363636363,"solar-geolocator","Apus melba","18CL","F65490","Switzerland Lausanne - Long term study on migratory movement of Alpine swifts (Apus melba)"
16890711289,true,2016-12-29 19:55:48.000,-8.64728192161823,8.55000000000001,"stationary","non-breeding site",8.10000000000001,9.00000000000001,-9.10240202275602,-8.63636363636363,"solar-geolocator","Apus melba","18CL","F65490","Switzerland Lausanne - Long term study on migratory movement of Alpine swifts (Apus melba)"
16890711290,true,2016-12-30 07:20:11.000,-8.64728192161823,8.55000000000001,"stationary","non-breeding site",8.10000000000001,9.00000000000001,-9.10240202275602,-8.63636363636363,"solar-geolocator","Apus melba","18CL","F65490","Switzerland Lausanne - Long term study on migratory movement of Alpine swifts (Apus melba)"
16890711291,true,2016-12-30 19:57:48.000,-8.64728192161823,8.55000000000001,"stationary","non-breeding site",8.10000000000001,9.00000000000001,-9.10240202275602,-8.63636363636363,"solar-geolocator","Apus melba","18CL","F65490","Switzerland Lausanne - Long term study on migratory movement of Alpine swifts (Apus melba)"
16890711292,true,2016-12-31 07:20:11.000,-8.64728192161823,8.55000000000001,"stationary","non-breeding site",8.10000000000001,9.00000000000001,-9.10240202275602,-8.63636363636363,"solar-geolocator","Apus melba","18CL","F65490","Switzerland Lausanne - Long term study on migratory movement of Alpine swifts (Apus melba)"
16890711293,true,2016-12-31 19:55:48.000,-8.64728192161823,8.55000000000001,"stationary","non-breeding site",8.10000000000001,9.00000000000001,-9.10240202275602,-8.63636363636363,"solar-geolocator","Apus melba","18CL","F65490","Switzerland Lausanne - Long term study on migratory movement of Alpine swifts (Apus melba)"
16890711294,true,2017-01-01 07:22:11.000,-8.64728192161823,8.55000000000001,"stationary","non-breeding site",8.10000000000001,9.00000000000001,-9.10240202275602,-8.63636363636363,"solar-geolocator","Apus melba","18CL","F65490","Switzerland Lausanne - Long term study on migratory movement of Alpine swifts (Apus melba)"
16890711295,true,2017-01-01 19:55:48.000,-8.64728192161823,8.55000000000001,"stationary","non-breeding site",8.10000000000001,9.00000000000001,-9.10240202275602,-8.63636363636363,"solar-geolocator","Apus melba","18CL","F65490","Switzerland Lausanne - Long term study on migratory movement of Alpine swifts (Apus melba)"
16890711296,true,2017-01-02 07:14:11.000,-8.64728192161823,8.55000000000001,"stationary","non-breeding site",8.10000000000001,9.00000000000001,-9.10240202275602,-8.63636363636363,"solar-geolocator","Apus melba","18CL","F65490","Switzerland Lausanne - Long term study on migratory movement of Alpine swifts (Apus melba)"
16890711297,true,2017-01-02 19:53:48.000,-8.64728192161823,8.55000000000001,"stationary","non-breeding site",8.10000000000001,9.00000000000001,-9.10240202275602,-8.63636363636363,"solar-geolocator","Apus melba","18CL","F65490","Switzerland Lausanne - Long term study on migratory movement of Alpine swifts (Apus melba)"
16890711298,true,2017-01-03 07:16:11.000,-8.64728192161823,8.55000000000001,"stationary","non-breeding site",8.10000000000001,9.00000000000001,-9.10240202275602,-8.63636363636363,"solar-geolocator","Apus melba","18CL","F65490","Switzerland Lausanne - Long term study on migratory movement of Alpine swifts (Apus melba)"
16890711299,true,2017-01-03 19:53:48.000,-8.64728192161823,8.55000000000001,"stationary","non-breeding site",8.10000000000001,9.00000000000001,-9.10240202275602,-8.63636363636363,"solar-geolocator","Apus melba","18CL","F65490","Switzerland Lausanne - Long term study on migratory movement of Alpine swifts (Apus melba)"
16890711300,true,2017-01-04 07:16:11.000,-8.64728192161823,8.55000000000001,"stationary","non-breeding site",8.10000000000001,9.00000000000001,-9.10240202275602,-8.63636363636363,"solar-geolocator","Apus melba","18CL","F65490","Switzerland Lausanne - Long term study on migratory movement of Alpine swifts (Apus melba)"
16890711301,true,2017-01-04 19:53:48.000,-8.64728192161823,8.55000000000001,"stationary","non-breeding site",8.10000000000001,9.00000000000001,-9.10240202275602,-8.63636363636363,"solar-geolocator","Apus melba","18CL","F65490","Switzerland Lausanne - Long term study on migratory movement of Alpine swifts (Apus melba)"
16890711302,true,2017-01-05 07:16:11.000,-8.64728192161823,8.55000000000001,"stationary","non-breeding site",8.10000000000001,9.00000000000001,-9.10240202275602,-8.63636363636363,"solar-geolocator","Apus melba","18CL","F65490","Switzerland Lausanne - Long term study on migratory movement of Alpine swifts (Apus melba)"
16890711303,true,2017-01-05 19:53:48.000,-8.64728192161823,8.55000000000001,"stationary","non-breeding site",8.10000000000001,9.00000000000001,-9.10240202275602,-8.63636363636363,"solar-geolocator","Apus melba","18CL","F65490","Switzerland Lausanne - Long term study on migratory movement of Alpine swifts (Apus melba)"
16890711304,true,2017-01-06 07:20:11.000,-8.64728192161823,8.55000000000001,"stationary","non-breeding site",8.10000000000001,9.00000000000001,-9.11392405063295,-8.63636363636363,"solar-geolocator","Apus melba","18CL","F65490","Switzerland Lausanne - Long term study on migratory movement of Alpine swifts (Apus melba)"
16890711305,true,2017-01-06 19:55:48.000,-8.64728192161823,8.55000000000001,"stationary","non-breeding site",8.10000000000001,9.00000000000001,-9.11392405063295,-8.63636363636363,"solar-geolocator","Apus melba","18CL","F65490","Switzerland Lausanne - Long term study on migratory movement of Alpine swifts (Apus melba)"
16890711306,true,2017-01-07 07:20:11.000,-8.64728192161823,8.55000000000001,"stationary","non-breeding site",8.10000000000001,9.00000000000001,-9.10240202275602,-8.63636363636363,"solar-geolocator","Apus melba","18CL","F65490","Switzerland Lausanne - Long term study on migratory movement of Alpine swifts (Apus melba)"
16890711307,true,2017-01-07 19:59:48.000,-8.64728192161823,8.55000000000001,"stationary","non-breeding site",8.10000000000001,9.00000000000001,-9.10240202275602,-8.63636363636363,"solar-geolocator","Apus melba","18CL","F65490","Switzerland Lausanne - Long term study on migratory movement of Alpine swifts (Apus melba)"
16890711308,true,2017-01-08 07:24:11.000,-8.64728192161823,8.55000000000001,"stationary","non-breeding site",8.10000000000001,9.00000000000001,-8.66920152091257,-8.63636363636363,"solar-geolocator","Apus melba","18CL","F65490","Switzerland Lausanne - Long term study on migratory movement of Alpine swifts (Apus melba)"
16890711310,true,2017-01-08 20:01:48.000,-8.64728192161823,8.55000000000001,"stationary","non-breeding site",8.10000000000001,9.00000000000001,-9.09090909090912,-8.63636363636363,"solar-geolocator","Apus melba","18CL","F65490","Switzerland Lausanne - Long term study on migratory movement of Alpine swifts (Apus melba)"
16890711311,true,2017-01-09 07:26:11.000,-8.64728192161823,8.55000000000001,"stationary","non-breeding site",8.10000000000001,9.00000000000001,-8.66920152091257,-8.63636363636363,"solar-geolocator","Apus melba","18CL","F65490","Switzerland Lausanne - Long term study on migratory movement of Alpine swifts (Apus melba)"
16890711312,true,2017-01-09 19:57:48.000,-8.64728192161823,8.55000000000001,"stationary","non-breeding site",8.10000000000001,9.00000000000001,-8.66920152091257,-8.63636363636363,"solar-geolocator","Apus melba","18CL","F65490","Switzerland Lausanne - Long term study on migratory movement of Alpine swifts (Apus melba)"
16890711313,true,2017-01-10 07:26:11.000,-8.64728192161823,8.55000000000001,"stationary","non-breeding site",8.10000000000001,9.00000000000001,-8.66920152091257,-8.63636363636363,"solar-geolocator","Apus melba","18CL","F65490","Switzerland Lausanne - Long term study on migratory movement of Alpine swifts (Apus melba)"
16890711314,true,2017-01-10 19:57:48.000,-8.64728192161823,8.55000000000001,"stationary","non-breeding site",8.10000000000001,9.00000000000001,-8.65822784810129,-8.63636363636363,"solar-geolocator","Apus melba","18CL","F65490","Switzerland Lausanne - Long term study on migratory movement of Alpine swifts (Apus melba)"
16890711315,true,2017-01-11 07:24:11.000,-8.64728192161823,8.55000000000001,"stationary","non-breeding site",8.10000000000001,9.00000000000001,-8.65822784810129,-8.63636363636363,"solar-geolocator","Apus melba","18CL","F65490","Switzerland Lausanne - Long term study on migratory movement of Alpine swifts (Apus melba)"
16890711316,true,2017-01-11 19:53:48.000,-8.64728192161823,8.55000000000001,"stationary","non-breeding site",8.10000000000001,9.00000000000001,-8.66920152091257,-8.63636363636363,"solar-geolocator","Apus melba","18CL","F65490","Switzerland Lausanne - Long term study on migratory movement of Alpine swifts (Apus melba)"
16890711317,true,2017-01-12 07:24:11.000,-8.64728192161823,8.55000000000001,"stationary","non-breeding site",8.10000000000001,9.00000000000001,-8.66920152091257,-8.63636363636363,"solar-geolocator","Apus melba","18CL","F65490","Switzerland Lausanne - Long term study on migratory movement of Alpine swifts (Apus melba)"
16890711318,true,2017-01-12 19:57:48.000,-8.64728192161823,8.55000000000001,"stationary","non-breeding site",8.10000000000001,9.00000000000001,-8.66920152091257,-8.63636363636363,"solar-geolocator","Apus melba","18CL","F65490","Switzerland Lausanne - Long term study on migratory movement of Alpine swifts (Apus melba)"
16890711319,true,2017-01-13 07:22:11.000,-8.64728192161823,8.55000000000001,"stationary","non-breeding site",8.10000000000001,9.00000000000001,-8.66920152091257,-8.63636363636363,"solar-geolocator","Apus melba","18CL","F65490","Switzerland Lausanne - Long term study on migratory movement of Alpine swifts (Apus melba)"
16890711320,true,2017-01-13 19:57:48.000,-8.64728192161823,8.55000000000001,"stationary","non-breeding site",8.10000000000001,9.00000000000001,-8.66920152091257,-8.63636363636363,"solar-geolocator","Apus melba","18CL","F65490","Switzerland Lausanne - Long term study on migratory movement of Alpine swifts (Apus melba)"
16890711321,true,2017-01-14 07:24:11.000,-8.64728192161823,8.55000000000001,"stationary","non-breeding site",8.10000000000001,9.00000000000001,-9.09090909090912,-8.63636363636363,"solar-geolocator","Apus melba","18CL","F65490","Switzerland Lausanne - Long term study on migratory movement of Alpine swifts (Apus melba)"
16890711322,true,2017-01-14 19:55:48.000,-8.64728192161823,8.55000000000001,"stationary","non-breeding site",8.10000000000001,9.00000000000001,-9.10240202275602,-8.63636363636363,"solar-geolocator","Apus melba","18CL","F65490","Switzerland Lausanne - Long term study on migratory movement of Alpine swifts (Apus melba)"
16890711323,true,2017-01-15 07:22:11.000,-8.64728192161823,8.55000000000001,"stationary","non-breeding site",8.10000000000001,9.00000000000001,-9.10240202275602,-8.63636363636363,"solar-geolocator","Apus melba","18CL","F65490","Switzerland Lausanne - Long term study on migratory movement of Alpine swifts (Apus melba)"
16890711324,true,2017-01-15 19:55:48.000,-8.64728192161823,8.55000000000001,"stationary","non-breeding site",8.10000000000001,9.00000000000001,-9.10240202275602,-8.63636363636363,"solar-geolocator","Apus melba","18CL","F65490","Switzerland Lausanne - Long term study on migratory movement of Alpine swifts (Apus melba)"
16890711325,true,2017-01-16 07:24:11.000,-8.64728192161823,8.55000000000001,"stationary","non-breeding site",8.10000000000001,9.00000000000001,-9.10240202275602,-8.63636363636363,"solar-geolocator","Apus melba","18CL","F65490","Switzerland Lausanne - Long term study on migratory movement of Alpine swifts (Apus melba)"
16890711326,true,2017-01-16 20:03:48.000,-8.64728192161823,8.55000000000001,"stationary","non-breeding site",8.10000000000001,9.00000000000001,-9.10240202275602,-8.63636363636363,"solar-geolocator","Apus melba","18CL","F65490","Switzerland Lausanne - Long term study on migratory movement of Alpine swifts (Apus melba)"
16890711327,true,2017-01-17 07:26:11.000,-8.64728192161823,8.55000000000001,"stationary","non-breeding site",8.10000000000001,9.00000000000001,-9.10240202275602,-8.63636363636363,"solar-geolocator","Apus melba","18CL","F65490","Switzerland Lausanne - Long term study on migratory movement of Alpine swifts (Apus melba)"
16890711330,true,2017-01-17 20:03:48.000,-8.64728192161823,8.55000000000001,"stationary","non-breeding site",8.10000000000001,9.00000000000001,-9.10240202275602,-8.63636363636363,"solar-geolocator","Apus melba","18CL","F65490","Switzerland Lausanne - Long term study on migratory movement of Alpine swifts (Apus melba)"
16890711332,true,2017-01-18 07:28:11.000,-8.64728192161823,8.55000000000001,"stationary","non-breeding site",8.10000000000001,9.00000000000001,-9.10240202275602,-8.63636363636363,"solar-geolocator","Apus melba","18CL","F65490","Switzerland Lausanne - Long term study on migratory movement of Alpine swifts (Apus melba)"
16890711334,true,2017-01-18 20:07:48.000,-8.64728192161823,8.55000000000001,"stationary","non-breeding site",8.10000000000001,9.00000000000001,-9.10240202275602,-8.63636363636363,"solar-geolocator","Apus melba","18CL","F65490","Switzerland Lausanne - Long term study on migratory movement of Alpine swifts (Apus melba)"
16890711336,true,2017-01-19 07:34:11.000,-8.64728192161823,8.55000000000001,"stationary","non-breeding site",8.10000000000001,9.00000000000001,-9.10240202275602,-8.63636363636363,"solar-geolocator","Apus melba","18CL","F65490","Switzerland Lausanne - Long term study on migratory movement of Alpine swifts (Apus melba)"
16890711338,true,2017-01-19 20:05:48.000,-8.64728192161823,8.55000000000001,"stationary","non-breeding site",8.10000000000001,9.00000000000001,-9.10240202275602,-8.63636363636363,"solar-geolocator","Apus melba","18CL","F65490","Switzerland Lausanne - Long term study on migratory movement of Alpine swifts (Apus melba)"
16890711340,true,2017-01-20 07:38:11.000,-8.64728192161823,8.55000000000001,"stationary","non-breeding site",8.10000000000001,9.00000000000001,-9.10240202275602,-8.63636363636363,"solar-geolocator","Apus melba","18CL","F65490","Switzerland Lausanne - Long term study on migratory movement of Alpine swifts (Apus melba)"
16890711342,true,2017-01-20 20:07:48.000,-8.64728192161823,8.55000000000001,"stationary","non-breeding site",8.10000000000001,9.00000000000001,-9.10240202275602,-8.63636363636363,"solar-geolocator","Apus melba","18CL","F65490","Switzerland Lausanne - Long term study on migratory movement of Alpine swifts (Apus melba)"
16890711344,true,2017-01-21 07:28:11.000,-8.64728192161823,8.55000000000001,"stationary","non-breeding site",8.10000000000001,9.00000000000001,-9.10240202275602,-8.63636363636363,"solar-geolocator","Apus melba","18CL","F65490","Switzerland Lausanne - Long term study on migratory movement of Alpine swifts (Apus melba)"
16890711345,true,2017-01-21 19:59:48.000,-8.64728192161823,8.55000000000001,"stationary","non-breeding site",8.10000000000001,9.00000000000001,-9.10240202275602,-8.63636363636363,"solar-geolocator","Apus melba","18CL","F65490","Switzerland Lausanne - Long term study on migratory movement of Alpine swifts (Apus melba)"
16890711347,true,2017-01-22 07:24:11.000,-8.64728192161823,8.55000000000001,"stationary","non-breeding site",8.10000000000001,9.00000000000001,-9.10240202275602,-8.63636363636363,"solar-geolocator","Apus melba","18CL","F65490","Switzerland Lausanne - Long term study on migratory movement of Alpine swifts (Apus melba)"
16890711348,true,2017-01-22 20:05:48.000,-8.64728192161823,8.55000000000001,"stationary","non-breeding site",8.10000000000001,9.00000000000001,-9.10240202275602,-8.63636363636363,"solar-geolocator","Apus melba","18CL","F65490","Switzerland Lausanne - Long term study on migratory movement of Alpine swifts (Apus melba)"
16890711349,true,2017-01-23 07:24:11.000,-8.64728192161823,8.55000000000001,"stationary","non-breeding site",8.10000000000001,9.00000000000001,-9.10240202275602,-8.63636363636363,"solar-geolocator","Apus melba","18CL","F65490","Switzerland Lausanne - Long term study on migratory movement of Alpine swifts (Apus melba)"
16890711350,true,2017-01-23 20:11:48.000,-8.64728192161823,8.55000000000001,"stationary","non-breeding site",8.10000000000001,9.00000000000001,-9.10240202275602,-8.63636363636363,"solar-geolocator","Apus melba","18CL","F65490","Switzerland Lausanne - Long term study on migratory movement of Alpine swifts (Apus melba)"
16890711351,true,2017-01-24 07:32:11.000,-8.64728192161823,8.55000000000001,"stationary","non-breeding site",8.10000000000001,9.00000000000001,-9.09090909090912,-8.63636363636363,"solar-geolocator","Apus melba","18CL","F65490","Switzerland Lausanne - Long term study on migratory movement of Alpine swifts (Apus melba)"
16890711352,true,2017-01-24 20:11:48.000,-8.64728192161823,8.55000000000001,"stationary","non-breeding site",8.10000000000001,9.00000000000001,-9.09090909090912,-8.63636363636363,"solar-geolocator","Apus melba","18CL","F65490","Switzerland Lausanne - Long term study on migratory movement of Alpine swifts (Apus melba)"
16890711353,true,2017-01-25 07:32:11.000,-8.64728192161823,8.55000000000001,"stationary","non-breeding site",8.10000000000001,9.00000000000001,-9.09090909090912,-8.63636363636363,"solar-geolocator","Apus melba","18CL","F65490","Switzerland Lausanne - Long term study on migratory movement of Alpine swifts (Apus melba)"
16890711354,true,2017-01-25 20:11:48.000,-8.64728192161823,8.55000000000001,"stationary","non-breeding site",8.10000000000001,9.00000000000001,-8.66920152091257,-8.63636363636363,"solar-geolocator","Apus melba","18CL","F65490","Switzerland Lausanne - Long term study on migratory movement of Alpine swifts (Apus melba)"
16890711355,true,2017-01-26 07:30:11.000,-8.64728192161823,8.55000000000001,"stationary","non-breeding site",8.10000000000001,9.00000000000001,-8.66920152091257,-8.63636363636363,"solar-geolocator","Apus melba","18CL","F65490","Switzerland Lausanne - Long term study on migratory movement of Alpine swifts (Apus melba)"
16890711356,true,2017-01-26 20:09:48.000,-8.64728192161823,8.55000000000001,"stationary","non-breeding site",8.10000000000001,9.00000000000001,-8.66920152091257,-8.63636363636363,"solar-geolocator","Apus melba","18CL","F65490","Switzerland Lausanne - Long term study on migratory movement of Alpine swifts (Apus melba)"
16890711357,true,2017-01-27 07:28:11.000,-8.64728192161823,8.55000000000001,"stationary","non-breeding site",8.10000000000001,9.00000000000001,-8.65822784810129,-8.63636363636363,"solar-geolocator","Apus melba","18CL","F65490","Switzerland Lausanne - Long term study on migratory movement of Alpine swifts (Apus melba)"
16890711358,true,2017-01-27 20:09:48.000,-8.64728192161823,8.55000000000001,"stationary","non-breeding site",8.10000000000001,9.00000000000001,-8.65822784810129,-8.63636363636363,"solar-geolocator","Apus melba","18CL","F65490","Switzerland Lausanne - Long term study on migratory movement of Alpine swifts (Apus melba)"
16890711359,true,2017-01-28 07:30:11.000,-8.64728192161823,8.55000000000001,"stationary","non-breeding site",8.10000000000001,9.00000000000001,-8.65822784810129,-8.63636363636363,"solar-geolocator","Apus melba","18CL","F65490","Switzerland Lausanne - Long term study on migratory movement of Alpine swifts (Apus melba)"
16890711360,true,2017-01-28 20:11:48.000,-8.64728192161823,8.55000000000001,"stationary","non-breeding site",8.10000000000001,9.00000000000001,-8.65822784810129,-8.63636363636363,"solar-geolocator","Apus melba","18CL","F65490","Switzerland Lausanne - Long term study on migratory movement of Alpine swifts (Apus melba)"
16890711361,true,2017-01-29 07:28:11.000,-8.64728192161823,8.55000000000001,"stationary","non-breeding site",8.10000000000001,9.00000000000001,-8.65822784810129,-8.63636363636363,"solar-geolocator","Apus melba","18CL","F65490","Switzerland Lausanne - Long term study on migratory movement of Alpine swifts (Apus melba)"
16890711362,true,2017-01-29 20:15:48.000,-8.64728192161823,8.55000000000001,"stationary","non-breeding site",8.10000000000001,9.00000000000001,-8.65822784810129,-8.63636363636363,"solar-geolocator","Apus melba","18CL","F65490","Switzerland Lausanne - Long term study on migratory movement of Alpine swifts (Apus melba)"
16890711363,true,2017-01-30 07:30:11.000,-8.64728192161823,8.55000000000001,"stationary","non-breeding site",8.10000000000001,9.00000000000001,-8.65822784810129,-8.63636363636363,"solar-geolocator","Apus melba","18CL","F65490","Switzerland Lausanne - Long term study on migratory movement of Alpine swifts (Apus melba)"
16890711364,true,2017-01-30 20:13:48.000,-8.64728192161823,8.55000000000001,"stationary","non-breeding site",8.10000000000001,9.00000000000001,-8.65822784810129,-8.63636363636363,"solar-geolocator","Apus melba","18CL","F65490","Switzerland Lausanne - Long term study on migratory movement of Alpine swifts (Apus melba)"
16890711365,true,2017-01-31 07:32:11.000,-8.64728192161823,8.55000000000001,"stationary","non-breeding site",8.10000000000001,9.00000000000001,-8.65822784810129,-8.63636363636363,"solar-geolocator","Apus melba","18CL","F65490","Switzerland Lausanne - Long term study on migratory movement of Alpine swifts (Apus melba)"
16890711366,true,2017-01-31 20:13:48.000,-8.64728192161823,8.55000000000001,"stationary","non-breeding site",8.10000000000001,9.00000000000001,-8.65822784810129,-8.63636363636363,"solar-geolocator","Apus melba","18CL","F65490","Switzerland Lausanne - Long term study on migratory movement of Alpine swifts (Apus melba)"
16890711367,true,2017-02-01 07:32:11.000,-8.64728192161823,8.55000000000001,"stationary","non-breeding site",8.10000000000001,9.00000000000001,-8.65822784810129,-8.63636363636363,"solar-geolocator","Apus melba","18CL","F65490","Switzerland Lausanne - Long term study on migratory movement of Alpine swifts (Apus melba)"
16890711368,true,2017-02-01 20:07:48.000,-8.64728192161823,8.55000000000001,"stationary","non-breeding site",8.10000000000001,9.00000000000001,-8.65822784810129,-8.63636363636363,"solar-geolocator","Apus melba","18CL","F65490","Switzerland Lausanne - Long term study on migratory movement of Alpine swifts (Apus melba)"
16890711369,true,2017-02-02 07:32:11.000,-8.64728192161823,8.55000000000001,"stationary","non-breeding site",8.10000000000001,9.00000000000001,-8.66920152091257,-8.63636363636363,"solar-geolocator","Apus melba","18CL","F65490","Switzerland Lausanne - Long term study on migratory movement of Alpine swifts (Apus melba)"
16890711370,true,2017-02-02 20:13:48.000,-8.64728192161823,8.55000000000001,"stationary","non-breeding site",8.10000000000001,9.00000000000001,-8.65822784810129,-8.63636363636363,"solar-geolocator","Apus melba","18CL","F65490","Switzerland Lausanne - Long term study on migratory movement of Alpine swifts (Apus melba)"
16890711371,true,2017-02-03 07:34:11.000,-8.64728192161823,8.55000000000001,"stationary","non-breeding site",8.10000000000001,9.00000000000001,-8.65822784810129,-8.63636363636363,"solar-geolocator","Apus melba","18CL","F65490","Switzerland Lausanne - Long term study on migratory movement of Alpine swifts (Apus melba)"
16890711372,true,2017-02-03 20:13:48.000,-8.64728192161823,8.55000000000001,"stationary","non-breeding site",8.10000000000001,9.00000000000001,-8.65822784810129,-8.63636363636363,"solar-geolocator","Apus melba","18CL","F65490","Switzerland Lausanne - Long term study on migratory movement of Alpine swifts (Apus melba)"
16890711373,true,2017-02-04 07:32:11.000,-8.64728192161823,8.55000000000001,"stationary","non-breeding site",8.10000000000001,9.00000000000001,-8.65822784810129,-8.63636363636363,"solar-geolocator","Apus melba","18CL","F65490","Switzerland Lausanne - Long term study on migratory movement of Alpine swifts (Apus melba)"
16890711374,true,2017-02-04 20:15:48.000,-8.64728192161823,8.55000000000001,"stationary","non-breeding site",8.10000000000001,9.00000000000001,-8.65822784810129,-8.63636363636363,"solar-geolocator","Apus melba","18CL","F65490","Switzerland Lausanne - Long term study on migratory movement of Alpine swifts (Apus melba)"
16890711375,true,2017-02-05 07:30:11.000,-8.64728192161823,8.55000000000001,"stationary","non-breeding site",8.10000000000001,9.00000000000001,-8.65822784810129,-8.63636363636363,"solar-geolocator","Apus melba","18CL","F65490","Switzerland Lausanne - Long term study on migratory movement of Alpine swifts (Apus melba)"
16890711376,true,2017-02-05 20:15:48.000,-8.64728192161823,8.55000000000001,"stationary","non-breeding site",8.10000000000001,9.00000000000001,-8.65822784810129,-8.63636363636363,"solar-geolocator","Apus melba","18CL","F65490","Switzerland Lausanne - Long term study on migratory movement of Alpine swifts (Apus melba)"
16890711377,true,2017-02-06 07:30:11.000,-8.64728192161823,8.55000000000001,"stationary","non-breeding site",8.10000000000001,9.00000000000001,-8.65822784810129,-8.63636363636363,"solar-geolocator","Apus melba","18CL","F65490","Switzerland Lausanne - Long term study on migratory movement of Alpine swifts (Apus melba)"
16890711378,true,2017-02-06 20:15:48.000,-8.64728192161823,8.55000000000001,"stationary","non-breeding site",8.10000000000001,9.00000000000001,-8.65822784810129,-8.63636363636363,"solar-geolocator","Apus melba","18CL","F65490","Switzerland Lausanne - Long term study on migratory movement of Alpine swifts (Apus melba)"
16890711379,true,2017-02-07 07:32:11.000,-8.64728192161823,8.55000000000001,"stationary","non-breeding site",8.10000000000001,9.00000000000001,-8.65822784810129,-8.63636363636363,"solar-geolocator","Apus melba","18CL","F65490","Switzerland Lausanne - Long term study on migratory movement of Alpine swifts (Apus melba)"
16890711380,true,2017-02-07 20:13:48.000,-8.64728192161823,8.55000000000001,"stationary","non-breeding site",8.10000000000001,9.00000000000001,-8.65822784810129,-8.63636363636363,"solar-geolocator","Apus melba","18CL","F65490","Switzerland Lausanne - Long term study on migratory movement of Alpine swifts (Apus melba)"
16890711381,true,2017-02-08 07:30:11.000,-8.64728192161823,8.55000000000001,"stationary","non-breeding site",8.10000000000001,9.00000000000001,-8.65822784810129,-8.63636363636363,"solar-geolocator","Apus melba","18CL","F65490","Switzerland Lausanne - Long term study on migratory movement of Alpine swifts (Apus melba)"
16890711382,true,2017-02-08 20:13:48.000,-8.64728192161823,8.55000000000001,"stationary","non-breeding site",8.10000000000001,9.00000000000001,-8.65822784810129,-8.63636363636363,"solar-geolocator","Apus melba","18CL","F65490","Switzerland Lausanne - Long term study on migratory movement of Alpine swifts (Apus melba)"
16890711383,true,2017-02-09 07:32:11.000,-8.64728192161823,8.55000000000001,"stationary","non-breeding site",8.10000000000001,9.00000000000001,-8.65822784810129,-8.63636363636363,"solar-geolocator","Apus melba","18CL","F65490","Switzerland Lausanne - Long term study on migratory movement of Alpine swifts (Apus melba)"
16890711384,true,2017-02-09 20:15:48.000,-8.64728192161823,8.55000000000001,"stationary","non-breeding site",8.10000000000001,9.00000000000001,-8.65822784810129,-8.63636363636363,"solar-geolocator","Apus melba","18CL","F65490","Switzerland Lausanne - Long term study on migratory movement of Alpine swifts (Apus melba)"
16890711385,true,2017-02-10 07:32:11.000,-8.64728192161823,8.55000000000001,"stationary","non-breeding site",8.10000000000001,9.00000000000001,-8.65822784810129,-8.63636363636363,"solar-geolocator","Apus melba","18CL","F65490","Switzerland Lausanne - Long term study on migratory movement of Alpine swifts (Apus melba)"
16890711386,true,2017-02-10 20:11:48.000,-8.64728192161823,8.55000000000001,"stationary","non-breeding site",8.10000000000001,9.00000000000001,-8.65822784810129,-8.63636363636363,"solar-geolocator","Apus melba","18CL","F65490","Switzerland Lausanne - Long term study on migratory movement of Alpine swifts (Apus melba)"
16890711387,true,2017-02-11 07:32:11.000,-8.64728192161823,8.55000000000001,"stationary","non-breeding site",8.10000000000001,9.00000000000001,-8.65822784810129,-8.63636363636363,"solar-geolocator","Apus melba","18CL","F65490","Switzerland Lausanne - Long term study on migratory movement of Alpine swifts (Apus melba)"
16890711388,true,2017-02-11 20:11:48.000,-8.64728192161823,8.55000000000001,"stationary","non-breeding site",8.10000000000001,9.00000000000001,-8.65822784810129,-8.63636363636363,"solar-geolocator","Apus melba","18CL","F65490","Switzerland Lausanne - Long term study on migratory movement of Alpine swifts (Apus melba)"
16890711389,true,2017-02-12 07:34:11.000,-8.64728192161823,8.55000000000001,"stationary","non-breeding site",8.10000000000001,9.00000000000001,-8.65822784810129,-8.63636363636363,"solar-geolocator","Apus melba","18CL","F65490","Switzerland Lausanne - Long term study on migratory movement of Alpine swifts (Apus melba)"
16890711390,true,2017-02-12 20:07:48.000,-8.64728192161823,8.55000000000001,"stationary","non-breeding site",8.10000000000001,9.00000000000001,-8.65822784810129,-8.63636363636363,"solar-geolocator","Apus melba","18CL","F65490","Switzerland Lausanne - Long term study on migratory movement of Alpine swifts (Apus melba)"
16890711391,true,2017-02-13 07:32:11.000,-8.64728192161823,8.55000000000001,"stationary","non-breeding site",8.10000000000001,9.00000000000001,-8.65822784810129,-8.63636363636363,"solar-geolocator","Apus melba","18CL","F65490","Switzerland Lausanne - Long term study on migratory movement of Alpine swifts (Apus melba)"
16890711392,true,2017-02-13 20:05:48.000,-8.64728192161823,8.55000000000001,"stationary","non-breeding site",8.10000000000001,9.00000000000001,-8.65822784810129,-8.63636363636363,"solar-geolocator","Apus melba","18CL","F65490","Switzerland Lausanne - Long term study on migratory movement of Alpine swifts (Apus melba)"
16890711393,true,2017-02-14 07:26:11.000,-8.64728192161823,8.55000000000001,"stationary","non-breeding site",8.10000000000001,9.00000000000001,-8.65822784810129,-8.63636363636363,"solar-geolocator","Apus melba","18CL","F65490","Switzerland Lausanne - Long term study on migratory movement of Alpine swifts (Apus melba)"
16890711394,true,2017-02-14 20:09:48.000,-8.64728192161823,8.55000000000001,"stationary","non-breeding site",8.10000000000001,9.00000000000001,-8.65822784810129,-8.63636363636363,"solar-geolocator","Apus melba","18CL","F65490","Switzerland Lausanne - Long term study on migratory movement of Alpine swifts (Apus melba)"
16890711395,true,2017-02-15 07:24:11.000,-8.64728192161823,8.55000000000001,"stationary","non-breeding site",8.10000000000001,9.00000000000001,-8.65822784810129,-8.63636363636363,"solar-geolocator","Apus melba","18CL","F65490","Switzerland Lausanne - Long term study on migratory movement of Alpine swifts (Apus melba)"
16890711396,true,2017-02-15 20:09:48.000,-8.64728192161823,8.55000000000001,"stationary","non-breeding site",8.10000000000001,9.00000000000001,-8.65822784810129,-8.63636363636363,"solar-geolocator","Apus melba","18CL","F65490","Switzerland Lausanne - Long term study on migratory movement of Alpine swifts (Apus melba)"
16890711397,true,2017-02-16 07:26:11.000,-8.64728192161823,8.55000000000001,"stationary","non-breeding site",8.10000000000001,9.00000000000001,-8.65822784810129,-8.63636363636363,"solar-geolocator","Apus melba","18CL","F65490","Switzerland Lausanne - Long term study on migratory movement of Alpine swifts (Apus melba)"
16890711398,true,2017-02-16 20:13:48.000,-8.64728192161823,8.55000000000001,"stationary","non-breeding site",8.10000000000001,9.00000000000001,-8.65822784810129,-8.63636363636363,"solar-geolocator","Apus melba","18CL","F65490","Switzerland Lausanne - Long term study on migratory movement of Alpine swifts (Apus melba)"
16890711399,true,2017-02-17 07:34:11.000,-8.64728192161823,8.55000000000001,"stationary","non-breeding site",8.10000000000001,9.00000000000001,-8.65822784810129,-8.63636363636363,"solar-geolocator","Apus melba","18CL","F65490","Switzerland Lausanne - Long term study on migratory movement of Alpine swifts (Apus melba)"
16890711400,true,2017-02-17 20:15:48.000,-8.64728192161823,8.55000000000001,"stationary","non-breeding site",8.10000000000001,9.00000000000001,-8.65822784810129,-8.63636363636363,"solar-geolocator","Apus melba","18CL","F65490","Switzerland Lausanne - Long term study on migratory movement of Alpine swifts (Apus melba)"
16890711401,true,2017-02-18 07:28:11.000,-8.64728192161823,8.55000000000001,"stationary","non-breeding site",8.10000000000001,9.00000000000001,-8.65822784810129,-8.63636363636363,"solar-geolocator","Apus melba","18CL","F65490","Switzerland Lausanne - Long term study on migratory movement of Alpine swifts (Apus melba)"
16890711402,true,2017-02-18 20:11:48.000,-8.64728192161823,8.55000000000001,"stationary","non-breeding site",8.10000000000001,9.00000000000001,-8.65822784810129,-8.63636363636363,"solar-geolocator","Apus melba","18CL","F65490","Switzerland Lausanne - Long term study on migratory movement of Alpine swifts (Apus melba)"
16890711403,true,2017-02-19 07:30:11.000,-8.64728192161823,8.55000000000001,"stationary","non-breeding site",8.10000000000001,9.00000000000001,-8.65822784810129,-8.63636363636363,"solar-geolocator","Apus melba","18CL","F65490","Switzerland Lausanne - Long term study on migratory movement of Alpine swifts (Apus melba)"
16890711404,true,2017-02-19 20:13:48.000,-8.64728192161823,8.55000000000001,"stationary","non-breeding site",8.10000000000001,9.00000000000001,-8.65822784810129,-8.63636363636363,"solar-geolocator","Apus melba","18CL","F65490","Switzerland Lausanne - Long term study on migratory movement of Alpine swifts (Apus melba)"
16890711405,true,2017-02-20 07:24:11.000,-8.64728192161823,8.55000000000001,"stationary","non-breeding site",8.10000000000001,9.00000000000001,-8.65822784810129,-8.63636363636363,"solar-geolocator","Apus melba","18CL","F65490","Switzerland Lausanne - Long term study on migratory movement of Alpine swifts (Apus melba)"
16890711406,true,2017-02-20 20:09:48.000,-8.64728192161823,8.55000000000001,"stationary","non-breeding site",8.10000000000001,9.00000000000001,-8.65822784810129,-8.63636363636363,"solar-geolocator","Apus melba","18CL","F65490","Switzerland Lausanne - Long term study on migratory movement of Alpine swifts (Apus melba)"
16890711407,true,2017-02-21 07:22:11.000,-8.64728192161823,8.55000000000001,"stationary","non-breeding site",8.10000000000001,9.00000000000001,-8.65822784810129,-8.63636363636363,"solar-geolocator","Apus melba","18CL","F65490","Switzerland Lausanne - Long term study on migratory movement of Alpine swifts (Apus melba)"
16890711408,true,2017-02-21 20:09:48.000,-8.64728192161823,8.55000000000001,"stationary","non-breeding site",8.10000000000001,9.00000000000001,-8.65822784810129,-8.63636363636363,"solar-geolocator","Apus melba","18CL","F65490","Switzerland Lausanne - Long term study on migratory movement of Alpine swifts (Apus melba)"
16890711409,true,2017-02-22 07:20:11.000,-8.64728192161823,8.55000000000001,"stationary","non-breeding site",8.10000000000001,9.00000000000001,-8.65822784810129,-8.63636363636363,"solar-geolocator","Apus melba","18CL","F65490","Switzerland Lausanne - Long term study on migratory movement of Alpine swifts (Apus melba)"
16890711410,true,2017-02-22 20:05:48.000,-8.64728192161823,8.55000000000001,"stationary","non-breeding site",8.10000000000001,9.00000000000001,-8.65822784810129,-8.63636363636363,"solar-geolocator","Apus melba","18CL","F65490","Switzerland Lausanne - Long term study on migratory movement of Alpine swifts (Apus melba)"
16890711411,true,2017-02-23 07:28:11.000,-8.64728192161823,8.55000000000001,"stationary","non-breeding site",8.10000000000001,9.00000000000001,-8.65822784810129,-8.63636363636363,"solar-geolocator","Apus melba","18CL","F65490","Switzerland Lausanne - Long term study on migratory movement of Alpine swifts (Apus melba)"
16890711412,true,2017-02-23 20:09:48.000,-8.64728192161823,8.55000000000001,"stationary","non-breeding site",8.10000000000001,9.00000000000001,-8.65822784810129,-8.63636363636363,"solar-geolocator","Apus melba","18CL","F65490","Switzerland Lausanne - Long term study on migratory movement of Alpine swifts (Apus melba)"
16890711413,true,2017-02-24 07:24:11.000,-8.64728192161823,8.55000000000001,"stationary","non-breeding site",8.10000000000001,9.00000000000001,-8.65822784810129,-8.63636363636363,"solar-geolocator","Apus melba","18CL","F65490","Switzerland Lausanne - Long term study on migratory movement of Alpine swifts (Apus melba)"
16890711414,true,2017-02-24 20:03:48.000,-8.64728192161823,8.55000000000001,"stationary","non-breeding site",8.10000000000001,9.00000000000001,-8.65822784810129,-8.63636363636363,"solar-geolocator","Apus melba","18CL","F65490","Switzerland Lausanne - Long term study on migratory movement of Alpine swifts (Apus melba)"
16890711415,true,2017-02-25 07:28:11.000,-8.64728192161823,8.55000000000001,"stationary","non-breeding site",8.10000000000001,9.00000000000001,-8.65822784810129,-8.63636363636363,"solar-geolocator","Apus melba","18CL","F65490","Switzerland Lausanne - Long term study on migratory movement of Alpine swifts (Apus melba)"
16890711416,true,2017-02-25 20:07:48.000,-8.64728192161823,8.55000000000001,"stationary","non-breeding site",8.10000000000001,9.00000000000001,-8.65822784810129,-8.63636363636363,"solar-geolocator","Apus melba","18CL","F65490","Switzerland Lausanne - Long term study on migratory movement of Alpine swifts (Apus melba)"
16890711417,true,2017-02-26 07:28:11.000,-8.64728192161823,8.55000000000001,"stationary","non-breeding site",8.10000000000001,9.00000000000001,-8.65822784810129,-8.63636363636363,"solar-geolocator","Apus melba","18CL","F65490","Switzerland Lausanne - Long term study on migratory movement of Alpine swifts (Apus melba)"
16890711418,true,2017-02-26 20:05:48.000,-8.64728192161823,8.55000000000001,"stationary","non-breeding site",8.10000000000001,9.00000000000001,-8.65822784810129,-8.63636363636363,"solar-geolocator","Apus melba","18CL","F65490","Switzerland Lausanne - Long term study on migratory movement of Alpine swifts (Apus melba)"
16890711419,true,2017-02-27 07:28:11.000,-8.64728192161823,8.55000000000001,"stationary","non-breeding site",8.10000000000001,9.00000000000001,-8.65822784810129,-8.63636363636363,"solar-geolocator","Apus melba","18CL","F65490","Switzerland Lausanne - Long term study on migratory movement of Alpine swifts (Apus melba)"
16890711420,true,2017-02-27 20:07:48.000,-8.64728192161823,8.55000000000001,"stationary","non-breeding site",8.10000000000001,9.00000000000001,-8.65822784810129,-8.63636363636363,"solar-geolocator","Apus melba","18CL","F65490","Switzerland Lausanne - Long term study on migratory movement of Alpine swifts (Apus melba)"
16890711421,true,2017-02-28 07:28:11.000,-8.64728192161823,8.55000000000001,"stationary","non-breeding site",8.10000000000001,9.00000000000001,-8.65822784810129,-8.63636363636363,"solar-geolocator","Apus melba","18CL","F65490","Switzerland Lausanne - Long term study on migratory movement of Alpine swifts (Apus melba)"
16890711422,true,2017-02-28 20:11:48.000,-8.64728192161823,8.55000000000001,"stationary","non-breeding site",8.10000000000001,9.00000000000001,-8.65822784810129,-8.63636363636363,"solar-geolocator","Apus melba","18CL","F65490","Switzerland Lausanne - Long term study on migratory movement of Alpine swifts (Apus melba)"
16890711423,true,2017-03-01 07:30:11.000,-8.64728192161823,8.55000000000001,"stationary","non-breeding site",8.10000000000001,9.00000000000001,-8.65822784810129,-8.63636363636363,"solar-geolocator","Apus melba","18CL","F65490","Switzerland Lausanne - Long term study on migratory movement of Alpine swifts (Apus melba)"
16890711424,true,2017-03-01 20:11:48.000,-8.64728192161823,8.55000000000001,"stationary","non-breeding site",8.10000000000001,9.00000000000001,-8.65822784810129,-8.63636363636363,"solar-geolocator","Apus melba","18CL","F65490","Switzerland Lausanne - Long term study on migratory movement of Alpine swifts (Apus melba)"
16890711425,true,2017-03-02 07:22:11.000,-8.64728192161823,8.55000000000001,"stationary","non-breeding site",8.10000000000001,9.00000000000001,-8.65822784810129,-8.63636363636363,"solar-geolocator","Apus melba","18CL","F65490","Switzerland Lausanne - Long term study on migratory movement of Alpine swifts (Apus melba)"
16890711426,true,2017-03-02 20:05:48.000,-8.64728192161823,8.55000000000001,"stationary","non-breeding site",8.10000000000001,9.00000000000001,-8.65822784810129,-8.63636363636363,"solar-geolocator","Apus melba","18CL","F65490","Switzerland Lausanne - Long term study on migratory movement of Alpine swifts (Apus melba)"
16890711427,true,2017-03-03 07:24:11.000,-8.64728192161823,8.55000000000001,"stationary","non-breeding site",8.10000000000001,9.00000000000001,-8.65822784810129,-8.63636363636363,"solar-geolocator","Apus melba","18CL","F65490","Switzerland Lausanne - Long term study on migratory movement of Alpine swifts (Apus melba)"
16890711428,true,2017-03-03 20:15:48.000,-8.64728192161823,8.55000000000001,"stationary","non-breeding site",8.10000000000001,9.00000000000001,-8.65822784810129,-8.63636363636363,"solar-geolocator","Apus melba","18CL","F65490","Switzerland Lausanne - Long term study on migratory movement of Alpine swifts (Apus melba)"
16890711429,true,2017-03-04 07:22:11.000,-8.64728192161823,8.55000000000001,"stationary","non-breeding site",8.10000000000001,9.00000000000001,-8.65822784810129,-8.63636363636363,"solar-geolocator","Apus melba","18CL","F65490","Switzerland Lausanne - Long term study on migratory movement of Alpine swifts (Apus melba)"
16890711430,true,2017-03-04 20:07:48.000,-8.64728192161823,8.55000000000001,"stationary","non-breeding site",8.10000000000001,9.00000000000001,-8.65822784810129,-8.63636363636363,"solar-geolocator","Apus melba","18CL","F65490","Switzerland Lausanne - Long term study on migratory movement of Alpine swifts (Apus melba)"
16890711431,true,2017-03-05 07:20:11.000,-8.64728192161823,8.55000000000001,"stationary","non-breeding site",8.10000000000001,9.00000000000001,-8.65822784810129,-8.63636363636363,"solar-geolocator","Apus melba","18CL","F65490","Switzerland Lausanne - Long term study on migratory movement of Alpine swifts (Apus melba)"
16890711432,true,2017-03-05 20:13:48.000,-8.64728192161823,8.55000000000001,"stationary","non-breeding site",8.10000000000001,9.00000000000001,-8.65822784810129,-8.63636363636363,"solar-geolocator","Apus melba","18CL","F65490","Switzerland Lausanne - Long term study on migratory movement of Alpine swifts (Apus melba)"
16890711433,true,2017-03-06 07:22:11.000,-8.64728192161823,8.55000000000001,"stationary","non-breeding site",8.10000000000001,9.00000000000001,-8.65822784810129,-8.63636363636363,"solar-geolocator","Apus melba","18CL","F65490","Switzerland Lausanne - Long term study on migratory movement of Alpine swifts (Apus melba)"
16890711434,true,2017-03-06 20:09:48.000,-8.64728192161823,8.55000000000001,"stationary","non-breeding site",8.10000000000001,9.00000000000001,-8.66920152091257,-8.63636363636363,"solar-geolocator","Apus melba","18CL","F65490","Switzerland Lausanne - Long term study on migratory movement of Alpine swifts (Apus melba)"
16890711435,true,2017-03-07 07:22:11.000,-8.64728192161823,8.55000000000001,"stationary","non-breeding site",8.10000000000001,9.00000000000001,-8.66920152091257,-8.63636363636363,"solar-geolocator","Apus melba","18CL","F65490","Switzerland Lausanne - Long term study on migratory movement of Alpine swifts (Apus melba)"
16890711436,true,2017-03-07 20:09:48.000,-8.64728192161823,8.55000000000001,"stationary","non-breeding site",8.10000000000001,9.00000000000001,-8.65822784810129,-8.63636363636363,"solar-geolocator","Apus melba","18CL","F65490","Switzerland Lausanne - Long term study on migratory movement of Alpine swifts (Apus melba)"
16890711437,true,2017-03-08 07:18:11.000,-8.64728192161823,8.55000000000001,"stationary","non-breeding site",8.10000000000001,9.00000000000001,-8.65822784810129,-8.63636363636363,"solar-geolocator","Apus melba","18CL","F65490","Switzerland Lausanne - Long term study on migratory movement of Alpine swifts (Apus melba)"
16890711438,true,2017-03-08 20:11:48.000,-8.64728192161823,8.55000000000001,"stationary","non-breeding site",8.10000000000001,9.00000000000001,-8.65822784810129,-8.63636363636363,"solar-geolocator","Apus melba","18CL","F65490","Switzerland Lausanne - Long term study on migratory movement of Alpine swifts (Apus melba)"
16890711439,true,2017-03-09 07:16:11.000,-8.64728192161823,8.55000000000001,"stationary","non-breeding site",8.10000000000001,9.00000000000001,-8.65822784810129,-8.63636363636363,"solar-geolocator","Apus melba","18CL","F65490","Switzerland Lausanne - Long term study on migratory movement of Alpine swifts (Apus melba)"
16890711440,true,2017-03-09 20:11:48.000,-8.64728192161823,8.55000000000001,"stationary","non-breeding site",8.10000000000001,9.00000000000001,-8.66920152091257,-8.63636363636363,"solar-geolocator","Apus melba","18CL","F65490","Switzerland Lausanne - Long term study on migratory movement of Alpine swifts (Apus melba)"
16890711441,true,2017-03-10 07:16:11.000,-8.64728192161823,8.55000000000001,"stationary","non-breeding site",8.10000000000001,9.00000000000001,-8.66920152091257,-8.63636363636363,"solar-geolocator","Apus melba","18CL","F65490","Switzerland Lausanne - Long term study on migratory movement of Alpine swifts (Apus melba)"
16890711442,true,2017-03-10 20:11:48.000,-8.64728192161823,8.55000000000001,"stationary","non-breeding site",8.10000000000001,9.00000000000001,-8.66920152091257,-8.63636363636363,"solar-geolocator","Apus melba","18CL","F65490","Switzerland Lausanne - Long term study on migratory movement of Alpine swifts (Apus melba)"
16890711443,true,2017-03-11 07:14:11.000,-8.64728192161823,8.55000000000001,"stationary","non-breeding site",8.10000000000001,9.00000000000001,-8.66920152091257,-8.63636363636363,"solar-geolocator","Apus melba","18CL","F65490","Switzerland Lausanne - Long term study on migratory movement of Alpine swifts (Apus melba)"
16890711444,true,2017-03-11 20:07:48.000,-8.64728192161823,8.55000000000001,"stationary","non-breeding site",8.10000000000001,9.00000000000001,-8.66920152091257,-8.63636363636363,"solar-geolocator","Apus melba","18CL","F65490","Switzerland Lausanne - Long term study on migratory movement of Alpine swifts (Apus melba)"
16890711445,true,2017-03-12 07:18:11.000,-8.64728192161823,8.55000000000001,"stationary","non-breeding site",8.10000000000001,9.00000000000001,-8.66920152091257,-8.63636363636363,"solar-geolocator","Apus melba","18CL","F65490","Switzerland Lausanne - Long term study on migratory movement of Alpine swifts (Apus melba)"
16890711446,true,2017-03-12 20:09:48.000,-8.64728192161823,8.55000000000001,"stationary","non-breeding site",8.10000000000001,9.00000000000001,-8.66920152091257,-8.63636363636363,"solar-geolocator","Apus melba","18CL","F65490","Switzerland Lausanne - Long term study on migratory movement of Alpine swifts (Apus melba)"
16890711447,true,2017-03-13 07:18:11.000,-8.64728192161823,8.55000000000001,"stationary","non-breeding site",8.10000000000001,9.00000000000001,-8.66920152091257,-8.63636363636363,"solar-geolocator","Apus melba","18CL","F65490","Switzerland Lausanne - Long term study on migratory movement of Alpine swifts (Apus melba)"
16890711448,true,2017-03-13 20:01:48.000,-8.64728192161823,8.55000000000001,"stationary","non-breeding site",8.10000000000001,9.00000000000001,-8.66920152091257,-8.63636363636363,"solar-geolocator","Apus melba","18CL","F65490","Switzerland Lausanne - Long term study on migratory movement of Alpine swifts (Apus melba)"
16890711449,true,2017-03-14 07:16:11.000,-8.64728192161823,8.55000000000001,"stationary","non-breeding site",8.10000000000001,9.00000000000001,-8.66920152091257,-8.63636363636363,"solar-geolocator","Apus melba","18CL","F65490","Switzerland Lausanne - Long term study on migratory movement of Alpine swifts (Apus melba)"
16890711450,true,2017-03-14 19:59:48.000,-8.64728192161823,8.55000000000001,"stationary","non-breeding site",8.10000000000001,9.00000000000001,-8.66920152091257,-8.63636363636363,"solar-geolocator","Apus melba","18CL","F65490","Switzerland Lausanne - Long term study on migratory movement of Alpine swifts (Apus melba)"
16890711451,true,2017-03-15 07:22:11.000,-8.64728192161823,8.55000000000001,"stationary","non-breeding site",8.10000000000001,9.00000000000001,-8.66920152091257,-8.63636363636363,"solar-geolocator","Apus melba","18CL","F65490","Switzerland Lausanne - Long term study on migratory movement of Alpine swifts (Apus melba)"
16890711452,true,2017-03-15 20:09:48.000,-8.64728192161823,8.55000000000001,"stationary","non-breeding site",8.10000000000001,9.00000000000001,-8.66920152091257,-8.63636363636363,"solar-geolocator","Apus melba","18CL","F65490","Switzerland Lausanne - Long term study on migratory movement of Alpine swifts (Apus melba)"
16890711453,true,2017-03-16 07:26:11.000,-8.64728192161823,8.55000000000001,"stationary","non-breeding site",8.10000000000001,9.00000000000001,-8.66920152091257,-8.63636363636363,"solar-geolocator","Apus melba","18CL","F65490","Switzerland Lausanne - Long term study on migratory movement of Alpine swifts (Apus melba)"
16890711454,true,2017-03-16 20:15:48.000,-8.64728192161823,8.55000000000001,"stationary","non-breeding site",8.10000000000001,9.00000000000001,-8.66920152091257,-8.63636363636363,"solar-geolocator","Apus melba","18CL","F65490","Switzerland Lausanne - Long term study on migratory movement of Alpine swifts (Apus melba)"
16890711455,true,2017-03-17 07:22:11.000,-8.64728192161823,8.55000000000001,"stationary","non-breeding site",8.10000000000001,9.44999999999999,-8.66920152091257,-8.63636363636363,"solar-geolocator","Apus melba","18CL","F65490","Switzerland Lausanne - Long term study on migratory movement of Alpine swifts (Apus melba)"
16890711456,true,2017-03-17 20:13:48.000,-8.64728192161823,8.55000000000001,"stationary","non-breeding site",8.10000000000001,9.44999999999999,-8.66920152091257,-8.63636363636363,"solar-geolocator","Apus melba","18CL","F65490","Switzerland Lausanne - Long term study on migratory movement of Alpine swifts (Apus melba)"
16890711457,true,2017-03-18 07:18:11.000,-8.64728192161823,8.55000000000001,"stationary","non-breeding site",8.10000000000001,9.44999999999999,-8.66920152091257,-8.63636363636363,"solar-geolocator","Apus melba","18CL","F65490","Switzerland Lausanne - Long term study on migratory movement of Alpine swifts (Apus melba)"
16890711458,true,2017-03-18 20:05:48.000,-8.64728192161823,8.55000000000001,"stationary","non-breeding site",8.10000000000001,9.45,-8.66920152091257,-8.63636363636363,"solar-geolocator","Apus melba","18CL","F65490","Switzerland Lausanne - Long term study on migratory movement of Alpine swifts (Apus melba)"
16890711459,true,2017-03-19 07:10:11.000,-8.64728192161823,8.55000000000001,"stationary","non-breeding site",8.10000000000001,9.45,-8.66920152091257,-8.63636363636363,"solar-geolocator","Apus melba","18CL","F65490","Switzerland Lausanne - Long term study on migratory movement of Alpine swifts (Apus melba)"
16890711460,true,2017-03-19 20:05:48.000,-8.64728192161823,8.55000000000001,"stationary","non-breeding site",8.10000000000001,9.45,-8.66920152091257,-8.63636363636363,"solar-geolocator","Apus melba","18CL","F65490","Switzerland Lausanne - Long term study on migratory movement of Alpine swifts (Apus melba)"
16890711461,true,2017-03-20 07:18:11.000,-8.64728192161823,8.55000000000001,"stationary","non-breeding site",8.10000000000001,9.45,-8.69123252858958,-8.63636363636363,"solar-geolocator","Apus melba","18CL","F65490","Switzerland Lausanne - Long term study on migratory movement of Alpine swifts (Apus melba)"
16890711462,true,2017-03-20 20:05:48.000,-8.64728192161823,8.55000000000001,"stationary","non-breeding site",8.10000000000001,9.45,-8.69123252858958,-8.63636363636363,"solar-geolocator","Apus melba","18CL","F65490","Switzerland Lausanne - Long term study on migratory movement of Alpine swifts (Apus melba)"
16890711463,true,2017-03-21 07:16:11.000,-8.64728192161823,8.55000000000001,"stationary","non-breeding site",8.10000000000001,9.45,-8.70229007633588,-8.63636363636363,"solar-geolocator","Apus melba","18CL","F65490","Switzerland Lausanne - Long term study on migratory movement of Alpine swifts (Apus melba)"
16890711464,true,2017-03-21 20:05:48.000,-8.64728192161823,8.55000000000001,"stationary","non-breeding site",8.10000000000001,9.45,-8.71337579617835,-8.63636363636363,"solar-geolocator","Apus melba","18CL","F65490","Switzerland Lausanne - Long term study on migratory movement of Alpine swifts (Apus melba)"
16890711465,true,2017-03-22 07:14:11.000,-8.64728192161823,8.55000000000001,"stationary","non-breeding site",8.10000000000001,9.45,-8.73563218390808,-8.63636363636363,"solar-geolocator","Apus melba","18CL","F65490","Switzerland Lausanne - Long term study on migratory movement of Alpine swifts (Apus melba)"
16890711466,true,2017-03-22 20:01:48.000,-8.64728192161823,8.55000000000001,"stationary","non-breeding site",8.10000000000001,9.45,-8.73563218390808,-8.63636363636363,"solar-geolocator","Apus melba","18CL","F65490","Switzerland Lausanne - Long term study on migratory movement of Alpine swifts (Apus melba)"
16890711467,true,2017-03-23 07:16:11.000,-8.64728192161823,8.55000000000001,"stationary","non-breeding site",8.10000000000001,9.45,-8.74680306905375,-8.63636363636363,"solar-geolocator","Apus melba","18CL","F65490","Switzerland Lausanne - Long term study on migratory movement of Alpine swifts (Apus melba)"
16890711468,true,2017-03-23 20:01:48.000,-8.64728192161823,8.55000000000001,"stationary","non-breeding site",8.10000000000001,9.45,-8.75800256081949,-8.63636363636363,"solar-geolocator","Apus melba","18CL","F65490","Switzerland Lausanne - Long term study on migratory movement of Alpine swifts (Apus melba)"
16890711469,true,2017-03-24 07:20:11.000,-8.64728192161823,8.55000000000001,"stationary","non-breeding site",8.10000000000001,9.45,-8.82580645161294,-8.63636363636363,"solar-geolocator","Apus melba","18CL","F65490","Switzerland Lausanne - Long term study on migratory movement of Alpine swifts (Apus melba)"
16890711470,true,2017-03-24 19:59:48.000,-8.64728192161823,8.55000000000001,"stationary","non-breeding site",8.10000000000001,9.90000000000001,-8.96461336828311,-8.63636363636363,"solar-geolocator","Apus melba","18CL","F65490","Switzerland Lausanne - Long term study on migratory movement of Alpine swifts (Apus melba)"
16890711471,true,2017-03-25 07:18:11.000,-8.64728192161823,8.55000000000001,"stationary","non-breeding site",8.10000000000001,10.8,-9.04522613065328,-8.63636363636363,"solar-geolocator","Apus melba","18CL","F65490","Switzerland Lausanne - Long term study on migratory movement of Alpine swifts (Apus melba)"
16890711472,true,2017-03-25 20:07:48.000,-8.64728192161823,8.55000000000001,"stationary","non-breeding site",8.10000000000001,11.7,-9.10240202275602,-8.63636363636363,"solar-geolocator","Apus melba","18CL","F65490","Switzerland Lausanne - Long term study on migratory movement of Alpine swifts (Apus melba)"
16890711473,true,2017-03-26 08:20:11.000,-8.64728192161823,8.55000000000001,"stationary","non-breeding site",8.10000000000001,13.05,-9.10240202275602,-8.63636363636363,"solar-geolocator","Apus melba","18CL","F65490","Switzerland Lausanne - Long term study on migratory movement of Alpine swifts (Apus melba)"
16890711474,true,2017-03-26 21:13:48.000,-8.64728192161823,8.55000000000001,"stationary","non-breeding site",8.10000000000001,14.4,-9.24261874197692,-8.63636363636363,"solar-geolocator","Apus melba","18CL","F65490","Switzerland Lausanne - Long term study on migratory movement of Alpine swifts (Apus melba)"
16890711475,true,2017-03-27 08:16:11.000,-8.64728192161823,8.55000000000001,"stationary","non-breeding site",8.10000000000001,15.3,-9.45000000000004,-8.63636363636363,"solar-geolocator","Apus melba","18CL","F65490","Switzerland Lausanne - Long term study on migratory movement of Alpine swifts (Apus melba)"
16890711476,true,2017-03-27 21:15:48.000,-8.64728192161823,8.55000000000001,"stationary","non-breeding site",8.10000000000001,16.2,-9.48557089084067,-8.63636363636363,"solar-geolocator","Apus melba","18CL","F65490","Switzerland Lausanne - Long term study on migratory movement of Alpine swifts (Apus melba)"
16890711477,true,2017-03-28 07:56:11.000,-8.64728192161823,8.55000000000001,"stationary","non-breeding site",8.10000000000001,16.2,-9.45000000000004,-8.63636363636363,"solar-geolocator","Apus melba","18CL","F65490","Switzerland Lausanne - Long term study on migratory movement of Alpine swifts (Apus melba)"
16890711478,true,2017-03-28 21:05:48.000,-8.64728192161823,8.55000000000001,"stationary","non-breeding site",8.10000000000001,21.6,-9.09090909090912,-7.03124999999999,"solar-geolocator","Apus melba","18CL","F65490","Switzerland Lausanne - Long term study on migratory movement of Alpine swifts (Apus melba)"
16890711479,true,2017-03-29 07:38:11.000,-8.64728192161823,8.55000000000001,"stationary","non-breeding site",8.10000000000001,23.4,-9.07944514501897,-6.60550458715598,"solar-geolocator","Apus melba","18CL","F65490","Switzerland Lausanne - Long term study on migratory movement of Alpine swifts (Apus melba)"
16890711480,true,2017-03-29 21:09:48.000,-8.64728192161823,8.55000000000001,"stationary","non-breeding site",8.10000000000001,23.85,-9.06801007556675,-6.51810584958216,"solar-geolocator","Apus melba","18CL","F65490","Switzerland Lausanne - Long term study on migratory movement of Alpine swifts (Apus melba)"
16890711481,true,2017-03-30 07:44:11.000,-8.64728192161823,8.55000000000001,"movement","migration",0.900000000000006,23.85,-8.96461336828311,-1.81360201511338,"solar-geolocator","Apus melba","18CL","F65490","Switzerland Lausanne - Long term study on migratory movement of Alpine swifts (Apus melba)"
16890711482,true,2017-03-30 21:13:48.000,-8.64728192161823,8.55000000000001,"movement","migration",0.450000000000003,23.85,-8.94117647058824,-1.37579617834398,"solar-geolocator","Apus melba","18CL","F65490","Switzerland Lausanne - Long term study on migratory movement of Alpine swifts (Apus melba)"
16890711593,true,2017-03-31 07:18:11.000,-1.82741116751271,6.30000000000001,"movement","migration",1.4210854715202E-14,23.85,-7.03910614525141,0.0,"solar-geolocator","Apus melba","18CL","F65490","Switzerland Lausanne - Long term study on migratory movement of Alpine swifts (Apus melba)"
16890711594,true,2017-03-31 20:33:48.000,-1.81132075471701,6.30000000000001,"stationary","migration",1.4210854715202E-14,23.85,-3.36898395721926,0.95364238410596,"solar-geolocator","Apus melba","18CL","F65490","Switzerland Lausanne - Long term study on migratory movement of Alpine swifts (Apus melba)"
16890711607,true,2016-09-28 19:33:51.000,6.52173913043478,46.35,"stationary","migration",46.35,46.35,6.52173913043478,6.52173913043478,"solar-geolocator","Apus melba","18CN","F65405","Switzerland Lausanne - Long term study on migratory movement of Alpine swifts (Apus melba)"
16890711609,true,2016-09-29 06:56:11.000,6.52173913043478,46.35,"stationary","breeding site",46.35,46.35,6.52173913043478,6.52173913043478,"solar-geolocator","Apus melba","18CN","F65405","Switzerland Lausanne - Long term study on migratory movement of Alpine swifts (Apus melba)"
16890711610,true,2016-09-29 19:55:48.000,6.52173913043478,46.35,"stationary","breeding site",36.9,46.35,5.83210603829161,6.52173913043478,"solar-geolocator","Apus melba","18CN","F65405","Switzerland Lausanne - Long term study on migratory movement of Alpine swifts (Apus melba)"
16890711611,true,2016-09-30 07:04:11.000,6.52173913043478,46.35,"stationary","breeding site",34.65,46.35,1.25217391304348,6.52173913043478,"solar-geolocator","Apus melba","18CN","F65405","Switzerland Lausanne - Long term study on migratory movement of Alpine swifts (Apus melba)"
16890711612,true,2016-09-30 20:03:48.000,6.52173913043478,46.35,"movement","breeding site",33.3,46.35,-1.30434782608699,6.52173913043478,"solar-geolocator","Apus melba","18CN","F65405","Switzerland Lausanne - Long term study on migratory movement of Alpine swifts (Apus melba)"
16890711598,true,2016-10-01 07:22:11.000,-0.656934306569353,39.6,"movement","migration",22.95,49.05,-2.6765799256506,1.25217391304348,"solar-geolocator","Apus melba","18CN","F65405","Switzerland Lausanne - Long term study on migratory movement of Alpine swifts (Apus melba)"
16890711599,true,2016-10-01 20:17:48.000,-0.656934306569353,39.6,"stationary","migration",22.95,49.05,-2.6765799256506,1.25217391304348,"solar-geolocator","Apus melba","18CN","F65405","Switzerland Lausanne - Long term study on migratory movement of Alpine swifts (Apus melba)"
16890711597,true,2016-10-02 07:30:11.000,-0.99447513812158,39.15,"stationary","migration",22.95,49.5,-2.6765799256506,1.25217391304348,"solar-geolocator","Apus melba","18CN","F65405","Switzerland Lausanne - Long term study on migratory movement of Alpine swifts (Apus melba)"
16890711595,true,2016-10-02 20:17:48.000,-1.08761329305137,39.15,"stationary","migration",22.95,49.5,-2.78207109737247,1.25217391304348,"solar-geolocator","Apus melba","18CN","F65405","Switzerland Lausanne - Long term study on migratory movement of Alpine swifts (Apus melba)"
16890711596,true,2016-10-03 07:28:11.000,-1.08761329305137,39.15,"stationary","migration",22.95,49.5,-5.47112462006078,1.25217391304348,"solar-geolocator","Apus melba","18CN","F65405","Switzerland Lausanne - Long term study on migratory movement of Alpine swifts (Apus melba)"
16890711582,true,2016-10-03 20:29:48.000,-5.92592592592597,32.85,"movement","migration",22.5,48.6,-7.48582230623818,-1.09422492401216,"solar-geolocator","Apus melba","18CN","F65405","Switzerland Lausanne - Long term study on migratory movement of Alpine swifts (Apus melba)"
16890711581,true,2016-10-04 07:44:11.000,-6.01823708206688,31.5,"stationary","migration",22.5,48.6,-7.48582230623818,-3.82978723404254,"solar-geolocator","Apus melba","18CN","F65405","Switzerland Lausanne - Long term study on migratory movement of Alpine swifts (Apus melba)"
16890711578,true,2016-10-04 20:33:48.000,-6.04580152671757,31.5,"stationary","migration",22.5,48.6,-7.50000000000001,-4.35045317220544,"solar-geolocator","Apus melba","18CN","F65405","Switzerland Lausanne - Long term study on migratory movement of Alpine swifts (Apus melba)"
16890711579,true,2016-10-05 07:50:11.000,-6.04580152671757,31.5,"stationary","migration",22.5,46.8,-7.53363228699551,-4.61538461538461,"solar-geolocator","Apus melba","18CN","F65405","Switzerland Lausanne - Long term study on migratory movement of Alpine swifts (Apus melba)"
16890711580,true,2016-10-05 20:31:48.000,-6.04580152671757,31.95,"stationary","migration",22.5,46.8,-7.61538461538463,-4.66187050359711,"solar-geolocator","Apus melba","18CN","F65405","Switzerland Lausanne - Long term study on migratory movement of Alpine swifts (Apus melba)"
16890711577,true,2016-10-06 07:52:11.000,-6.08450704225352,31.5,"stationary","migration",22.05,46.8,-9.59326788218795,-4.77172312223858,"solar-geolocator","Apus melba","18CN","F65405","Switzerland Lausanne - Long term study on migratory movement of Alpine swifts (Apus melba)"
16890711576,true,2016-10-06 20:33:48.000,-7.31494920174163,27.45,"movement","migration",14.85,46.8,-10.7115135834411,-5.1336898395722,"solar-geolocator","Apus melba","18CN","F65405","Switzerland Lausanne - Long term study on migratory movement of Alpine swifts (Apus melba)"
16890711207,true,2016-10-07 08:00:11.000,-9.65147453083112,24.75,"movement","migration",13.5,46.35,-10.78125,-5.67335243553009,"solar-geolocator","Apus melba","18CN","F65405","Switzerland Lausanne - Long term study on migratory movement of Alpine swifts (Apus melba)"
16890711176,true,2016-10-07 20:43:48.000,-10.4854368932039,22.05,"movement","migration",13.5,42.75,-12.033426183844,-7.48582230623818,"solar-geolocator","Apus melba","18CN","F65405","Switzerland Lausanne - Long term study on migratory movement of Alpine swifts (Apus melba)"
16890711175,true,2016-10-08 08:06:11.000,-10.5459387483356,20.7,"stationary","migration",13.5,42.75,-12.033426183844,-7.97468354430384,"solar-geolocator","Apus melba","18CN","F65405","Switzerland Lausanne - Long term study on migratory movement of Alpine swifts (Apus melba)"
16890711172,true,2016-10-08 20:43:48.000,-10.5586592178771,20.25,"stationary","migration",13.5,39.6,-12.033426183844,-8.07854137447406,"solar-geolocator","Apus melba","18CN","F65405","Switzerland Lausanne - Long term study on migratory movement of Alpine swifts (Apus melba)"
16890711173,true,2016-10-09 08:08:11.000,-10.5586592178771,19.8,"stationary","migration",13.5,39.6,-12.033426183844,-8.07854137447406,"solar-geolocator","Apus melba","18CN","F65405","Switzerland Lausanne - Long term study on migratory movement of Alpine swifts (Apus melba)"
16890710983,true,2016-10-09 20:53:48.000,-10.6426735218509,17.55,"movement","migration",13.5,33.75,-13.0362116991644,-9.48616600790517,"solar-geolocator","Apus melba","18CN","F65405","Switzerland Lausanne - Long term study on migratory movement of Alpine swifts (Apus melba)"
16890710984,true,2016-10-10 08:22:11.000,-10.6426735218509,17.1,"stationary","migration",13.05,32.4,-14.6143437077131,-9.67468175388971,"solar-geolocator","Apus melba","18CN","F65405","Switzerland Lausanne - Long term study on migratory movement of Alpine swifts (Apus melba)"
16890710985,true,2016-10-10 20:51:48.000,-10.6426735218509,14.4,"movement","migration",13.05,28.8,-11.7114568599717,-9.80926430517713,"solar-geolocator","Apus melba","18CN","F65405","Switzerland Lausanne - Long term study on migratory movement of Alpine swifts (Apus melba)"
16890710986,true,2016-10-11 08:08:11.000,-10.6426735218509,14.4,"stationary","non-breeding site",13.05,28.8,-11.2981455064194,-9.80926430517713,"solar-geolocator","Apus melba","18CN","F65405","Switzerland Lausanne - Long term study on migratory movement of Alpine swifts (Apus melba)"
16890710987,true,2016-10-11 20:47:48.000,-10.6426735218509,13.95,"stationary","non-breeding site",13.05,28.35,-11.1740890688259,-9.80926430517713,"solar-geolocator","Apus melba","18CN","F65405","Switzerland Lausanne - Long term study on migratory movement of Alpine swifts (Apus melba)"
16890710988,true,2016-10-12 08:06:11.000,-10.6426735218509,13.95,"stationary","non-breeding site",13.05,27.9,-11.036496350365,-9.87654320987656,"solar-geolocator","Apus melba","18CN","F65405","Switzerland Lausanne - Long term study on migratory movement of Alpine swifts (Apus melba)"
16890710989,true,2016-10-12 20:47:49.000,-10.6426735218509,13.95,"stationary","non-breeding site",13.05,27.9,-11.036496350365,-9.88235294117651,"solar-geolocator","Apus melba","18CN","F65405","Switzerland Lausanne - Long term study on migratory movement of Alpine swifts (Apus melba)"
16890710990,true,2016-10-13 08:06:11.000,-10.6426735218509,13.95,"stationary","non-breeding site",13.05,26.55,-10.9379128137384,-9.88235294117651,"solar-geolocator","Apus melba","18CN","F65405","Switzerland Lausanne - Long term study on migratory movement of Alpine swifts (Apus melba)"
16890710991,true,2016-10-13 20:45:48.000,-10.6426735218509,13.95,"stationary","non-breeding site",13.05,25.65,-10.8940852819807,-9.93429697766098,"solar-geolocator","Apus melba","18CN","F65405","Switzerland Lausanne - Long term study on migratory movement of Alpine swifts (Apus melba)"
16890710993,true,2016-10-14 08:06:11.000,-10.6426735218509,13.95,"stationary","non-breeding site",13.05,25.2,-10.8940852819807,-9.98678996036986,"solar-geolocator","Apus melba","18CN","F65405","Switzerland Lausanne - Long term study on migratory movement of Alpine swifts (Apus melba)"
16890710994,true,2016-10-14 20:43:48.000,-10.6426735218509,13.95,"stationary","non-breeding site",13.05,25.2,-10.8940852819807,-10.0132450331126,"solar-geolocator","Apus melba","18CN","F65405","Switzerland Lausanne - Long term study on migratory movement of Alpine swifts (Apus melba)"
16890710996,true,2016-10-15 08:12:11.000,-10.6426735218509,13.95,"stationary","non-breeding site",13.05,25.2,-10.8641975308642,-10.1069518716578,"solar-geolocator","Apus melba","18CN","F65405","Switzerland Lausanne - Long term study on migratory movement of Alpine swifts (Apus melba)"
16890710997,true,2016-10-15 20:43:48.000,-10.6426735218509,13.95,"stationary","non-breeding site",13.05,24.3,-10.8641975308642,-10.1668806161746,"solar-geolocator","Apus melba","18CN","F65405","Switzerland Lausanne - Long term study on migratory movement of Alpine swifts (Apus melba)"
16890710998,true,2016-10-16 08:10:11.000,-10.6426735218509,13.5,"stationary","non-breeding site",13.05,23.4,-10.7901907356949,-10.2024291497976,"solar-geolocator","Apus melba","18CN","F65405","Switzerland Lausanne - Long term study on migratory movement of Alpine swifts (Apus melba)"
16890710999,true,2016-10-16 20:47:48.000,-10.6426735218509,13.5,"stationary","non-breeding site",13.05,22.95,-10.7901907356949,-10.2024291497976,"solar-geolocator","Apus melba","18CN","F65405","Switzerland Lausanne - Long term study on migratory movement of Alpine swifts (Apus melba)"
16890711000,true,2016-10-17 08:07:05.000,-10.6426735218509,13.5,"stationary","non-breeding site",13.05,22.5,-10.78125,-10.2061855670104,"solar-geolocator","Apus melba","18CN","F65405","Switzerland Lausanne - Long term study on migratory movement of Alpine swifts (Apus melba)"
16890711001,true,2016-10-17 20:45:48.000,-10.6426735218509,13.5,"stationary","non-breeding site",13.05,22.05,-10.7171853856563,-10.2061855670104,"solar-geolocator","Apus melba","18CN","F65405","Switzerland Lausanne - Long term study on migratory movement of Alpine swifts (Apus melba)"
16890711002,true,2016-10-18 08:06:11.000,-10.6426735218509,13.5,"stationary","non-breeding site",12.6,22.05,-10.7171853856563,-10.2024291497976,"solar-geolocator","Apus melba","18CN","F65405","Switzerland Lausanne - Long term study on migratory movement of Alpine swifts (Apus melba)"
16890711003,true,2016-10-18 20:41:49.000,-10.6426735218509,13.5,"stationary","non-breeding site",13.05,22.05,-10.7171853856563,-10.2024291497976,"solar-geolocator","Apus melba","18CN","F65405","Switzerland Lausanne - Long term study on migratory movement of Alpine swifts (Apus melba)"
16890711004,true,2016-10-19 08:08:11.000,-10.6426735218509,13.5,"stationary","non-breeding site",12.6,21.15,-10.7115135834411,-10.2024291497976,"solar-geolocator","Apus melba","18CN","F65405","Switzerland Lausanne - Long term study on migratory movement of Alpine swifts (Apus melba)"
16890711005,true,2016-10-19 20:45:48.000,-10.6426735218509,13.5,"stationary","non-breeding site",12.6,20.25,-10.7115135834411,-10.2024291497976,"solar-geolocator","Apus melba","18CN","F65405","Switzerland Lausanne - Long term study on migratory movement of Alpine swifts (Apus melba)"
16890711006,true,2016-10-20 08:08:11.000,-10.6426735218509,13.5,"stationary","non-breeding site",12.6,19.8,-10.7115135834411,-10.2061855670104,"solar-geolocator","Apus melba","18CN","F65405","Switzerland Lausanne - Long term study on migratory movement of Alpine swifts (Apus melba)"
16890711007,true,2016-10-20 20:41:48.000,-10.6426735218509,13.5,"stationary","non-breeding site",12.6,19.35,-10.7115135834411,-10.2061855670104,"solar-geolocator","Apus melba","18CN","F65405","Switzerland Lausanne - Long term study on migratory movement of Alpine swifts (Apus melba)"
16890711008,true,2016-10-21 08:10:11.000,-10.6426735218509,13.5,"stationary","non-breeding site",12.6,18.9,-10.7115135834411,-10.2061855670104,"solar-geolocator","Apus melba","18CN","F65405","Switzerland Lausanne - Long term study on migratory movement of Alpine swifts (Apus melba)"
16890711009,true,2016-10-21 20:47:48.000,-10.6426735218509,13.5,"stationary","non-breeding site",12.6,17.55,-10.6838709677419,-10.2457956015524,"solar-geolocator","Apus melba","18CN","F65405","Switzerland Lausanne - Long term study on migratory movement of Alpine swifts (Apus melba)"
16890711010,true,2016-10-22 08:06:11.000,-10.6426735218509,13.5,"stationary","non-breeding site",12.6,17.1,-10.6838709677419,-10.2300405953992,"solar-geolocator","Apus melba","18CN","F65405","Switzerland Lausanne - Long term study on migratory movement of Alpine swifts (Apus melba)"
16890711011,true,2016-10-22 20:43:48.000,-10.6426735218509,13.5,"stationary","non-breeding site",12.6,17.1,-10.6838709677419,-10.2457956015524,"solar-geolocator","Apus melba","18CN","F65405","Switzerland Lausanne - Long term study on migratory movement of Alpine swifts (Apus melba)"
16890711012,true,2016-10-23 08:10:11.000,-10.6426735218509,13.5,"stationary","non-breeding site",12.6,17.1,-10.6838709677419,-10.2457956015524,"solar-geolocator","Apus melba","18CN","F65405","Switzerland Lausanne - Long term study on migratory movement of Alpine swifts (Apus melba)"
16890711013,true,2016-10-23 20:43:48.000,-10.6426735218509,13.5,"stationary","non-breeding site",12.6,16.65,-10.6838709677419,-10.3125,"solar-geolocator","Apus melba","18CN","F65405","Switzerland Lausanne - Long term study on migratory movement of Alpine swifts (Apus melba)"
16890711014,true,2016-10-24 08:06:11.000,-10.6426735218509,13.5,"stationary","non-breeding site",12.6,16.65,-10.7115135834411,-10.259067357513,"solar-geolocator","Apus melba","18CN","F65405","Switzerland Lausanne - Long term study on migratory movement of Alpine swifts (Apus melba)"
16890711015,true,2016-10-24 20:35:48.000,-10.6426735218509,13.5,"stationary","non-breeding site",12.6,16.65,-10.7115135834411,-10.3125,"solar-geolocator","Apus melba","18CN","F65405","Switzerland Lausanne - Long term study on migratory movement of Alpine swifts (Apus melba)"
16890711016,true,2016-10-25 08:08:11.000,-10.6426735218509,13.5,"stationary","non-breeding site",12.6,16.2,-10.7115135834411,-10.3529411764706,"solar-geolocator","Apus melba","18CN","F65405","Switzerland Lausanne - Long term study on migratory movement of Alpine swifts (Apus melba)"
16890711020,true,2016-10-25 20:39:48.000,-10.6290115532735,13.05,"stationary","non-breeding site",12.15,16.2,-10.7115135834411,-10.3800786369594,"solar-geolocator","Apus melba","18CN","F65405","Switzerland Lausanne - Long term study on migratory movement of Alpine swifts (Apus melba)"
16890711021,true,2016-10-26 08:06:11.000,-10.6290115532735,13.05,"stationary","non-breeding site",12.15,16.2,-10.7115135834411,-10.407358738502,"solar-geolocator","Apus melba","18CN","F65405","Switzerland Lausanne - Long term study on migratory movement of Alpine swifts (Apus melba)"
16890711022,true,2016-10-26 20:41:48.000,-10.6290115532735,13.05,"stationary","non-breeding site",12.15,16.2,-10.7253886010363,-10.5747126436782,"solar-geolocator","Apus melba","18CN","F65405","Switzerland Lausanne - Long term study on migratory movement of Alpine swifts (Apus melba)"
16890711023,true,2016-10-27 08:08:11.000,-10.6290115532735,13.05,"stationary","non-breeding site",12.15,16.2,-10.7532467532468,-10.3800786369594,"solar-geolocator","Apus melba","18CN","F65405","Switzerland Lausanne - Long term study on migratory movement of Alpine swifts (Apus melba)"
16890711024,true,2016-10-27 20:39:48.000,-10.6290115532735,13.05,"stationary","non-breeding site",12.15,16.2,-10.7532467532468,-10.3800786369594,"solar-geolocator","Apus melba","18CN","F65405","Switzerland Lausanne - Long term study on migratory movement of Alpine swifts (Apus melba)"
16890711025,true,2016-10-28 08:04:11.000,-10.6290115532735,13.05,"stationary","non-breeding site",12.15,16.2,-10.7532467532468,-10.407358738502,"solar-geolocator","Apus melba","18CN","F65405","Switzerland Lausanne - Long term study on migratory movement of Alpine swifts (Apus melba)"
16890711026,true,2016-10-28 20:41:48.000,-10.6290115532735,13.05,"stationary","non-breeding site",12.15,16.2,-10.7253886010363,-10.5747126436782,"solar-geolocator","Apus melba","18CN","F65405","Switzerland Lausanne - Long term study on migratory movement of Alpine swifts (Apus melba)"
16890711027,true,2016-10-29 08:06:11.000,-10.6290115532735,13.05,"stationary","non-breeding site",12.15,15.75,-10.7115135834411,-10.5747126436782,"solar-geolocator","Apus melba","18CN","F65405","Switzerland Lausanne - Long term study on migratory movement of Alpine swifts (Apus melba)"
16890711028,true,2016-10-29 20:43:48.000,-10.6290115532735,13.05,"stationary","non-breeding site",12.15,15.75,-10.6838709677419,-10.5747126436782,"solar-geolocator","Apus melba","18CN","F65405","Switzerland Lausanne - Long term study on migratory movement of Alpine swifts (Apus melba)"
16890711029,true,2016-10-30 07:08:11.000,-10.6290115532735,13.05,"stationary","non-breeding site",12.15,15.75,-10.7115135834411,-10.5747126436782,"solar-geolocator","Apus melba","18CN","F65405","Switzerland Lausanne - Long term study on migratory movement of Alpine swifts (Apus melba)"
16890711030,true,2016-10-30 19:43:49.000,-10.6290115532735,13.05,"stationary","non-breeding site",12.15,15.75,-10.6838709677419,-10.5747126436782,"solar-geolocator","Apus melba","18CN","F65405","Switzerland Lausanne - Long term study on migratory movement of Alpine swifts (Apus melba)"
16890711031,true,2016-10-31 07:10:11.000,-10.6290115532735,13.05,"stationary","non-breeding site",12.15,15.75,-10.6838709677419,-10.5747126436782,"solar-geolocator","Apus melba","18CN","F65405","Switzerland Lausanne - Long term study on migratory movement of Alpine swifts (Apus melba)"
16890711032,true,2016-10-31 19:41:48.000,-10.6290115532735,13.05,"stationary","non-breeding site",12.15,15.75,-10.6838709677419,-10.5747126436782,"solar-geolocator","Apus melba","18CN","F65405","Switzerland Lausanne - Long term study on migratory movement of Alpine swifts (Apus melba)"
16890711033,true,2016-11-01 07:12:11.000,-10.6290115532735,13.05,"stationary","non-breeding site",12.15,15.75,-10.6838709677419,-10.5747126436782,"solar-geolocator","Apus melba","18CN","F65405","Switzerland Lausanne - Long term study on migratory movement of Alpine swifts (Apus melba)"
16890711034,true,2016-11-01 19:39:48.000,-10.6290115532735,13.05,"stationary","non-breeding site",12.15,15.75,-10.6838709677419,-10.5747126436782,"solar-geolocator","Apus melba","18CN","F65405","Switzerland Lausanne - Long term study on migratory movement of Alpine swifts (Apus melba)"
16890711035,true,2016-11-02 07:18:11.000,-10.6290115532735,13.05,"stationary","non-breeding site",12.15,16.2,-10.7115135834411,-10.3800786369594,"solar-geolocator","Apus melba","18CN","F65405","Switzerland Lausanne - Long term study on migratory movement of Alpine swifts (Apus melba)"
16890711036,true,2016-11-02 19:35:48.000,-10.6290115532735,13.05,"stationary","non-breeding site",12.15,16.2,-10.7115135834411,-10.5747126436782,"solar-geolocator","Apus melba","18CN","F65405","Switzerland Lausanne - Long term study on migratory movement of Alpine swifts (Apus melba)"
16890711037,true,2016-11-03 07:14:11.000,-10.6290115532735,13.05,"stationary","non-breeding site",12.15,15.75,-10.6838709677419,-10.5747126436782,"solar-geolocator","Apus melba","18CN","F65405","Switzerland Lausanne - Long term study on migratory movement of Alpine swifts (Apus melba)"
16890711038,true,2016-11-03 19:35:48.000,-10.6290115532735,13.05,"stationary","non-breeding site",12.15,15.75,-10.6701030927835,-10.5882352941177,"solar-geolocator","Apus melba","18CN","F65405","Switzerland Lausanne - Long term study on migratory movement of Alpine swifts (Apus melba)"
16890711039,true,2016-11-04 07:14:11.000,-10.6290115532735,13.05,"stationary","non-breeding site",12.15,15.75,-10.6838709677419,-10.3800786369594,"solar-geolocator","Apus melba","18CN","F65405","Switzerland Lausanne - Long term study on migratory movement of Alpine swifts (Apus melba)"
16890711040,true,2016-11-04 19:37:48.000,-10.6290115532735,13.05,"stationary","non-breeding site",12.15,15.75,-10.6838709677419,-10.5747126436782,"solar-geolocator","Apus melba","18CN","F65405","Switzerland Lausanne - Long term study on migratory movement of Alpine swifts (Apus melba)"
16890711041,true,2016-11-05 07:14:11.000,-10.6290115532735,13.05,"stationary","non-breeding site",12.15,15.75,-10.7115135834411,-10.5747126436782,"solar-geolocator","Apus melba","18CN","F65405","Switzerland Lausanne - Long term study on migratory movement of Alpine swifts (Apus melba)"
16890711042,true,2016-11-05 19:39:48.000,-10.6290115532735,13.05,"stationary","non-breeding site",12.15,15.75,-10.7115135834411,-10.5747126436782,"solar-geolocator","Apus melba","18CN","F65405","Switzerland Lausanne - Long term study on migratory movement of Alpine swifts (Apus melba)"
16890711043,true,2016-11-06 07:10:11.000,-10.6290115532735,13.05,"stationary","non-breeding site",12.15,16.2,-10.7115135834411,-10.5747126436782,"solar-geolocator","Apus melba","18CN","F65405","Switzerland Lausanne - Long term study on migratory movement of Alpine swifts (Apus melba)"
16890711044,true,2016-11-06 19:39:48.000,-10.6290115532735,13.05,"stationary","non-breeding site",12.15,15.75,-10.7115135834411,-10.5747126436782,"solar-geolocator","Apus melba","18CN","F65405","Switzerland Lausanne - Long term study on migratory movement of Alpine swifts (Apus melba)"
16890711045,true,2016-11-07 07:14:11.000,-10.6290115532735,13.05,"stationary","non-breeding site",12.15,15.75,-10.7115135834411,-10.5747126436782,"solar-geolocator","Apus melba","18CN","F65405","Switzerland Lausanne - Long term study on migratory movement of Alpine swifts (Apus melba)"
16890711046,true,2016-11-07 19:39:48.000,-10.6290115532735,13.05,"stationary","non-breeding site",12.15,15.75,-10.7115135834411,-10.5747126436782,"solar-geolocator","Apus melba","18CN","F65405","Switzerland Lausanne - Long term study on migratory movement of Alpine swifts (Apus melba)"
16890711047,true,2016-11-08 07:10:11.000,-10.6290115532735,13.05,"stationary","non-breeding site",12.15,16.2,-10.7115135834411,-10.5747126436782,"solar-geolocator","Apus melba","18CN","F65405","Switzerland Lausanne - Long term study on migratory movement of Alpine swifts (Apus melba)"
16890711048,true,2016-11-08 19:37:48.000,-10.6290115532735,13.05,"stationary","non-breeding site",12.15,15.3,-10.7115135834411,-10.5747126436782,"solar-geolocator","Apus melba","18CN","F65405","Switzerland Lausanne - Long term study on migratory movement of Alpine swifts (Apus melba)"
16890711049,true,2016-11-09 07:12:11.000,-10.6290115532735,13.05,"stationary","non-breeding site",12.15,15.3,-10.7115135834411,-10.5747126436782,"solar-geolocator","Apus melba","18CN","F65405","Switzerland Lausanne - Long term study on migratory movement of Alpine swifts (Apus melba)"
16890711050,true,2016-11-09 19:37:48.000,-10.6290115532735,13.05,"stationary","non-breeding site",11.7,15.3,-10.7253886010363,-10.5747126436782,"solar-geolocator","Apus melba","18CN","F65405","Switzerland Lausanne - Long term study on migratory movement of Alpine swifts (Apus melba)"
16890711053,true,2016-11-10 07:14:11.000,-10.6017925736236,13.05,"stationary","non-breeding site",11.7,15.75,-10.7253886010363,-10.5747126436782,"solar-geolocator","Apus melba","18CN","F65405","Switzerland Lausanne - Long term study on migratory movement of Alpine swifts (Apus melba)"
16890711054,true,2016-11-10 19:35:48.000,-10.6017925736236,12.6,"stationary","non-breeding site",11.7,15.75,-10.7253886010363,-10.5747126436782,"solar-geolocator","Apus melba","18CN","F65405","Switzerland Lausanne - Long term study on migratory movement of Alpine swifts (Apus melba)"
16890711055,true,2016-11-11 07:16:11.000,-10.6017925736236,12.6,"stationary","non-breeding site",11.7,15.75,-10.7253886010363,-10.5747126436782,"solar-geolocator","Apus melba","18CN","F65405","Switzerland Lausanne - Long term study on migratory movement of Alpine swifts (Apus melba)"
16890711056,true,2016-11-11 19:37:48.000,-10.6017925736236,12.6,"stationary","non-breeding site",11.7,15.75,-10.7532467532468,-10.5747126436782,"solar-geolocator","Apus melba","18CN","F65405","Switzerland Lausanne - Long term study on migratory movement of Alpine swifts (Apus melba)"
16890711057,true,2016-11-12 07:18:11.000,-10.6017925736236,12.6,"stationary","non-breeding site",11.7,15.75,-10.7532467532468,-10.5747126436782,"solar-geolocator","Apus melba","18CN","F65405","Switzerland Lausanne - Long term study on migratory movement of Alpine swifts (Apus melba)"
16890711058,true,2016-11-12 19:39:48.000,-10.6017925736236,12.6,"stationary","non-breeding site",11.7,15.75,-10.7532467532468,-10.5747126436782,"solar-geolocator","Apus melba","18CN","F65405","Switzerland Lausanne - Long term study on migratory movement of Alpine swifts (Apus melba)"
16890711059,true,2016-11-13 07:12:11.000,-10.6017925736236,12.6,"stationary","non-breeding site",11.7,15.75,-10.7532467532468,-10.5747126436782,"solar-geolocator","Apus melba","18CN","F65405","Switzerland Lausanne - Long term study on migratory movement of Alpine swifts (Apus melba)"
16890711060,true,2016-11-13 19:39:48.000,-10.6017925736236,12.6,"stationary","non-breeding site",11.7,15.3,-10.7253886010363,-10.5747126436782,"solar-geolocator","Apus melba","18CN","F65405","Switzerland Lausanne - Long term study on migratory movement of Alpine swifts (Apus melba)"
16890711061,true,2016-11-14 07:16:11.000,-10.6017925736236,12.6,"stationary","non-breeding site",11.7,15.3,-10.7253886010363,-10.5747126436782,"solar-geolocator","Apus melba","18CN","F65405","Switzerland Lausanne - Long term study on migratory movement of Alpine swifts (Apus melba)"
16890711062,true,2016-11-14 19:33:48.000,-10.6017925736236,12.6,"stationary","non-breeding site",11.7,15.3,-10.7253886010363,-10.5747126436782,"solar-geolocator","Apus melba","18CN","F65405","Switzerland Lausanne - Long term study on migratory movement of Alpine swifts (Apus melba)"
16890711063,true,2016-11-15 07:18:11.000,-10.6017925736236,12.6,"stationary","non-breeding site",11.7,14.85,-10.7115135834411,-10.5747126436782,"solar-geolocator","Apus melba","18CN","F65405","Switzerland Lausanne - Long term study on migratory movement of Alpine swifts (Apus melba)"
16890711064,true,2016-11-15 19:33:48.000,-10.6017925736236,12.6,"stationary","non-breeding site",11.7,14.85,-10.7115135834411,-10.5747126436782,"solar-geolocator","Apus melba","18CN","F65405","Switzerland Lausanne - Long term study on migratory movement of Alpine swifts (Apus melba)"
16890711065,true,2016-11-16 07:16:11.000,-10.6017925736236,12.6,"stationary","non-breeding site",11.7,14.85,-10.7115135834411,-10.5747126436782,"solar-geolocator","Apus melba","18CN","F65405","Switzerland Lausanne - Long term study on migratory movement of Alpine swifts (Apus melba)"
16890711066,true,2016-11-16 19:35:48.000,-10.6017925736236,12.6,"stationary","non-breeding site",11.7,14.85,-10.7115135834411,-10.5747126436782,"solar-geolocator","Apus melba","18CN","F65405","Switzerland Lausanne - Long term study on migratory movement of Alpine swifts (Apus melba)"
16890711067,true,2016-11-17 07:14:10.000,-10.6017925736236,12.6,"stationary","non-breeding site",11.7,14.85,-10.7115135834411,-10.547770700637,"solar-geolocator","Apus melba","18CN","F65405","Switzerland Lausanne - Long term study on migratory movement of Alpine swifts (Apus melba)"
16890711068,true,2016-11-17 19:35:48.000,-10.6017925736236,12.6,"stationary","non-breeding site",11.7,14.4,-10.7115135834411,-10.5747126436782,"solar-geolocator","Apus melba","18CN","F65405","Switzerland Lausanne - Long term study on migratory movement of Alpine swifts (Apus melba)"
16890711069,true,2016-11-18 07:14:11.000,-10.6017925736236,12.6,"stationary","non-breeding site",11.25,14.4,-10.7115135834411,-10.547770700637,"solar-geolocator","Apus melba","18CN","F65405","Switzerland Lausanne - Long term study on migratory movement of Alpine swifts (Apus melba)"
16890711070,true,2016-11-18 19:39:48.000,-10.6017925736236,12.6,"stationary","non-breeding site",11.25,14.4,-10.6838709677419,-10.547770700637,"solar-geolocator","Apus melba","18CN","F65405","Switzerland Lausanne - Long term study on migratory movement of Alpine swifts (Apus melba)"
16890711071,true,2016-11-19 07:14:11.000,-10.6017925736236,12.6,"stationary","non-breeding site",11.25,14.4,-10.6838709677419,-10.547770700637,"solar-geolocator","Apus melba","18CN","F65405","Switzerland Lausanne - Long term study on migratory movement of Alpine swifts (Apus melba)"
16890711072,true,2016-11-19 19:41:48.000,-10.6017925736236,12.6,"stationary","non-breeding site",11.25,13.95,-10.6838709677419,-10.547770700637,"solar-geolocator","Apus melba","18CN","F65405","Switzerland Lausanne - Long term study on migratory movement of Alpine swifts (Apus melba)"
16890711082,true,2016-11-20 07:20:10.000,-10.5882352941177,12.15,"stationary","non-breeding site",11.25,13.95,-10.6701030927835,-10.547770700637,"solar-geolocator","Apus melba","18CN","F65405","Switzerland Lausanne - Long term study on migratory movement of Alpine swifts (Apus melba)"
16890711083,true,2016-11-20 19:39:48.000,-10.5882352941177,12.15,"stationary","non-breeding site",11.25,13.95,-10.6701030927835,-10.547770700637,"solar-geolocator","Apus melba","18CN","F65405","Switzerland Lausanne - Long term study on migratory movement of Alpine swifts (Apus melba)"
16890711084,true,2016-11-21 07:16:11.000,-10.5882352941177,12.15,"stationary","non-breeding site",11.25,13.95,-10.6701030927835,-10.547770700637,"solar-geolocator","Apus melba","18CN","F65405","Switzerland Lausanne - Long term study on migratory movement of Alpine swifts (Apus melba)"
16890711085,true,2016-11-21 19:39:48.000,-10.5882352941177,12.15,"stationary","non-breeding site",11.25,13.95,-10.6701030927835,-10.547770700637,"solar-geolocator","Apus melba","18CN","F65405","Switzerland Lausanne - Long term study on migratory movement of Alpine swifts (Apus melba)"
16890711086,true,2016-11-22 07:18:11.000,-10.5882352941177,12.15,"stationary","non-breeding site",11.25,13.95,-10.6701030927835,-10.5343511450382,"solar-geolocator","Apus melba","18CN","F65405","Switzerland Lausanne - Long term study on migratory movement of Alpine swifts (Apus melba)"
16890711073,true,2016-11-22 19:37:48.000,-10.6017925736236,12.6,"stationary","non-breeding site",11.25,13.95,-10.6701030927835,-10.5343511450382,"solar-geolocator","Apus melba","18CN","F65405","Switzerland Lausanne - Long term study on migratory movement of Alpine swifts (Apus melba)"
16890711074,true,2016-11-23 07:14:11.000,-10.6017925736236,12.6,"stationary","non-breeding site",11.25,13.95,-10.6701030927835,-10.5343511450382,"solar-geolocator","Apus melba","18CN","F65405","Switzerland Lausanne - Long term study on migratory movement of Alpine swifts (Apus melba)"
16890711087,true,2016-11-23 19:35:49.000,-10.5882352941177,12.15,"stationary","non-breeding site",11.25,13.95,-10.6701030927835,-10.5343511450382,"solar-geolocator","Apus melba","18CN","F65405","Switzerland Lausanne - Long term study on migratory movement of Alpine swifts (Apus melba)"
16890711088,true,2016-11-24 07:16:11.000,-10.5882352941177,12.15,"stationary","non-breeding site",10.8,13.95,-10.6701030927835,-10.5343511450382,"solar-geolocator","Apus melba","18CN","F65405","Switzerland Lausanne - Long term study on migratory movement of Alpine swifts (Apus melba)"
16890711089,true,2016-11-24 19:37:48.000,-10.5882352941177,12.15,"stationary","non-breeding site",10.8,13.95,-10.6701030927835,-10.5343511450382,"solar-geolocator","Apus melba","18CN","F65405","Switzerland Lausanne - Long term study on migratory movement of Alpine swifts (Apus melba)"
16890711075,true,2016-11-25 07:18:11.000,-10.6017925736236,12.6,"stationary","non-breeding site",10.8,13.95,-10.6701030927835,-10.5343511450382,"solar-geolocator","Apus melba","18CN","F65405","Switzerland Lausanne - Long term study on migratory movement of Alpine swifts (Apus melba)"
16890711076,true,2016-11-25 19:43:48.000,-10.6017925736236,12.6,"stationary","non-breeding site",10.8,13.95,-10.6701030927835,-10.5343511450382,"solar-geolocator","Apus melba","18CN","F65405","Switzerland Lausanne - Long term study on migratory movement of Alpine swifts (Apus melba)"
16890711077,true,2016-11-26 07:20:11.000,-10.6017925736236,12.6,"stationary","non-breeding site",10.8,13.95,-10.6701030927835,-10.5343511450382,"solar-geolocator","Apus melba","18CN","F65405","Switzerland Lausanne - Long term study on migratory movement of Alpine swifts (Apus melba)"
16890711078,true,2016-11-26 19:37:48.000,-10.6017925736236,12.6,"stationary","non-breeding site",10.8,13.95,-10.6701030927835,-10.5343511450382,"solar-geolocator","Apus melba","18CN","F65405","Switzerland Lausanne - Long term study on migratory movement of Alpine swifts (Apus melba)"
16890711079,true,2016-11-27 07:22:11.000,-10.6017925736236,12.6,"stationary","non-breeding site",10.8,13.95,-10.6701030927835,-10.5343511450382,"solar-geolocator","Apus melba","18CN","F65405","Switzerland Lausanne - Long term study on migratory movement of Alpine swifts (Apus melba)"
16890711081,true,2016-11-27 19:41:48.000,-10.6017925736236,12.15,"stationary","non-breeding site",10.8,13.95,-10.6701030927835,-10.5343511450382,"solar-geolocator","Apus melba","18CN","F65405","Switzerland Lausanne - Long term study on migratory movement of Alpine swifts (Apus melba)"
16890711090,true,2016-11-28 07:20:11.000,-10.5882352941177,12.15,"stationary","non-breeding site",10.8,13.95,-10.6701030927835,-10.5343511450382,"solar-geolocator","Apus melba","18CN","F65405","Switzerland Lausanne - Long term study on migratory movement of Alpine swifts (Apus melba)"
16890711091,true,2016-11-28 19:41:48.000,-10.5882352941177,12.15,"stationary","non-breeding site",10.8,13.95,-10.6701030927835,-10.5343511450382,"solar-geolocator","Apus melba","18CN","F65405","Switzerland Lausanne - Long term study on migratory movement of Alpine swifts (Apus melba)"
16890711092,true,2016-11-29 07:22:11.000,-10.5882352941177,12.15,"stationary","non-breeding site",10.8,13.95,-10.6838709677419,-10.5343511450382,"solar-geolocator","Apus melba","18CN","F65405","Switzerland Lausanne - Long term study on migratory movement of Alpine swifts (Apus melba)"
16890711093,true,2016-11-29 19:37:48.000,-10.5882352941177,12.15,"stationary","non-breeding site",10.8,13.95,-10.6838709677419,-10.5343511450382,"solar-geolocator","Apus melba","18CN","F65405","Switzerland Lausanne - Long term study on migratory movement of Alpine swifts (Apus melba)"
16890711094,true,2016-11-30 07:22:11.000,-10.5882352941177,12.15,"stationary","non-breeding site",10.8,13.95,-10.6838709677419,-10.5343511450382,"solar-geolocator","Apus melba","18CN","F65405","Switzerland Lausanne - Long term study on migratory movement of Alpine swifts (Apus melba)"
16890711095,true,2016-11-30 19:39:48.000,-10.5882352941177,12.15,"stationary","non-breeding site",10.8,13.95,-10.6838709677419,-10.5343511450382,"solar-geolocator","Apus melba","18CN","F65405","Switzerland Lausanne - Long term study on migratory movement of Alpine swifts (Apus melba)"
16890711096,true,2016-12-01 07:22:11.000,-10.5882352941177,12.15,"stationary","non-breeding site",10.8,13.95,-11.0063694267516,-10.5343511450382,"solar-geolocator","Apus melba","18CN","F65405","Switzerland Lausanne - Long term study on migratory movement of Alpine swifts (Apus melba)"
16890711097,true,2016-12-01 19:39:48.000,-10.5882352941177,12.15,"stationary","non-breeding site",10.8,13.95,-11.0063694267516,-10.5343511450382,"solar-geolocator","Apus melba","18CN","F65405","Switzerland Lausanne - Long term study on migratory movement of Alpine swifts (Apus melba)"
16890711098,true,2016-12-02 07:20:11.000,-10.5882352941177,12.15,"stationary","non-breeding site",10.8,13.95,-11.0063694267516,-10.5343511450382,"solar-geolocator","Apus melba","18CN","F65405","Switzerland Lausanne - Long term study on migratory movement of Alpine swifts (Apus melba)"
16890711099,true,2016-12-02 19:37:48.000,-10.5882352941177,12.15,"stationary","non-breeding site",10.8,13.95,-11.0063694267516,-10.5343511450382,"solar-geolocator","Apus melba","18CN","F65405","Switzerland Lausanne - Long term study on migratory movement of Alpine swifts (Apus melba)"
16890711100,true,2016-12-03 07:22:11.000,-10.5882352941177,12.15,"stationary","non-breeding site",10.8,13.5,-11.0063694267516,-10.5343511450382,"solar-geolocator","Apus melba","18CN","F65405","Switzerland Lausanne - Long term study on migratory movement of Alpine swifts (Apus melba)"
16890711101,true,2016-12-03 19:39:48.000,-10.5882352941177,12.15,"stationary","non-breeding site",10.8,13.5,-11.0063694267516,-10.5343511450382,"solar-geolocator","Apus melba","18CN","F65405","Switzerland Lausanne - Long term study on migratory movement of Alpine swifts (Apus melba)"
16890711102,true,2016-12-04 07:24:10.000,-10.5882352941177,12.15,"stationary","non-breeding site",10.8,13.5,-11.0063694267516,-10.5343511450382,"solar-geolocator","Apus melba","18CN","F65405","Switzerland Lausanne - Long term study on migratory movement of Alpine swifts (Apus melba)"
16890711103,true,2016-12-04 19:39:49.000,-10.5882352941177,12.15,"stationary","non-breeding site",10.8,13.5,-11.0063694267516,-10.5343511450382,"solar-geolocator","Apus melba","18CN","F65405","Switzerland Lausanne - Long term study on migratory movement of Alpine swifts (Apus melba)"
16890711104,true,2016-12-05 07:24:11.000,-10.5882352941177,12.15,"stationary","non-breeding site",10.8,13.5,-10.9923664122138,-10.5343511450382,"solar-geolocator","Apus melba","18CN","F65405","Switzerland Lausanne - Long term study on migratory movement of Alpine swifts (Apus melba)"
16890711105,true,2016-12-05 19:43:48.000,-10.5882352941177,12.15,"stationary","non-breeding site",10.8,13.5,-10.9923664122138,-10.5343511450382,"solar-geolocator","Apus melba","18CN","F65405","Switzerland Lausanne - Long term study on migratory movement of Alpine swifts (Apus melba)"
16890711106,true,2016-12-06 07:22:11.000,-10.5882352941177,12.15,"stationary","non-breeding site",10.8,13.5,-10.6838709677419,-10.5343511450382,"solar-geolocator","Apus melba","18CN","F65405","Switzerland Lausanne - Long term study on migratory movement of Alpine swifts (Apus melba)"
16890711107,true,2016-12-06 19:41:48.000,-10.5882352941177,12.15,"stationary","non-breeding site",10.8,13.5,-10.6701030927835,-10.5343511450382,"solar-geolocator","Apus melba","18CN","F65405","Switzerland Lausanne - Long term study on migratory movement of Alpine swifts (Apus melba)"
16890711108,true,2016-12-07 07:24:11.000,-10.5882352941177,12.15,"stationary","non-breeding site",10.8,13.5,-10.6838709677419,-10.5343511450382,"solar-geolocator","Apus melba","18CN","F65405","Switzerland Lausanne - Long term study on migratory movement of Alpine swifts (Apus melba)"
16890711109,true,2016-12-07 19:45:48.000,-10.5882352941177,12.15,"stationary","non-breeding site",10.8,13.5,-10.6701030927835,-10.5343511450382,"solar-geolocator","Apus melba","18CN","F65405","Switzerland Lausanne - Long term study on migratory movement of Alpine swifts (Apus melba)"
16890711110,true,2016-12-08 07:26:11.000,-10.5882352941177,12.15,"stationary","non-breeding site",10.8,13.5,-10.6701030927835,-10.5343511450382,"solar-geolocator","Apus melba","18CN","F65405","Switzerland Lausanne - Long term study on migratory movement of Alpine swifts (Apus melba)"
16890711111,true,2016-12-08 19:49:48.000,-10.5882352941177,12.15,"stationary","non-breeding site",10.8,13.5,-10.6701030927835,-10.5343511450382,"solar-geolocator","Apus melba","18CN","F65405","Switzerland Lausanne - Long term study on migratory movement of Alpine swifts (Apus melba)"
16890711112,true,2016-12-09 07:26:11.000,-10.5882352941177,12.15,"stationary","non-breeding site",10.8,13.5,-10.6701030927835,-10.5343511450382,"solar-geolocator","Apus melba","18CN","F65405","Switzerland Lausanne - Long term study on migratory movement of Alpine swifts (Apus melba)"
16890711113,true,2016-12-09 19:47:48.000,-10.5882352941177,12.15,"stationary","non-breeding site",10.8,13.5,-10.6701030927835,-10.5343511450382,"solar-geolocator","Apus melba","18CN","F65405","Switzerland Lausanne - Long term study on migratory movement of Alpine swifts (Apus melba)"
16890711114,true,2016-12-10 07:28:11.000,-10.5882352941177,12.15,"stationary","non-breeding site",10.8,13.5,-10.6701030927835,-10.5343511450382,"solar-geolocator","Apus melba","18CN","F65405","Switzerland Lausanne - Long term study on migratory movement of Alpine swifts (Apus melba)"
16890711115,true,2016-12-10 19:47:48.000,-10.5882352941177,12.15,"stationary","non-breeding site",10.8,13.5,-10.6701030927835,-10.5343511450382,"solar-geolocator","Apus melba","18CN","F65405","Switzerland Lausanne - Long term study on migratory movement of Alpine swifts (Apus melba)"
16890711116,true,2016-12-11 07:24:11.000,-10.5882352941177,12.15,"stationary","non-breeding site",10.8,13.5,-10.6701030927835,-10.5343511450382,"solar-geolocator","Apus melba","18CN","F65405","Switzerland Lausanne - Long term study on migratory movement of Alpine swifts (Apus melba)"
16890711117,true,2016-12-11 19:45:48.000,-10.5882352941177,12.15,"stationary","non-breeding site",10.8,13.5,-10.6701030927835,-10.5343511450382,"solar-geolocator","Apus melba","18CN","F65405","Switzerland Lausanne - Long term study on migratory movement of Alpine swifts (Apus melba)"
16890711118,true,2016-12-12 07:36:11.000,-10.5882352941177,12.15,"stationary","non-breeding site",10.8,13.5,-10.6426735218509,-10.5343511450382,"solar-geolocator","Apus melba","18CN","F65405","Switzerland Lausanne - Long term study on migratory movement of Alpine swifts (Apus melba)"
16890711119,true,2016-12-12 19:41:48.000,-10.5882352941177,12.15,"stationary","non-breeding site",10.8,13.05,-10.6426735218509,-10.5343511450382,"solar-geolocator","Apus melba","18CN","F65405","Switzerland Lausanne - Long term study on migratory movement of Alpine swifts (Apus melba)"
16890711120,true,2016-12-13 07:30:11.000,-10.5882352941177,12.15,"stationary","non-breeding site",10.8,13.05,-10.6426735218509,-10.5343511450382,"solar-geolocator","Apus melba","18CN","F65405","Switzerland Lausanne - Long term study on migratory movement of Alpine swifts (Apus melba)"
16890711121,true,2016-12-13 19:42:35.000,-10.5882352941177,12.15,"stationary","non-breeding site",10.8,13.05,-10.6426735218509,-10.5343511450382,"solar-geolocator","Apus melba","18CN","F65405","Switzerland Lausanne - Long term study on migratory movement of Alpine swifts (Apus melba)"
16890711122,true,2016-12-14 07:28:11.000,-10.5882352941177,12.15,"stationary","non-breeding site",10.8,13.05,-10.6426735218509,-10.5343511450382,"solar-geolocator","Apus melba","18CN","F65405","Switzerland Lausanne - Long term study on migratory movement of Alpine swifts (Apus melba)"
16890711123,true,2016-12-14 19:41:48.000,-10.5882352941177,12.15,"stationary","non-breeding site",10.8,13.05,-10.6426735218509,-10.5343511450382,"solar-geolocator","Apus melba","18CN","F65405","Switzerland Lausanne - Long term study on migratory movement of Alpine swifts (Apus melba)"
16890711124,true,2016-12-15 07:28:11.000,-10.5882352941177,12.15,"stationary","non-breeding site",10.8,13.05,-10.9644670050761,-10.5343511450382,"solar-geolocator","Apus melba","18CN","F65405","Switzerland Lausanne - Long term study on migratory movement of Alpine swifts (Apus melba)"
16890711125,true,2016-12-15 19:45:48.000,-10.5882352941177,12.15,"stationary","non-breeding site",10.8,13.05,-10.9783989834816,-10.5343511450382,"solar-geolocator","Apus melba","18CN","F65405","Switzerland Lausanne - Long term study on migratory movement of Alpine swifts (Apus melba)"
16890711126,true,2016-12-16 07:30:11.000,-10.5882352941177,12.15,"stationary","non-breeding site",10.8,13.05,-10.9783989834816,-10.5343511450382,"solar-geolocator","Apus melba","18CN","F65405","Switzerland Lausanne - Long term study on migratory movement of Alpine swifts (Apus melba)"
16890711127,true,2016-12-16 19:45:49.000,-10.5882352941177,12.15,"stationary","non-breeding site",10.8,13.05,-10.9783989834816,-10.5343511450382,"solar-geolocator","Apus melba","18CN","F65405","Switzerland Lausanne - Long term study on migratory movement of Alpine swifts (Apus melba)"
16890711128,true,2016-12-17 07:30:11.000,-10.5882352941177,12.15,"stationary","non-breeding site",10.8,13.05,-10.9783989834816,-10.5343511450382,"solar-geolocator","Apus melba","18CN","F65405","Switzerland Lausanne - Long term study on migratory movement of Alpine swifts (Apus melba)"
16890711129,true,2016-12-17 19:43:48.000,-10.5882352941177,12.15,"stationary","non-breeding site",10.8,13.05,-10.9923664122138,-10.5343511450382,"solar-geolocator","Apus melba","18CN","F65405","Switzerland Lausanne - Long term study on migratory movement of Alpine swifts (Apus melba)"
16890711130,true,2016-12-18 07:34:11.000,-10.5882352941177,12.15,"stationary","non-breeding site",10.35,13.05,-10.9783989834816,-10.5343511450382,"solar-geolocator","Apus melba","18CN","F65405","Switzerland Lausanne - Long term study on migratory movement of Alpine swifts (Apus melba)"
16890711131,true,2016-12-18 19:41:48.000,-10.5882352941177,12.15,"stationary","non-breeding site",10.35,13.05,-10.9923664122138,-10.5343511450382,"solar-geolocator","Apus melba","18CN","F65405","Switzerland Lausanne - Long term study on migratory movement of Alpine swifts (Apus melba)"
16890711132,true,2016-12-19 07:30:11.000,-10.5882352941177,11.7,"stationary","non-breeding site",10.35,13.05,-10.9923664122138,-10.5343511450382,"solar-geolocator","Apus melba","18CN","F65405","Switzerland Lausanne - Long term study on migratory movement of Alpine swifts (Apus melba)"
16890711133,true,2016-12-19 19:51:48.000,-10.5882352941177,11.7,"stationary","non-breeding site",10.35,13.05,-11.0063694267516,-10.5343511450382,"solar-geolocator","Apus melba","18CN","F65405","Switzerland Lausanne - Long term study on migratory movement of Alpine swifts (Apus melba)"
16890711134,true,2016-12-20 07:30:11.000,-10.5882352941177,11.7,"stationary","non-breeding site",9.90000000000001,13.05,-11.0063694267516,-10.5343511450382,"solar-geolocator","Apus melba","18CN","F65405","Switzerland Lausanne - Long term study on migratory movement of Alpine swifts (Apus melba)"
16890711135,true,2016-12-20 19:49:48.000,-10.5882352941177,11.7,"stationary","non-breeding site",9.90000000000001,13.05,-11.0063694267516,-10.5209656925032,"solar-geolocator","Apus melba","18CN","F65405","Switzerland Lausanne - Long term study on migratory movement of Alpine swifts (Apus melba)"
16890711136,true,2016-12-21 07:30:11.000,-10.5882352941177,11.7,"stationary","non-breeding site",9.90000000000001,13.05,-11.0063694267516,-10.5209656925032,"solar-geolocator","Apus melba","18CN","F65405","Switzerland Lausanne - Long term study on migratory movement of Alpine swifts (Apus melba)"
16890711137,true,2016-12-21 19:49:48.000,-10.5882352941177,11.7,"stationary","non-breeding site",9.90000000000001,13.05,-11.0063694267516,-10.5209656925032,"solar-geolocator","Apus melba","18CN","F65405","Switzerland Lausanne - Long term study on migratory movement of Alpine swifts (Apus melba)"
16890711138,true,2016-12-22 07:28:11.000,-10.5882352941177,11.7,"stationary","non-breeding site",9.90000000000001,13.05,-11.0063694267516,-10.5209656925032,"solar-geolocator","Apus melba","18CN","F65405","Switzerland Lausanne - Long term study on migratory movement of Alpine swifts (Apus melba)"
16890711139,true,2016-12-22 19:53:48.000,-10.5882352941177,11.7,"stationary","non-breeding site",9.90000000000001,13.05,-11.0063694267516,-10.5209656925032,"solar-geolocator","Apus melba","18CN","F65405","Switzerland Lausanne - Long term study on migratory movement of Alpine swifts (Apus melba)"
16890711140,true,2016-12-23 07:32:11.000,-10.5882352941177,11.7,"stationary","non-breeding site",9.90000000000001,13.05,-11.0063694267516,-10.5209656925032,"solar-geolocator","Apus melba","18CN","F65405","Switzerland Lausanne - Long term study on migratory movement of Alpine swifts (Apus melba)"
16890711141,true,2016-12-23 19:51:48.000,-10.5882352941177,11.7,"stationary","non-breeding site",9.90000000000001,13.05,-11.0063694267516,-10.5209656925032,"solar-geolocator","Apus melba","18CN","F65405","Switzerland Lausanne - Long term study on migratory movement of Alpine swifts (Apus melba)"
16890711142,true,2016-12-24 07:30:11.000,-10.5882352941177,11.7,"stationary","non-breeding site",9.90000000000001,13.05,-11.0063694267516,-10.5209656925032,"solar-geolocator","Apus melba","18CN","F65405","Switzerland Lausanne - Long term study on migratory movement of Alpine swifts (Apus melba)"
16890711143,true,2016-12-24 19:55:48.000,-10.5882352941177,11.7,"stationary","non-breeding site",9.90000000000001,12.6,-11.0063694267516,-10.5209656925032,"solar-geolocator","Apus melba","18CN","F65405","Switzerland Lausanne - Long term study on migratory movement of Alpine swifts (Apus melba)"
16890711144,true,2016-12-25 07:32:11.000,-10.5882352941177,11.7,"stationary","non-breeding site",9.90000000000001,12.6,-11.0063694267516,-10.5209656925032,"solar-geolocator","Apus melba","18CN","F65405","Switzerland Lausanne - Long term study on migratory movement of Alpine swifts (Apus melba)"
16890711145,true,2016-12-25 19:57:48.000,-10.5882352941177,11.7,"stationary","non-breeding site",9.90000000000001,12.6,-11.0344827586207,-10.5209656925032,"solar-geolocator","Apus melba","18CN","F65405","Switzerland Lausanne - Long term study on migratory movement of Alpine swifts (Apus melba)"
16890711146,true,2016-12-26 07:32:11.000,-10.5882352941177,11.7,"stationary","non-breeding site",9.90000000000001,12.6,-11.0344827586207,-10.5209656925032,"solar-geolocator","Apus melba","18CN","F65405","Switzerland Lausanne - Long term study on migratory movement of Alpine swifts (Apus melba)"
16890711147,true,2016-12-26 19:57:48.000,-10.5882352941177,11.7,"stationary","non-breeding site",9.90000000000001,12.6,-11.0344827586207,-10.5209656925032,"solar-geolocator","Apus melba","18CN","F65405","Switzerland Lausanne - Long term study on migratory movement of Alpine swifts (Apus melba)"
16890711148,true,2016-12-27 07:34:11.000,-10.5882352941177,11.7,"stationary","non-breeding site",9.44999999999999,12.6,-11.0344827586207,-10.5209656925032,"solar-geolocator","Apus melba","18CN","F65405","Switzerland Lausanne - Long term study on migratory movement of Alpine swifts (Apus melba)"
16890711149,true,2016-12-27 20:01:48.000,-10.5882352941177,11.7,"stationary","non-breeding site",9.90000000000001,12.6,-11.0344827586207,-10.5209656925032,"solar-geolocator","Apus melba","18CN","F65405","Switzerland Lausanne - Long term study on migratory movement of Alpine swifts (Apus melba)"
16890711150,true,2016-12-28 07:36:11.000,-10.5882352941177,11.7,"stationary","non-breeding site",9.44999999999999,12.6,-11.0344827586207,-10.5209656925032,"solar-geolocator","Apus melba","18CN","F65405","Switzerland Lausanne - Long term study on migratory movement of Alpine swifts (Apus melba)"
16890711151,true,2016-12-28 19:57:48.000,-10.5882352941177,11.7,"stationary","non-breeding site",9.44999999999999,12.6,-11.0344827586207,-10.5209656925032,"solar-geolocator","Apus melba","18CN","F65405","Switzerland Lausanne - Long term study on migratory movement of Alpine swifts (Apus melba)"
16890711152,true,2016-12-29 07:32:11.000,-10.5882352941177,11.7,"stationary","non-breeding site",9.44999999999999,12.6,-11.0344827586207,-10.5209656925032,"solar-geolocator","Apus melba","18CN","F65405","Switzerland Lausanne - Long term study on migratory movement of Alpine swifts (Apus melba)"
16890711153,true,2016-12-29 19:57:48.000,-10.5882352941177,11.7,"stationary","non-breeding site",9.44999999999999,12.6,-11.0063694267516,-10.5209656925032,"solar-geolocator","Apus melba","18CN","F65405","Switzerland Lausanne - Long term study on migratory movement of Alpine swifts (Apus melba)"
16890711154,true,2016-12-30 07:30:11.000,-10.5882352941177,11.7,"stationary","non-breeding site",9.44999999999999,12.6,-11.0063694267516,-10.5209656925032,"solar-geolocator","Apus melba","18CN","F65405","Switzerland Lausanne - Long term study on migratory movement of Alpine swifts (Apus melba)"
16890711155,true,2016-12-30 19:59:48.000,-10.5882352941177,11.7,"stationary","non-breeding site",9.44999999999999,12.6,-11.0063694267516,-10.5209656925032,"solar-geolocator","Apus melba","18CN","F65405","Switzerland Lausanne - Long term study on migratory movement of Alpine swifts (Apus melba)"
16890711156,true,2016-12-31 07:32:11.000,-10.5882352941177,11.7,"stationary","non-breeding site",9.44999999999999,12.6,-11.0063694267516,-10.5209656925032,"solar-geolocator","Apus melba","18CN","F65405","Switzerland Lausanne - Long term study on migratory movement of Alpine swifts (Apus melba)"
16890711157,true,2016-12-31 20:01:48.000,-10.5882352941177,11.7,"stationary","non-breeding site",9.44999999999999,12.6,-11.0063694267516,-10.5209656925032,"solar-geolocator","Apus melba","18CN","F65405","Switzerland Lausanne - Long term study on migratory movement of Alpine swifts (Apus melba)"
16890711158,true,2017-01-01 07:34:11.000,-10.5882352941177,11.7,"stationary","non-breeding site",9.90000000000001,12.6,-11.0344827586207,-10.5209656925032,"solar-geolocator","Apus melba","18CN","F65405","Switzerland Lausanne - Long term study on migratory movement of Alpine swifts (Apus melba)"
16890711159,true,2017-01-01 19:57:49.000,-10.5882352941177,11.7,"stationary","non-breeding site",9.90000000000001,12.6,-11.0344827586207,-10.5209656925032,"solar-geolocator","Apus melba","18CN","F65405","Switzerland Lausanne - Long term study on migratory movement of Alpine swifts (Apus melba)"
16890711160,true,2017-01-02 07:34:11.000,-10.5882352941177,11.7,"stationary","non-breeding site",9.44999999999999,12.6,-11.0344827586207,-10.5209656925032,"solar-geolocator","Apus melba","18CN","F65405","Switzerland Lausanne - Long term study on migratory movement of Alpine swifts (Apus melba)"
16890711161,true,2017-01-02 20:01:48.000,-10.5882352941177,11.7,"stationary","non-breeding site",9.44999999999999,12.6,-11.0344827586207,-10.5209656925032,"solar-geolocator","Apus melba","18CN","F65405","Switzerland Lausanne - Long term study on migratory movement of Alpine swifts (Apus melba)"
16890711162,true,2017-01-03 07:34:11.000,-10.5882352941177,11.7,"stationary","non-breeding site",9.44999999999999,12.6,-11.0063694267516,-10.5343511450382,"solar-geolocator","Apus melba","18CN","F65405","Switzerland Lausanne - Long term study on migratory movement of Alpine swifts (Apus melba)"
16890711163,true,2017-01-03 19:59:48.000,-10.5882352941177,11.7,"stationary","non-breeding site",9.44999999999999,12.6,-11.0063694267516,-10.5343511450382,"solar-geolocator","Apus melba","18CN","F65405","Switzerland Lausanne - Long term study on migratory movement of Alpine swifts (Apus melba)"
16890711164,true,2017-01-04 07:34:11.000,-10.5882352941177,11.7,"stationary","non-breeding site",9.44999999999999,12.6,-11.0063694267516,-10.5343511450382,"solar-geolocator","Apus melba","18CN","F65405","Switzerland Lausanne - Long term study on migratory movement of Alpine swifts (Apus melba)"
16890711165,true,2017-01-04 19:59:48.000,-10.5882352941177,11.7,"stationary","non-breeding site",9.44999999999999,12.6,-11.0063694267516,-10.5343511450382,"solar-geolocator","Apus melba","18CN","F65405","Switzerland Lausanne - Long term study on migratory movement of Alpine swifts (Apus melba)"
16890711166,true,2017-01-05 07:36:11.000,-10.5882352941177,11.7,"stationary","non-breeding site",9.44999999999999,12.6,-11.0063694267516,-10.5343511450382,"solar-geolocator","Apus melba","18CN","F65405","Switzerland Lausanne - Long term study on migratory movement of Alpine swifts (Apus melba)"
16890711167,true,2017-01-05 20:03:48.000,-10.5882352941177,11.7,"stationary","non-breeding site",9.44999999999999,12.6,-11.0063694267516,-10.5343511450382,"solar-geolocator","Apus melba","18CN","F65405","Switzerland Lausanne - Long term study on migratory movement of Alpine swifts (Apus melba)"
16890711168,true,2017-01-06 07:38:11.000,-10.5882352941177,11.7,"stationary","non-breeding site",9.44999999999999,12.6,-11.0063694267516,-10.5343511450382,"solar-geolocator","Apus melba","18CN","F65405","Switzerland Lausanne - Long term study on migratory movement of Alpine swifts (Apus melba)"
16890711169,true,2017-01-06 20:07:48.000,-10.5882352941177,11.7,"stationary","non-breeding site",9.44999999999999,12.6,-11.0063694267516,-10.5343511450382,"solar-geolocator","Apus melba","18CN","F65405","Switzerland Lausanne - Long term study on migratory movement of Alpine swifts (Apus melba)"
16890711170,true,2017-01-07 07:38:11.000,-10.5882352941177,11.7,"stationary","non-breeding site",9.44999999999999,12.6,-11.0063694267516,-10.5209656925032,"solar-geolocator","Apus melba","18CN","F65405","Switzerland Lausanne - Long term study on migratory movement of Alpine swifts (Apus melba)"
16890711171,true,2017-01-07 19:59:48.000,-10.5882352941177,11.25,"movement","non-breeding site",8.10000000000001,13.05,-11.0344827586207,-8.20253164556962,"solar-geolocator","Apus melba","18CN","F65405","Switzerland Lausanne - Long term study on migratory movement of Alpine swifts (Apus melba)"
16890711174,true,2017-01-08 07:26:11.000,-10.547770700637,9.90000000000001,"movement","migration",7.2,12.6,-11.0063694267516,-7.75665399239546,"solar-geolocator","Apus melba","18CN","F65405","Switzerland Lausanne - Long term study on migratory movement of Alpine swifts (Apus melba)"
16890711309,true,2017-01-08 19:57:48.000,-8.64728192161823,9.00000000000001,"movement","migration",7.2,12.6,-11.0063694267516,-7.72727272727275,"solar-geolocator","Apus melba","18CN","F65405","Switzerland Lausanne - Long term study on migratory movement of Alpine swifts (Apus melba)"
16890711484,true,2017-01-09 07:28:11.000,-8.61460957178844,8.55000000000001,"movement","migration",7.2,11.7,-10.9644670050761,-7.28192161820483,"solar-geolocator","Apus melba","18CN","F65405","Switzerland Lausanne - Long term study on migratory movement of Alpine swifts (Apus melba)"
16890711487,true,2017-01-09 19:53:48.000,-8.20253164556962,8.55000000000001,"stationary","migration",6.75,9.90000000000001,-9.11392405063295,-7.27272727272731,"solar-geolocator","Apus melba","18CN","F65405","Switzerland Lausanne - Long term study on migratory movement of Alpine swifts (Apus melba)"
16890711488,true,2017-01-10 07:26:11.000,-8.20253164556962,8.55000000000001,"stationary","non-breeding site",6.75,9.90000000000001,-9.09090909090912,-7.27272727272731,"solar-geolocator","Apus melba","18CN","F65405","Switzerland Lausanne - Long term study on migratory movement of Alpine swifts (Apus melba)"
16890711489,true,2017-01-10 19:53:48.000,-8.20253164556962,8.55000000000001,"stationary","non-breeding site",7.2,9.90000000000001,-9.06801007556675,-7.27272727272731,"solar-geolocator","Apus melba","18CN","F65405","Switzerland Lausanne - Long term study on migratory movement of Alpine swifts (Apus melba)"
16890711490,true,2017-01-11 07:16:11.000,-8.20253164556962,8.55000000000001,"stationary","non-breeding site",7.2,9.90000000000001,-9.06801007556675,-7.27272727272731,"solar-geolocator","Apus melba","18CN","F65405","Switzerland Lausanne - Long term study on migratory movement of Alpine swifts (Apus melba)"
16890711491,true,2017-01-11 19:53:48.000,-8.20253164556962,8.55000000000001,"stationary","non-breeding site",7.2,9.90000000000001,-9.06801007556675,-7.27272727272731,"solar-geolocator","Apus melba","18CN","F65405","Switzerland Lausanne - Long term study on migratory movement of Alpine swifts (Apus melba)"
16890711492,true,2017-01-12 07:18:11.000,-8.20253164556962,8.55000000000001,"stationary","non-breeding site",7.2,9.90000000000001,-9.06801007556675,-7.27272727272731,"solar-geolocator","Apus melba","18CN","F65405","Switzerland Lausanne - Long term study on migratory movement of Alpine swifts (Apus melba)"
16890711493,true,2017-01-12 19:57:48.000,-8.20253164556962,8.55000000000001,"stationary","non-breeding site",7.2,9.90000000000001,-9.06801007556675,-7.27272727272731,"solar-geolocator","Apus melba","18CN","F65405","Switzerland Lausanne - Long term study on migratory movement of Alpine swifts (Apus melba)"
16890711494,true,2017-01-13 07:20:11.000,-8.20253164556962,8.55000000000001,"stationary","non-breeding site",7.2,9.90000000000001,-9.06801007556675,-7.27272727272731,"solar-geolocator","Apus melba","18CN","F65405","Switzerland Lausanne - Long term study on migratory movement of Alpine swifts (Apus melba)"
16890711495,true,2017-01-13 19:53:48.000,-8.20253164556962,8.55000000000001,"stationary","non-breeding site",7.2,9.90000000000001,-9.06801007556675,-7.27272727272731,"solar-geolocator","Apus melba","18CN","F65405","Switzerland Lausanne - Long term study on migratory movement of Alpine swifts (Apus melba)"
16890711496,true,2017-01-14 07:24:11.000,-8.20253164556962,8.55000000000001,"stationary","non-breeding site",7.2,9.90000000000001,-9.06801007556675,-7.27272727272731,"solar-geolocator","Apus melba","18CN","F65405","Switzerland Lausanne - Long term study on migratory movement of Alpine swifts (Apus melba)"
16890711497,true,2017-01-14 19:51:48.000,-8.20253164556962,8.55000000000001,"stationary","non-breeding site",7.2,9.90000000000001,-9.06801007556675,-7.27272727272731,"solar-geolocator","Apus melba","18CN","F65405","Switzerland Lausanne - Long term study on migratory movement of Alpine swifts (Apus melba)"
16890711498,true,2017-01-15 07:26:11.000,-8.20253164556962,8.55000000000001,"stationary","non-breeding site",7.2,9.90000000000001,-9.06801007556675,-7.27272727272731,"solar-geolocator","Apus melba","18CN","F65405","Switzerland Lausanne - Long term study on migratory movement of Alpine swifts (Apus melba)"
16890711499,true,2017-01-15 19:53:48.000,-8.20253164556962,8.55000000000001,"stationary","non-breeding site",7.2,9.90000000000001,-9.06801007556675,-7.27272727272731,"solar-geolocator","Apus melba","18CN","F65405","Switzerland Lausanne - Long term study on migratory movement of Alpine swifts (Apus melba)"
16890711486,true,2017-01-16 07:24:11.000,-8.22335025380712,8.55000000000001,"stationary","non-breeding site",7.2,9.90000000000001,-9.54545454545456,-7.27272727272731,"solar-geolocator","Apus melba","18CN","F65405","Switzerland Lausanne - Long term study on migratory movement of Alpine swifts (Apus melba)"
16890711483,true,2017-01-16 20:01:48.000,-8.63636363636363,8.55000000000001,"movement","non-breeding site",7.2,9.90000000000001,-9.59390862944166,-7.71752837326612,"solar-geolocator","Apus melba","18CN","F65405","Switzerland Lausanne - Long term study on migratory movement of Alpine swifts (Apus melba)"
16890711328,true,2017-01-17 07:30:11.000,-8.64728192161823,8.55000000000001,"movement","migration",7.2,9.90000000000001,-10.0253164556962,-7.75665399239546,"solar-geolocator","Apus melba","18CN","F65405","Switzerland Lausanne - Long term study on migratory movement of Alpine swifts (Apus melba)"
16890711329,true,2017-01-17 20:03:48.000,-8.64728192161823,8.55000000000001,"stationary","migration",7.2,9.90000000000001,-10.0253164556962,-8.18181818181819,"solar-geolocator","Apus melba","18CN","F65405","Switzerland Lausanne - Long term study on migratory movement of Alpine swifts (Apus melba)"
16890711331,true,2017-01-18 07:26:11.000,-8.64728192161823,8.55000000000001,"stationary","non-breeding site",7.2,9.90000000000001,-10.0253164556962,-8.1921618204804,"solar-geolocator","Apus melba","18CN","F65405","Switzerland Lausanne - Long term study on migratory movement of Alpine swifts (Apus melba)"
16890711333,true,2017-01-18 20:07:48.000,-8.64728192161823,8.55000000000001,"stationary","non-breeding site",7.2,9.90000000000001,-10.0380228136882,-8.1921618204804,"solar-geolocator","Apus melba","18CN","F65405","Switzerland Lausanne - Long term study on migratory movement of Alpine swifts (Apus melba)"
16890711335,true,2017-01-19 07:30:11.000,-8.64728192161823,8.55000000000001,"stationary","non-breeding site",7.2,9.90000000000001,-10.0253164556962,-8.1921618204804,"solar-geolocator","Apus melba","18CN","F65405","Switzerland Lausanne - Long term study on migratory movement of Alpine swifts (Apus melba)"
16890711337,true,2017-01-19 20:03:48.000,-8.64728192161823,8.55000000000001,"stationary","non-breeding site",7.2,9.90000000000001,-10.0253164556962,-8.1921618204804,"solar-geolocator","Apus melba","18CN","F65405","Switzerland Lausanne - Long term study on migratory movement of Alpine swifts (Apus melba)"
16890711339,true,2017-01-20 07:34:11.000,-8.64728192161823,8.55000000000001,"stationary","non-breeding site",7.2,9.90000000000001,-10.0253164556962,-8.1921618204804,"solar-geolocator","Apus melba","18CN","F65405","Switzerland Lausanne - Long term study on migratory movement of Alpine swifts (Apus melba)"
16890711341,true,2017-01-20 19:59:48.000,-8.64728192161823,8.55000000000001,"stationary","non-breeding site",7.2,9.90000000000001,-10.0253164556962,-8.1921618204804,"solar-geolocator","Apus melba","18CN","F65405","Switzerland Lausanne - Long term study on migratory movement of Alpine swifts (Apus melba)"
16890711343,true,2017-01-21 07:26:11.000,-8.64728192161823,8.55000000000001,"stationary","non-breeding site",7.2,9.90000000000001,-10.0253164556962,-8.1921618204804,"solar-geolocator","Apus melba","18CN","F65405","Switzerland Lausanne - Long term study on migratory movement of Alpine swifts (Apus melba)"
16890711346,true,2017-01-21 20:01:48.000,-8.64728192161823,8.55000000000001,"stationary","non-breeding site",7.2,9.90000000000001,-10.0253164556962,-8.1921618204804,"solar-geolocator","Apus melba","18CN","F65405","Switzerland Lausanne - Long term study on migratory movement of Alpine swifts (Apus melba)"
16890711217,true,2017-01-22 07:32:11.000,-8.65822784810129,8.55000000000001,"stationary","non-breeding site",7.2,9.90000000000001,-10.0253164556962,-8.1921618204804,"solar-geolocator","Apus melba","18CN","F65405","Switzerland Lausanne - Long term study on migratory movement of Alpine swifts (Apus melba)"
16890711218,true,2017-01-22 20:03:48.000,-8.65822784810129,8.55000000000001,"stationary","non-breeding site",7.2,9.90000000000001,-10.0253164556962,-8.1921618204804,"solar-geolocator","Apus melba","18CN","F65405","Switzerland Lausanne - Long term study on migratory movement of Alpine swifts (Apus melba)"
16890711219,true,2017-01-23 07:32:11.000,-8.65822784810129,8.55000000000001,"stationary","non-breeding site",7.2,9.90000000000001,-10.0253164556962,-8.1921618204804,"solar-geolocator","Apus melba","18CN","F65405","Switzerland Lausanne - Long term study on migratory movement of Alpine swifts (Apus melba)"
16890711220,true,2017-01-23 20:03:48.000,-8.65822784810129,8.55000000000001,"stationary","non-breeding site",7.2,9.90000000000001,-10.0253164556962,-8.1921618204804,"solar-geolocator","Apus melba","18CN","F65405","Switzerland Lausanne - Long term study on migratory movement of Alpine swifts (Apus melba)"
16890711221,true,2017-01-24 07:34:11.000,-8.65822784810129,8.55000000000001,"stationary","non-breeding site",7.2,9.90000000000001,-10.0253164556962,-8.1921618204804,"solar-geolocator","Apus melba","18CN","F65405","Switzerland Lausanne - Long term study on migratory movement of Alpine swifts (Apus melba)"
16890711222,true,2017-01-24 20:05:48.000,-8.65822784810129,8.55000000000001,"stationary","non-breeding site",7.2,9.90000000000001,-10.0253164556962,-8.1921618204804,"solar-geolocator","Apus melba","18CN","F65405","Switzerland Lausanne - Long term study on migratory movement of Alpine swifts (Apus melba)"
16890711223,true,2017-01-25 07:32:11.000,-8.65822784810129,8.55000000000001,"stationary","non-breeding site",7.2,9.90000000000001,-10.0253164556962,-8.1921618204804,"solar-geolocator","Apus melba","18CN","F65405","Switzerland Lausanne - Long term study on migratory movement of Alpine swifts (Apus melba)"
16890711224,true,2017-01-25 20:01:48.000,-8.65822784810129,8.55000000000001,"stationary","non-breeding site",7.2,9.90000000000001,-10.0253164556962,-8.1921618204804,"solar-geolocator","Apus melba","18CN","F65405","Switzerland Lausanne - Long term study on migratory movement of Alpine swifts (Apus melba)"
16890711225,true,2017-01-26 07:34:11.000,-8.65822784810129,8.55000000000001,"stationary","non-breeding site",7.2,9.90000000000001,-10.0253164556962,-8.1921618204804,"solar-geolocator","Apus melba","18CN","F65405","Switzerland Lausanne - Long term study on migratory movement of Alpine swifts (Apus melba)"
16890711226,true,2017-01-26 20:05:48.000,-8.65822784810129,8.55000000000001,"stationary","non-breeding site",7.2,9.90000000000001,-10.0253164556962,-8.1921618204804,"solar-geolocator","Apus melba","18CN","F65405","Switzerland Lausanne - Long term study on migratory movement of Alpine swifts (Apus melba)"
16890711215,true,2017-01-27 07:34:11.000,-8.66920152091257,8.55000000000001,"stationary","non-breeding site",7.2,9.90000000000001,-10.0253164556962,-8.1921618204804,"solar-geolocator","Apus melba","18CN","F65405","Switzerland Lausanne - Long term study on migratory movement of Alpine swifts (Apus melba)"
16890711213,true,2017-01-27 20:05:48.000,-9.06801007556675,9.00000000000001,"stationary","non-breeding site",7.2,9.90000000000001,-10.0380228136882,-8.1921618204804,"solar-geolocator","Apus melba","18CN","F65405","Switzerland Lausanne - Long term study on migratory movement of Alpine swifts (Apus melba)"
16890711212,true,2017-01-28 07:34:11.000,-9.09090909090912,9.00000000000001,"stationary","non-breeding site",7.2,10.8,-10.0763358778626,-8.1921618204804,"solar-geolocator","Apus melba","18CN","F65405","Switzerland Lausanne - Long term study on migratory movement of Alpine swifts (Apus melba)"
16890711211,true,2017-01-28 20:05:48.000,-9.55752212389386,9.00000000000001,"movement","non-breeding site",7.2,10.8,-10.4677623261694,-8.1921618204804,"solar-geolocator","Apus melba","18CN","F65405","Switzerland Lausanne - Long term study on migratory movement of Alpine swifts (Apus melba)"
16890711210,true,2017-01-29 07:32:11.000,-9.56962025316457,9.00000000000001,"stationary","migration",7.2,10.8,-10.4810126582279,-8.1921618204804,"solar-geolocator","Apus melba","18CN","F65405","Switzerland Lausanne - Long term study on migratory movement of Alpine swifts (Apus melba)"
16890711208,true,2017-01-29 20:11:48.000,-9.58174904942969,9.44999999999999,"movement","migration",7.2,12.15,-10.547770700637,-8.20253164556962,"solar-geolocator","Apus melba","18CN","F65405","Switzerland Lausanne - Long term study on migratory movement of Alpine swifts (Apus melba)"
16890711206,true,2017-01-30 07:42:11.000,-10.0126422250316,9.44999999999999,"stationary","non-breeding site",7.2,12.15,-10.5747126436782,-8.64728192161823,"solar-geolocator","Apus melba","18CN","F65405","Switzerland Lausanne - Long term study on migratory movement of Alpine swifts (Apus melba)"
16890711203,true,2017-01-30 20:15:48.000,-10.0253164556962,9.44999999999999,"stationary","non-breeding site",7.2,12.15,-10.5747126436782,-9.06801007556675,"solar-geolocator","Apus melba","18CN","F65405","Switzerland Lausanne - Long term study on migratory movement of Alpine swifts (Apus melba)"
16890711204,true,2017-01-31 07:42:11.000,-10.0253164556962,9.45,"stationary","non-breeding site",8.10000000000001,13.05,-10.6290115532735,-9.11392405063295,"solar-geolocator","Apus melba","18CN","F65405","Switzerland Lausanne - Long term study on migratory movement of Alpine swifts (Apus melba)"
16890711187,true,2017-01-31 20:15:48.000,-10.0380228136882,9.45,"stationary","non-breeding site",8.10000000000001,13.05,-10.6290115532735,-9.52141057934512,"solar-geolocator","Apus melba","18CN","F65405","Switzerland Lausanne - Long term study on migratory movement of Alpine swifts (Apus melba)"
16890711188,true,2017-02-01 07:44:11.000,-10.0380228136882,9.45,"stationary","non-breeding site",8.10000000000001,13.05,-10.6290115532735,-9.54545454545456,"solar-geolocator","Apus melba","18CN","F65405","Switzerland Lausanne - Long term study on migratory movement of Alpine swifts (Apus melba)"
16890711189,true,2017-02-01 20:17:48.000,-10.0380228136882,9.45,"stationary","non-breeding site",8.10000000000001,13.05,-10.6290115532735,-9.54545454545456,"solar-geolocator","Apus melba","18CN","F65405","Switzerland Lausanne - Long term study on migratory movement of Alpine swifts (Apus melba)"
16890711190,true,2017-02-02 07:42:11.000,-10.0380228136882,9.90000000000001,"stationary","non-breeding site",8.10000000000001,13.05,-10.6290115532735,-9.54545454545456,"solar-geolocator","Apus melba","18CN","F65405","Switzerland Lausanne - Long term study on migratory movement of Alpine swifts (Apus melba)"
16890711191,true,2017-02-02 20:09:48.000,-10.0380228136882,9.45,"stationary","non-breeding site",8.10000000000001,13.05,-10.6290115532735,-9.10240202275602,"solar-geolocator","Apus melba","18CN","F65405","Switzerland Lausanne - Long term study on migratory movement of Alpine swifts (Apus melba)"
16890711192,true,2017-02-03 07:30:11.000,-10.0380228136882,9.45,"stationary","non-breeding site",8.10000000000001,13.05,-10.6290115532735,-9.10240202275602,"solar-geolocator","Apus melba","18CN","F65405","Switzerland Lausanne - Long term study on migratory movement of Alpine swifts (Apus melba)"
16890711193,true,2017-02-03 20:09:48.000,-10.0380228136882,9.45,"stationary","non-breeding site",8.10000000000001,13.05,-10.6290115532735,-9.10240202275602,"solar-geolocator","Apus melba","18CN","F65405","Switzerland Lausanne - Long term study on migratory movement of Alpine swifts (Apus melba)"
16890711194,true,2017-02-04 07:30:11.000,-10.0380228136882,9.45,"stationary","non-breeding site",8.10000000000001,13.05,-10.6290115532735,-9.10240202275602,"solar-geolocator","Apus melba","18CN","F65405","Switzerland Lausanne - Long term study on migratory movement of Alpine swifts (Apus melba)"
16890711195,true,2017-02-04 20:07:48.000,-10.0380228136882,9.45,"stationary","non-breeding site",8.10000000000001,13.05,-10.6290115532735,-9.10240202275602,"solar-geolocator","Apus melba","18CN","F65405","Switzerland Lausanne - Long term study on migratory movement of Alpine swifts (Apus melba)"
16890711196,true,2017-02-05 07:30:11.000,-10.0380228136882,9.45,"stationary","non-breeding site",8.10000000000001,13.05,-10.6290115532735,-9.10240202275602,"solar-geolocator","Apus melba","18CN","F65405","Switzerland Lausanne - Long term study on migratory movement of Alpine swifts (Apus melba)"
16890711197,true,2017-02-05 20:09:48.000,-10.0380228136882,9.45,"stationary","non-breeding site",8.10000000000001,13.05,-10.6290115532735,-9.11392405063295,"solar-geolocator","Apus melba","18CN","F65405","Switzerland Lausanne - Long term study on migratory movement of Alpine swifts (Apus melba)"
16890711198,true,2017-02-06 07:32:11.000,-10.0380228136882,9.45,"stationary","non-breeding site",8.10000000000001,13.05,-10.6290115532735,-9.11392405063295,"solar-geolocator","Apus melba","18CN","F65405","Switzerland Lausanne - Long term study on migratory movement of Alpine swifts (Apus melba)"
16890711199,true,2017-02-06 20:09:48.000,-10.0380228136882,9.90000000000001,"stationary","non-breeding site",8.10000000000001,13.05,-10.6290115532735,-9.54545454545456,"solar-geolocator","Apus melba","18CN","F65405","Switzerland Lausanne - Long term study on migratory movement of Alpine swifts (Apus melba)"
16890711200,true,2017-02-07 07:34:11.000,-10.0380228136882,9.90000000000001,"stationary","non-breeding site",8.10000000000001,13.05,-10.6290115532735,-9.54545454545456,"solar-geolocator","Apus melba","18CN","F65405","Switzerland Lausanne - Long term study on migratory movement of Alpine swifts (Apus melba)"
16890711201,true,2017-02-07 20:09:48.000,-10.0380228136882,9.90000000000001,"stationary","non-breeding site",8.10000000000001,13.05,-10.6290115532735,-9.54545454545456,"solar-geolocator","Apus melba","18CN","F65405","Switzerland Lausanne - Long term study on migratory movement of Alpine swifts (Apus melba)"
16890711202,true,2017-02-08 07:42:11.000,-10.0380228136882,9.90000000000001,"stationary","non-breeding site",8.10000000000001,13.05,-10.6290115532735,-9.54545454545456,"solar-geolocator","Apus melba","18CN","F65405","Switzerland Lausanne - Long term study on migratory movement of Alpine swifts (Apus melba)"
16890711182,true,2017-02-08 20:11:48.000,-10.0507614213198,9.90000000000001,"stationary","non-breeding site",8.10000000000001,13.05,-10.6701030927835,-9.54545454545456,"solar-geolocator","Apus melba","18CN","F65405","Switzerland Lausanne - Long term study on migratory movement of Alpine swifts (Apus melba)"
16890711183,true,2017-02-09 07:40:11.000,-10.0507614213198,9.90000000000001,"stationary","non-breeding site",8.10000000000001,13.05,-10.9783989834816,-9.55752212389386,"solar-geolocator","Apus melba","18CN","F65405","Switzerland Lausanne - Long term study on migratory movement of Alpine swifts (Apus melba)"
16890711184,true,2017-02-09 20:13:48.000,-10.0507614213198,9.90000000000001,"stationary","non-breeding site",8.10000000000001,13.05,-10.9783989834816,-9.55752212389386,"solar-geolocator","Apus melba","18CN","F65405","Switzerland Lausanne - Long term study on migratory movement of Alpine swifts (Apus melba)"
16890711185,true,2017-02-10 07:40:11.000,-10.0507614213198,9.90000000000001,"stationary","non-breeding site",8.10000000000001,13.05,-11.0627400768246,-9.55752212389386,"solar-geolocator","Apus melba","18CN","F65405","Switzerland Lausanne - Long term study on migratory movement of Alpine swifts (Apus melba)"
16890711186,true,2017-02-10 20:07:48.000,-10.0507614213198,9.90000000000001,"stationary","non-breeding site",8.10000000000001,13.05,-11.0627400768246,-9.55752212389386,"solar-geolocator","Apus melba","18CN","F65405","Switzerland Lausanne - Long term study on migratory movement of Alpine swifts (Apus melba)"
16890711177,true,2017-02-11 07:42:11.000,-10.0635324015248,10.35,"stationary","non-breeding site",8.10000000000001,14.85,-11.25,-9.55752212389386,"solar-geolocator","Apus melba","18CN","F65405","Switzerland Lausanne - Long term study on migratory movement of Alpine swifts (Apus melba)"
16890711178,true,2017-02-11 20:09:49.000,-10.0635324015248,10.35,"stationary","non-breeding site",8.10000000000001,14.85,-11.3493064312737,-9.55752212389386,"solar-geolocator","Apus melba","18CN","F65405","Switzerland Lausanne - Long term study on migratory movement of Alpine swifts (Apus melba)"
16890711179,true,2017-02-12 07:40:11.000,-10.0635324015248,10.35,"stationary","non-breeding site",5.40000000000001,14.85,-11.7146433041302,-9.55752212389386,"solar-geolocator","Apus melba","18CN","F65405","Switzerland Lausanne - Long term study on migratory movement of Alpine swifts (Apus melba)"
16890711180,true,2017-02-12 20:11:48.000,-10.0635324015248,9.90000000000001,"stationary","non-breeding site",5.40000000000001,14.85,-11.7146433041302,-9.55752212389386,"solar-geolocator","Apus melba","18CN","F65405","Switzerland Lausanne - Long term study on migratory movement of Alpine swifts (Apus melba)"
16890711181,true,2017-02-13 07:36:11.000,-10.0635324015248,9.90000000000001,"stationary","non-breeding site",5.40000000000001,14.85,-11.7146433041302,-9.54545454545456,"solar-geolocator","Apus melba","18CN","F65405","Switzerland Lausanne - Long term study on migratory movement of Alpine swifts (Apus melba)"
16890711205,true,2017-02-13 20:07:48.000,-10.0253164556962,9.90000000000001,"movement","non-breeding site",7.2,13.95,-10.9783989834816,-8.16120906801012,"solar-geolocator","Apus melba","18CN","F65405","Switzerland Lausanne - Long term study on migratory movement of Alpine swifts (Apus melba)"
16890711209,true,2017-02-14 07:34:11.000,-9.58174904942969,9.44999999999999,"movement","migration",4.95,13.05,-11.3493064312737,-7.85622593068037,"solar-geolocator","Apus melba","18CN","F65405","Switzerland Lausanne - Long term study on migratory movement of Alpine swifts (Apus melba)"
16890711485,true,2017-02-14 20:07:48.000,-8.2337992376112,9.44999999999999,"movement","migration",4.95,13.05,-10.5882352941177,-7.72727272727275,"solar-geolocator","Apus melba","18CN","F65405","Switzerland Lausanne - Long term study on migratory movement of Alpine swifts (Apus melba)"
16890711500,true,2017-02-15 07:22:11.000,-8.1921618204804,9.00000000000001,"movement","migration",5.85000000000001,12.6,-9.56962025316457,-7.72727272727275,"solar-geolocator","Apus melba","18CN","F65405","Switzerland Lausanne - Long term study on migratory movement of Alpine swifts (Apus melba)"
16890711501,true,2017-02-15 20:01:48.000,-8.1921618204804,9.00000000000001,"stationary","migration",5.85000000000001,12.6,-8.62547288776797,-7.70780856423175,"solar-geolocator","Apus melba","18CN","F65405","Switzerland Lausanne - Long term study on migratory movement of Alpine swifts (Apus melba)"
16890711502,true,2017-02-16 07:24:11.000,-8.1921618204804,9.00000000000001,"stationary","non-breeding site",5.85000000000001,12.15,-8.29705505761846,-7.73704171934261,"solar-geolocator","Apus melba","18CN","F65405","Switzerland Lausanne - Long term study on migratory movement of Alpine swifts (Apus melba)"
16890711503,true,2017-02-16 20:01:48.000,-8.1921618204804,9.00000000000001,"stationary","non-breeding site",5.85000000000001,12.15,-8.28644501278774,-7.73704171934261,"solar-geolocator","Apus melba","18CN","F65405","Switzerland Lausanne - Long term study on migratory movement of Alpine swifts (Apus melba)"
16890711504,true,2017-02-17 07:24:11.000,-8.1921618204804,9.00000000000001,"stationary","non-breeding site",5.85000000000001,12.15,-8.28644501278774,-7.73704171934261,"solar-geolocator","Apus melba","18CN","F65405","Switzerland Lausanne - Long term study on migratory movement of Alpine swifts (Apus melba)"
16890711505,true,2017-02-17 20:03:48.000,-8.1921618204804,9.00000000000001,"stationary","non-breeding site",5.85000000000001,12.15,-8.28644501278774,-7.73704171934261,"solar-geolocator","Apus melba","18CN","F65405","Switzerland Lausanne - Long term study on migratory movement of Alpine swifts (Apus melba)"
16890711506,true,2017-02-18 07:24:11.000,-8.1921618204804,9.00000000000001,"stationary","non-breeding site",5.85000000000001,12.15,-8.28644501278774,-7.73704171934261,"solar-geolocator","Apus melba","18CN","F65405","Switzerland Lausanne - Long term study on migratory movement of Alpine swifts (Apus melba)"
16890711507,true,2017-02-18 20:07:48.000,-8.1921618204804,9.00000000000001,"stationary","non-breeding site",5.85000000000001,12.15,-8.2758620689655,-7.73704171934261,"solar-geolocator","Apus melba","18CN","F65405","Switzerland Lausanne - Long term study on migratory movement of Alpine swifts (Apus melba)"
16890711508,true,2017-02-19 07:28:11.000,-8.1921618204804,9.00000000000001,"stationary","non-breeding site",5.85000000000001,12.15,-8.2758620689655,-7.73704171934261,"solar-geolocator","Apus melba","18CN","F65405","Switzerland Lausanne - Long term study on migratory movement of Alpine swifts (Apus melba)"
16890711509,true,2017-02-19 20:11:48.000,-8.1921618204804,9.00000000000001,"stationary","non-breeding site",6.30000000000001,12.15,-8.2758620689655,-7.73704171934261,"solar-geolocator","Apus melba","18CN","F65405","Switzerland Lausanne - Long term study on migratory movement of Alpine swifts (Apus melba)"
16890711510,true,2017-02-20 07:26:11.000,-8.1921618204804,9.00000000000001,"stationary","non-breeding site",6.30000000000001,12.15,-8.2758620689655,-7.73704171934261,"solar-geolocator","Apus melba","18CN","F65405","Switzerland Lausanne - Long term study on migratory movement of Alpine swifts (Apus melba)"
16890711511,true,2017-02-20 20:09:48.000,-8.1921618204804,9.00000000000001,"stationary","non-breeding site",6.30000000000001,12.15,-8.2758620689655,-7.73704171934261,"solar-geolocator","Apus melba","18CN","F65405","Switzerland Lausanne - Long term study on migratory movement of Alpine swifts (Apus melba)"
16890711512,true,2017-02-21 07:28:11.000,-8.1921618204804,9.00000000000001,"stationary","non-breeding site",6.30000000000001,12.15,-8.2758620689655,-7.73704171934261,"solar-geolocator","Apus melba","18CN","F65405","Switzerland Lausanne - Long term study on migratory movement of Alpine swifts (Apus melba)"
16890711513,true,2017-02-21 20:09:48.000,-8.1921618204804,9.00000000000001,"stationary","non-breeding site",6.30000000000001,12.15,-8.2758620689655,-7.73704171934261,"solar-geolocator","Apus melba","18CN","F65405","Switzerland Lausanne - Long term study on migratory movement of Alpine swifts (Apus melba)"
16890711514,true,2017-02-22 07:28:11.000,-8.1921618204804,9.00000000000001,"stationary","non-breeding site",6.30000000000001,12.15,-8.2758620689655,-7.73704171934261,"solar-geolocator","Apus melba","18CN","F65405","Switzerland Lausanne - Long term study on migratory movement of Alpine swifts (Apus melba)"
16890711515,true,2017-02-22 20:01:48.000,-8.1921618204804,9.00000000000001,"stationary","non-breeding site",6.30000000000001,12.15,-8.2758620689655,-7.73704171934261,"solar-geolocator","Apus melba","18CN","F65405","Switzerland Lausanne - Long term study on migratory movement of Alpine swifts (Apus melba)"
16890711516,true,2017-02-23 07:30:11.000,-8.1921618204804,9.00000000000001,"stationary","non-breeding site",6.30000000000001,12.15,-8.2758620689655,-7.73704171934261,"solar-geolocator","Apus melba","18CN","F65405","Switzerland Lausanne - Long term study on migratory movement of Alpine swifts (Apus melba)"
16890711517,true,2017-02-23 20:03:48.000,-8.1921618204804,9.00000000000001,"stationary","non-breeding site",6.30000000000001,12.6,-8.2758620689655,-7.73704171934261,"solar-geolocator","Apus melba","18CN","F65405","Switzerland Lausanne - Long term study on migratory movement of Alpine swifts (Apus melba)"
16890711518,true,2017-02-24 07:24:11.000,-8.1921618204804,9.00000000000001,"stationary","non-breeding site",6.30000000000001,12.6,-8.2758620689655,-7.73704171934261,"solar-geolocator","Apus melba","18CN","F65405","Switzerland Lausanne - Long term study on migratory movement of Alpine swifts (Apus melba)"
16890711519,true,2017-02-24 19:59:48.000,-8.1921618204804,9.00000000000001,"stationary","non-breeding site",6.30000000000001,12.6,-8.2758620689655,-7.73704171934261,"solar-geolocator","Apus melba","18CN","F65405","Switzerland Lausanne - Long term study on migratory movement of Alpine swifts (Apus melba)"
16890711520,true,2017-02-25 07:28:11.000,-8.1921618204804,9.00000000000001,"stationary","non-breeding site",6.30000000000001,12.6,-8.2758620689655,-7.73704171934261,"solar-geolocator","Apus melba","18CN","F65405","Switzerland Lausanne - Long term study on migratory movement of Alpine swifts (Apus melba)"
16890711521,true,2017-02-25 20:01:48.000,-8.1921618204804,9.00000000000001,"stationary","non-breeding site",6.30000000000001,12.6,-8.2758620689655,-7.73704171934261,"solar-geolocator","Apus melba","18CN","F65405","Switzerland Lausanne - Long term study on migratory movement of Alpine swifts (Apus melba)"
16890711522,true,2017-02-26 07:28:11.000,-8.1921618204804,9.00000000000001,"stationary","non-breeding site",6.30000000000001,12.6,-8.2758620689655,-7.73704171934261,"solar-geolocator","Apus melba","18CN","F65405","Switzerland Lausanne - Long term study on migratory movement of Alpine swifts (Apus melba)"
16890711523,true,2017-02-26 19:55:48.000,-8.1921618204804,9.00000000000001,"stationary","non-breeding site",6.30000000000001,12.6,-8.2758620689655,-7.73704171934261,"solar-geolocator","Apus melba","18CN","F65405","Switzerland Lausanne - Long term study on migratory movement of Alpine swifts (Apus melba)"
16890711524,true,2017-02-27 07:24:11.000,-8.1921618204804,9.00000000000001,"stationary","non-breeding site",6.30000000000001,12.6,-8.2758620689655,-7.73704171934261,"solar-geolocator","Apus melba","18CN","F65405","Switzerland Lausanne - Long term study on migratory movement of Alpine swifts (Apus melba)"
16890711525,true,2017-02-27 20:01:48.000,-8.1921618204804,9.00000000000001,"stationary","non-breeding site",6.30000000000001,12.6,-8.2758620689655,-7.73704171934261,"solar-geolocator","Apus melba","18CN","F65405","Switzerland Lausanne - Long term study on migratory movement of Alpine swifts (Apus melba)"
16890711526,true,2017-02-28 07:20:11.000,-8.1921618204804,9.00000000000001,"stationary","non-breeding site",6.30000000000001,12.6,-8.2758620689655,-7.73704171934261,"solar-geolocator","Apus melba","18CN","F65405","Switzerland Lausanne - Long term study on migratory movement of Alpine swifts (Apus melba)"
16890711527,true,2017-02-28 20:01:48.000,-8.1921618204804,9.00000000000001,"stationary","non-breeding site",6.30000000000001,12.6,-8.2758620689655,-7.73704171934261,"solar-geolocator","Apus melba","18CN","F65405","Switzerland Lausanne - Long term study on migratory movement of Alpine swifts (Apus melba)"
16890711528,true,2017-03-01 07:22:11.000,-8.1921618204804,9.00000000000001,"stationary","non-breeding site",6.30000000000001,12.6,-8.2758620689655,-7.73704171934261,"solar-geolocator","Apus melba","18CN","F65405","Switzerland Lausanne - Long term study on migratory movement of Alpine swifts (Apus melba)"
16890711529,true,2017-03-01 20:07:48.000,-8.1921618204804,9.00000000000001,"stationary","non-breeding site",6.30000000000001,12.6,-8.2758620689655,-7.73704171934261,"solar-geolocator","Apus melba","18CN","F65405","Switzerland Lausanne - Long term study on migratory movement of Alpine swifts (Apus melba)"
16890711530,true,2017-03-02 07:20:11.000,-8.1921618204804,9.00000000000001,"stationary","non-breeding site",6.30000000000001,12.6,-8.2758620689655,-7.73704171934261,"solar-geolocator","Apus melba","18CN","F65405","Switzerland Lausanne - Long term study on migratory movement of Alpine swifts (Apus melba)"
16890711531,true,2017-03-02 20:01:48.000,-8.1921618204804,9.00000000000001,"stationary","non-breeding site",6.30000000000001,12.6,-8.2758620689655,-7.73704171934261,"solar-geolocator","Apus melba","18CN","F65405","Switzerland Lausanne - Long term study on migratory movement of Alpine swifts (Apus melba)"
16890711532,true,2017-03-03 07:22:11.000,-8.1921618204804,9.00000000000001,"stationary","non-breeding site",6.30000000000001,12.6,-8.2758620689655,-7.73704171934261,"solar-geolocator","Apus melba","18CN","F65405","Switzerland Lausanne - Long term study on migratory movement of Alpine swifts (Apus melba)"
16890711533,true,2017-03-03 20:09:48.000,-8.1921618204804,9.00000000000001,"stationary","non-breeding site",6.30000000000001,12.6,-8.2758620689655,-7.73704171934261,"solar-geolocator","Apus melba","18CN","F65405","Switzerland Lausanne - Long term study on migratory movement of Alpine swifts (Apus melba)"
16890711534,true,2017-03-04 07:22:11.000,-8.1921618204804,9.00000000000001,"stationary","non-breeding site",6.30000000000001,12.6,-8.2758620689655,-7.73704171934261,"solar-geolocator","Apus melba","18CN","F65405","Switzerland Lausanne - Long term study on migratory movement of Alpine swifts (Apus melba)"
16890711535,true,2017-03-04 20:03:48.000,-8.1921618204804,9.00000000000001,"stationary","non-breeding site",6.30000000000001,12.6,-8.2758620689655,-7.73704171934261,"solar-geolocator","Apus melba","18CN","F65405","Switzerland Lausanne - Long term study on migratory movement of Alpine swifts (Apus melba)"
16890711536,true,2017-03-05 07:22:11.000,-8.1921618204804,9.00000000000001,"stationary","non-breeding site",6.30000000000001,12.6,-8.2758620689655,-7.73704171934261,"solar-geolocator","Apus melba","18CN","F65405","Switzerland Lausanne - Long term study on migratory movement of Alpine swifts (Apus melba)"
16890711537,true,2017-03-05 20:07:48.000,-8.1921618204804,9.00000000000001,"stationary","non-breeding site",6.30000000000001,12.6,-8.2758620689655,-7.73704171934261,"solar-geolocator","Apus melba","18CN","F65405","Switzerland Lausanne - Long term study on migratory movement of Alpine swifts (Apus melba)"
16890711538,true,2017-03-06 07:16:11.000,-8.1921618204804,9.00000000000001,"stationary","non-breeding site",6.30000000000001,12.6,-8.2758620689655,-7.73704171934261,"solar-geolocator","Apus melba","18CN","F65405","Switzerland Lausanne - Long term study on migratory movement of Alpine swifts (Apus melba)"
16890711539,true,2017-03-06 20:05:48.000,-8.1921618204804,9.00000000000001,"stationary","non-breeding site",6.30000000000001,12.6,-8.2758620689655,-7.73704171934261,"solar-geolocator","Apus melba","18CN","F65405","Switzerland Lausanne - Long term study on migratory movement of Alpine swifts (Apus melba)"
16890711540,true,2017-03-07 07:24:11.000,-8.1921618204804,9.00000000000001,"stationary","non-breeding site",6.30000000000001,12.6,-8.2758620689655,-7.73704171934261,"solar-geolocator","Apus melba","18CN","F65405","Switzerland Lausanne - Long term study on migratory movement of Alpine swifts (Apus melba)"
16890711541,true,2017-03-07 20:01:48.000,-8.1921618204804,9.00000000000001,"stationary","non-breeding site",6.30000000000001,12.6,-8.2758620689655,-7.73704171934261,"solar-geolocator","Apus melba","18CN","F65405","Switzerland Lausanne - Long term study on migratory movement of Alpine swifts (Apus melba)"
16890711542,true,2017-03-08 07:18:11.000,-8.1921618204804,9.00000000000001,"stationary","non-breeding site",6.30000000000001,12.6,-8.2758620689655,-7.73704171934261,"solar-geolocator","Apus melba","18CN","F65405","Switzerland Lausanne - Long term study on migratory movement of Alpine swifts (Apus melba)"
16890711543,true,2017-03-08 20:03:48.000,-8.1921618204804,9.00000000000001,"stationary","non-breeding site",6.30000000000001,12.6,-8.2758620689655,-7.73704171934261,"solar-geolocator","Apus melba","18CN","F65405","Switzerland Lausanne - Long term study on migratory movement of Alpine swifts (Apus melba)"
16890711544,true,2017-03-09 07:18:11.000,-8.1921618204804,9.00000000000001,"stationary","non-breeding site",6.30000000000001,12.6,-8.2758620689655,-7.73704171934261,"solar-geolocator","Apus melba","18CN","F65405","Switzerland Lausanne - Long term study on migratory movement of Alpine swifts (Apus melba)"
16890711545,true,2017-03-09 20:05:48.000,-8.1921618204804,9.00000000000001,"stationary","non-breeding site",6.30000000000001,12.6,-8.2758620689655,-7.73704171934261,"solar-geolocator","Apus melba","18CN","F65405","Switzerland Lausanne - Long term study on migratory movement of Alpine swifts (Apus melba)"
16890711546,true,2017-03-10 07:16:11.000,-8.1921618204804,9.00000000000001,"stationary","non-breeding site",6.30000000000001,13.05,-8.2758620689655,-7.73704171934261,"solar-geolocator","Apus melba","18CN","F65405","Switzerland Lausanne - Long term study on migratory movement of Alpine swifts (Apus melba)"
16890711547,true,2017-03-10 20:09:48.000,-8.1921618204804,9.00000000000001,"stationary","non-breeding site",6.30000000000001,13.05,-8.2758620689655,-7.73704171934261,"solar-geolocator","Apus melba","18CN","F65405","Switzerland Lausanne - Long term study on migratory movement of Alpine swifts (Apus melba)"
16890711548,true,2017-03-11 07:20:11.000,-8.1921618204804,9.00000000000001,"stationary","non-breeding site",6.30000000000001,13.95,-8.2758620689655,-7.73704171934261,"solar-geolocator","Apus melba","18CN","F65405","Switzerland Lausanne - Long term study on migratory movement of Alpine swifts (Apus melba)"
16890711549,true,2017-03-11 20:03:48.000,-8.1921618204804,9.00000000000001,"stationary","non-breeding site",6.30000000000001,13.95,-8.2758620689655,-7.73704171934261,"solar-geolocator","Apus melba","18CN","F65405","Switzerland Lausanne - Long term study on migratory movement of Alpine swifts (Apus melba)"
16890711550,true,2017-03-12 07:16:11.000,-8.1921618204804,9.00000000000001,"stationary","non-breeding site",6.30000000000001,14.85,-8.2758620689655,-7.73704171934261,"solar-geolocator","Apus melba","18CN","F65405","Switzerland Lausanne - Long term study on migratory movement of Alpine swifts (Apus melba)"
16890711551,true,2017-03-12 20:01:48.000,-8.1921618204804,9.00000000000001,"stationary","non-breeding site",6.30000000000001,14.85,-8.2758620689655,-7.73704171934261,"solar-geolocator","Apus melba","18CN","F65405","Switzerland Lausanne - Long term study on migratory movement of Alpine swifts (Apus melba)"
16890711552,true,2017-03-13 07:18:11.000,-8.1921618204804,9.00000000000001,"stationary","non-breeding site",6.30000000000001,14.85,-8.2758620689655,-7.73704171934261,"solar-geolocator","Apus melba","18CN","F65405","Switzerland Lausanne - Long term study on migratory movement of Alpine swifts (Apus melba)"
16890711553,true,2017-03-13 20:05:48.000,-8.1921618204804,9.00000000000001,"stationary","non-breeding site",6.30000000000001,14.85,-8.2758620689655,-7.73704171934261,"solar-geolocator","Apus melba","18CN","F65405","Switzerland Lausanne - Long term study on migratory movement of Alpine swifts (Apus melba)"
16890711554,true,2017-03-14 07:20:11.000,-8.1921618204804,9.00000000000001,"stationary","non-breeding site",6.30000000000001,14.85,-8.2758620689655,-7.73704171934261,"solar-geolocator","Apus melba","18CN","F65405","Switzerland Lausanne - Long term study on migratory movement of Alpine swifts (Apus melba)"
16890711555,true,2017-03-14 19:51:48.000,-8.1921618204804,9.00000000000001,"stationary","non-breeding site",6.30000000000001,14.85,-8.2758620689655,-7.73704171934261,"solar-geolocator","Apus melba","18CN","F65405","Switzerland Lausanne - Long term study on migratory movement of Alpine swifts (Apus melba)"
16890711556,true,2017-03-15 07:20:11.000,-8.1921618204804,9.00000000000001,"stationary","non-breeding site",6.30000000000001,14.85,-8.2758620689655,-7.73704171934261,"solar-geolocator","Apus melba","18CN","F65405","Switzerland Lausanne - Long term study on migratory movement of Alpine swifts (Apus melba)"
16890711557,true,2017-03-15 20:09:48.000,-8.1921618204804,9.00000000000001,"stationary","non-breeding site",6.30000000000001,14.85,-8.2758620689655,-7.73704171934261,"solar-geolocator","Apus melba","18CN","F65405","Switzerland Lausanne - Long term study on migratory movement of Alpine swifts (Apus melba)"
16890711558,true,2017-03-16 07:26:11.000,-8.1921618204804,9.00000000000001,"stationary","non-breeding site",6.30000000000001,14.85,-8.2758620689655,-7.73704171934261,"solar-geolocator","Apus melba","18CN","F65405","Switzerland Lausanne - Long term study on migratory movement of Alpine swifts (Apus melba)"
16890711559,true,2017-03-16 20:03:48.000,-8.1921618204804,9.00000000000001,"stationary","non-breeding site",6.30000000000001,14.85,-8.2758620689655,-7.73704171934261,"solar-geolocator","Apus melba","18CN","F65405","Switzerland Lausanne - Long term study on migratory movement of Alpine swifts (Apus melba)"
16890711560,true,2017-03-17 07:20:11.000,-8.1921618204804,9.00000000000001,"stationary","non-breeding site",5.85000000000001,14.85,-8.28644501278774,-7.73704171934261,"solar-geolocator","Apus melba","18CN","F65405","Switzerland Lausanne - Long term study on migratory movement of Alpine swifts (Apus melba)"
16890711561,true,2017-03-17 20:07:48.000,-8.1921618204804,9.00000000000001,"stationary","non-breeding site",5.85000000000001,14.85,-8.28644501278774,-7.73704171934261,"solar-geolocator","Apus melba","18CN","F65405","Switzerland Lausanne - Long term study on migratory movement of Alpine swifts (Apus melba)"
16890711562,true,2017-03-18 07:16:11.000,-8.1921618204804,9.00000000000001,"stationary","non-breeding site",5.85000000000001,14.85,-8.28644501278774,-7.73704171934261,"solar-geolocator","Apus melba","18CN","F65405","Switzerland Lausanne - Long term study on migratory movement of Alpine swifts (Apus melba)"
16890711563,true,2017-03-18 20:01:48.000,-8.1921618204804,9.00000000000001,"stationary","non-breeding site",5.85000000000001,14.85,-8.28644501278774,-7.70780856423175,"solar-geolocator","Apus melba","18CN","F65405","Switzerland Lausanne - Long term study on migratory movement of Alpine swifts (Apus melba)"
16890711564,true,2017-03-19 07:22:11.000,-8.1921618204804,9.00000000000001,"stationary","non-breeding site",5.85000000000001,15.3,-8.29705505761846,-7.70780856423175,"solar-geolocator","Apus melba","18CN","F65405","Switzerland Lausanne - Long term study on migratory movement of Alpine swifts (Apus melba)"
16890711565,true,2017-03-19 20:05:48.000,-8.1921618204804,9.00000000000001,"stationary","non-breeding site",5.85000000000001,15.3,-8.29705505761846,-7.66917293233083,"solar-geolocator","Apus melba","18CN","F65405","Switzerland Lausanne - Long term study on migratory movement of Alpine swifts (Apus melba)"
16890711566,true,2017-03-20 07:24:11.000,-8.1921618204804,9.00000000000001,"stationary","non-breeding site",5.85000000000001,15.3,-8.29705505761846,-7.66917293233083,"solar-geolocator","Apus melba","18CN","F65405","Switzerland Lausanne - Long term study on migratory movement of Alpine swifts (Apus melba)"
16890711567,true,2017-03-20 19:57:48.000,-8.1921618204804,9.00000000000001,"stationary","non-breeding site",3.60000000000001,16.65,-8.2758620689655,-6.7584480600751,"solar-geolocator","Apus melba","18CN","F65405","Switzerland Lausanne - Long term study on migratory movement of Alpine swifts (Apus melba)"
16890711568,true,2017-03-21 07:14:11.000,-8.1921618204804,9.00000000000001,"stationary","non-breeding site",2.7,17.1,-8.2758620689655,-6.67549668874175,"solar-geolocator","Apus melba","18CN","F65405","Switzerland Lausanne - Long term study on migratory movement of Alpine swifts (Apus melba)"
16890711570,true,2017-03-21 19:53:48.000,-8.18181818181819,9.00000000000001,"stationary","non-breeding site",1.8,17.1,-8.2758620689655,-6.57963446475195,"solar-geolocator","Apus melba","18CN","F65405","Switzerland Lausanne - Long term study on migratory movement of Alpine swifts (Apus melba)"
16890711571,true,2017-03-22 07:14:11.000,-8.18181818181819,9.00000000000001,"stationary","non-breeding site",1.8,17.1,-8.2758620689655,-6.57963446475195,"solar-geolocator","Apus melba","18CN","F65405","Switzerland Lausanne - Long term study on migratory movement of Alpine swifts (Apus melba)"
16890711572,true,2017-03-22 19:59:48.000,-8.18181818181819,9.00000000000001,"stationary","non-breeding site",1.8,17.55,-8.28644501278774,-6.67549668874175,"solar-geolocator","Apus melba","18CN","F65405","Switzerland Lausanne - Long term study on migratory movement of Alpine swifts (Apus melba)"
16890711569,true,2017-03-23 07:18:11.000,-8.1921618204804,9.00000000000001,"movement","migration",1.8,17.55,-11.7884130982368,-6.7584480600751,"solar-geolocator","Apus melba","18CN","F65405","Switzerland Lausanne - Long term study on migratory movement of Alpine swifts (Apus melba)"
16890710879,true,2017-03-23 20:13:49.000,-11.4649681528663,9.00000000000001,"movement","migration",1.35000000000001,18.0,-12.3664122137405,-8.16120906801012,"solar-geolocator","Apus melba","18CN","F65405","Switzerland Lausanne - Long term study on migratory movement of Alpine swifts (Apus melba)"
16890710867,true,2017-03-24 07:30:11.000,-11.6129032258065,9.00000000000001,"movement","migration",1.35000000000001,18.0,-12.4455825864277,-10.7115135834411,"solar-geolocator","Apus melba","18CN","F65405","Switzerland Lausanne - Long term study on migratory movement of Alpine swifts (Apus melba)"
16890710868,true,2017-03-24 20:19:48.000,-11.6129032258065,9.00000000000001,"stationary","migration",1.35000000000001,18.0,-12.4455825864277,-10.8,"solar-geolocator","Apus melba","18CN","F65405","Switzerland Lausanne - Long term study on migratory movement of Alpine swifts (Apus melba)"
16890710869,true,2017-03-25 07:36:10.000,-11.6129032258065,9.00000000000001,"stationary","migration",1.35000000000001,17.55,-12.4296675191816,-10.7532467532468,"solar-geolocator","Apus melba","18CN","F65405","Switzerland Lausanne - Long term study on migratory movement of Alpine swifts (Apus melba)"
16890710870,true,2017-03-25 20:15:48.000,-11.6129032258065,9.00000000000001,"stationary","migration",1.35000000000001,17.55,-12.4296675191816,-10.7532467532468,"solar-geolocator","Apus melba","18CN","F65405","Switzerland Lausanne - Long term study on migratory movement of Alpine swifts (Apus melba)"
16890710871,true,2017-03-26 08:30:11.000,-11.6129032258065,9.00000000000001,"stationary","migration",1.35000000000001,17.55,-12.4137931034483,-10.7532467532468,"solar-geolocator","Apus melba","18CN","F65405","Switzerland Lausanne - Long term study on migratory movement of Alpine swifts (Apus melba)"
16890710872,true,2017-03-26 21:15:48.000,-11.6129032258065,9.00000000000001,"stationary","migration",1.35000000000001,17.55,-12.3664122137405,-10.7253886010363,"solar-geolocator","Apus melba","18CN","F65405","Switzerland Lausanne - Long term study on migratory movement of Alpine swifts (Apus melba)"
16890710873,true,2017-03-27 08:24:11.000,-11.5979381443299,9.00000000000001,"stationary","migration",1.35000000000001,17.55,-12.3664122137405,-10.7115135834411,"solar-geolocator","Apus melba","18CN","F65405","Switzerland Lausanne - Long term study on migratory movement of Alpine swifts (Apus melba)"
16890710874,true,2017-03-27 21:11:48.000,-11.5979381443299,9.00000000000001,"stationary","migration",1.35000000000001,18.0,-12.3320158102767,-10.7115135834411,"solar-geolocator","Apus melba","18CN","F65405","Switzerland Lausanne - Long term study on migratory movement of Alpine swifts (Apus melba)"
16890710875,true,2017-03-28 08:26:11.000,-11.5979381443299,9.00000000000001,"stationary","migration",1.35000000000001,18.0,-12.3320158102767,-10.7115135834411,"solar-geolocator","Apus melba","18CN","F65405","Switzerland Lausanne - Long term study on migratory movement of Alpine swifts (Apus melba)"
16890710876,true,2017-03-28 21:15:48.000,-11.5979381443299,9.44999999999999,"stationary","migration",1.35000000000001,18.0,-12.3320158102767,-10.7115135834411,"solar-geolocator","Apus melba","18CN","F65405","Switzerland Lausanne - Long term study on migratory movement of Alpine swifts (Apus melba)"
16890710877,true,2017-03-29 08:24:11.000,-11.5979381443299,9.44999999999999,"stationary","migration",1.35000000000001,19.35,-12.2572509457755,-10.7115135834411,"solar-geolocator","Apus melba","18CN","F65405","Switzerland Lausanne - Long term study on migratory movement of Alpine swifts (Apus melba)"
16890710878,true,2017-03-29 21:27:48.000,-11.5236875800257,9.90000000000001,"stationary","migration",1.35000000000001,25.65,-12.2727272727273,-8.58345021037872,"solar-geolocator","Apus melba","18CN","F65405","Switzerland Lausanne - Long term study on migratory movement of Alpine swifts (Apus melba)"
16890711214,true,2017-03-30 08:08:11.000,-8.98817345597902,18.0,"movement","migration",4.05000000000001,26.55,-11.9846350832266,-7.01298701298701,"solar-geolocator","Apus melba","18CN","F65405","Switzerland Lausanne - Long term study on migratory movement of Alpine swifts (Apus melba)"
16890711573,true,2017-03-30 21:13:48.000,-7.95580110497239,20.7,"movement","migration",6.75,31.5,-11.4068441064639,-5.55399719495093,"solar-geolocator","Apus melba","18CN","F65405","Switzerland Lausanne - Long term study on migratory movement of Alpine swifts (Apus melba)"
16890711574,true,2017-03-31 07:58:11.000,-7.8688524590164,21.6,"stationary","migration",9.90000000000001,31.5,-9.80926430517713,-5.40983606557377,"solar-geolocator","Apus melba","18CN","F65405","Switzerland Lausanne - Long term study on migratory movement of Alpine swifts (Apus melba)"
16890711575,true,2017-03-31 21:09:48.000,-7.81546811397559,21.6,"stationary","migration",9.90000000000001,33.75,-9.67741935483873,-4.90463215258857,"solar-geolocator","Apus melba","18CN","F65405","Switzerland Lausanne - Long term study on migratory movement of Alpine swifts (Apus melba)"
16890711591,true,2017-04-01 07:32:11.000,-2.37780713342139,27.45,"movement","migration",18.0,37.35,-8.58345021037872,0.515759312320917,"solar-geolocator","Apus melba","18CN","F65405","Switzerland Lausanne - Long term study on migratory movement of Alpine swifts (Apus melba)"
16890711600,true,2017-04-01 20:53:48.000,0.001,31.5,"movement","migration",20.7,38.7,-4.2043795620438,2.13333333333333,"solar-geolocator","Apus melba","18CN","F65405","Switzerland Lausanne - Long term study on migratory movement of Alpine swifts (Apus melba)"
16890711601,true,2017-04-02 07:16:11.000,0.001,32.4,"movement","migration",24.75,39.15,-2.11143695014666,2.69058295964126,"solar-geolocator","Apus melba","18CN","F65405","Switzerland Lausanne - Long term study on migratory movement of Alpine swifts (Apus melba)"
16890711602,true,2017-04-02 20:47:48.000,0.53019145802651,32.85,"stationary","migration",25.2,39.6,-1.63141993957707,3.22869955156951,"solar-geolocator","Apus melba","18CN","F65405","Switzerland Lausanne - Long term study on migratory movement of Alpine swifts (Apus melba)"
16890711603,true,2017-04-03 07:14:11.000,0.538116591928251,33.3,"stationary","migration",25.2,39.6,-1.65898617511521,3.52941176470588,"solar-geolocator","Apus melba","18CN","F65405","Switzerland Lausanne - Long term study on migratory movement of Alpine swifts (Apus melba)"
16890711604,true,2017-04-03 20:35:48.000,2.63929618768329,37.35,"movement","migration",26.55,45.0,-1.02272727272729,6.74616695059625,"solar-geolocator","Apus melba","18CN","F65405","Switzerland Lausanne - Long term study on migratory movement of Alpine swifts (Apus melba)"
16890711605,true,2017-04-04 06:54:11.000,4.42105263157895,39.15,"movement","migration",31.5,45.45,0.541353383458647,7.40994854202401,"solar-geolocator","Apus melba","18CN","F65405","Switzerland Lausanne - Long term study on migratory movement of Alpine swifts (Apus melba)"
16890711606,true,2017-04-04 20:35:48.000,4.86486486486487,40.05,"movement","migration",33.3,47.25,1.09923664122137,9.87993138936535,"solar-geolocator","Apus melba","18CN","F65405","Switzerland Lausanne - Long term study on migratory movement of Alpine swifts (Apus melba)"
